version,core,style,seed,years,life,shortages,sales,sold,expenses,tax,total,goal,bankrupt,cashRatio
before,allWorld,cash,0,20,2,0,0,0,135000,0,2029214,false,false,0.4303350730934593
before,allWorld,cash,1,20,1,0,0,0,81000,0,2097871,false,false,0.44105996497656186
before,allWorld,cash,2,20,1,0,0,0,99000,0,2024040,false,false,0.4255154894477702
before,allWorld,cash,3,20,2,0,0,0,99000,0,1664407,false,false,0.4406273107084406
before,allWorld,cash,4,20,1,0,0,0,70000,0,1730065,false,false,0.44810476983467706
before,allWorld,cash,5,20,1,0,0,0,90000,0,1708666,false,false,0.4353968039585149
before,allWorld,cash,6,20,3,0,0,0,200500,0,1406021,false,false,0.42784990934813727
before,allWorld,cash,7,20,3,0,0,0,184500,0,1249069,false,false,0.4740622743529947
before,allWorld,cash,8,20,1,0,0,0,63000,0,1468657,false,false,0.47187945211187277
before,allWorld,cash,9,20,2,0,0,0,139500,0,1690578,false,false,0.44692204095487814
before,allWorld,cash,10,20,2,0,0,0,160000,0,1585928,false,false,0.45107848249984056
before,allWorld,cash,11,20,2,0,0,0,110000,0,1239057,false,false,0.45725550982018887
before,allWorld,cash,12,20,2,0,0,0,150500,0,1215061,false,false,0.46694885741059133
before,allWorld,cash,13,20,2,0,0,0,90500,0,2341196,false,false,0.4399829742804348
before,allWorld,cash,14,20,0,0,0,0,0,0,1584925,false,false,0.48238974444879884
before,allWorld,cash,15,20,1,0,0,0,99000,0,1556653,false,false,0.4912525464033431
before,allWorld,cash,16,20,2,0,0,0,94500,0,1561854,false,false,0.467926736419295
before,allWorld,cash,17,20,2,0,0,0,126000,0,2054104,false,false,0.4346399084619863
before,allWorld,cash,18,20,4,0,0,0,234500,0,1742776,false,false,0.42780941060860067
before,allWorld,cash,19,20,2,0,0,0,99000,0,2237901,false,false,0.4443394777524956
before,allWorld,cash,20,20,2,0,0,0,160000,0,1292248,false,false,0.4272096803578586
before,allWorld,cash,21,20,3,0,0,0,155000,0,1908143,false,false,0.4450576664165641
before,allWorld,cash,22,20,4,0,0,0,248000,0,1079711,false,false,0.44455157300328424
before,allWorld,cash,23,20,1,0,0,0,40500,0,1672357,false,false,0.4300915565563243
before,allWorld,cash,24,20,3,0,0,0,144000,0,1796694,false,false,0.4175368648363157
before,allWorld,cash,25,20,1,0,0,0,50000,0,1673491,false,false,0.4900192809515266
before,allWorld,cash,26,20,0,0,0,0,0,0,1433510,false,false,0.44942416924145157
before,allWorld,cash,27,20,1,0,0,0,90000,0,1225963,false,false,0.48160092525113374
before,allWorld,cash,28,20,2,0,0,0,169000,0,1089591,false,false,0.45911189706266614
before,allWorld,cash,29,20,1,0,0,0,63000,0,1780201,false,false,0.45856531365390774
before,allWorld,cash,30,20,1,0,0,0,81000,0,1845463,false,false,0.4445760647424149
before,allWorld,cash,31,20,1,0,0,0,90000,0,1701624,false,false,0.4284886014237636
before,allWorld,cash,32,20,4,0,0,0,252500,0,1253773,false,false,0.47974691601167424
before,allWorld,cash,33,20,0,0,0,0,0,0,1464000,false,false,0.4609829190461029
before,allWorld,cash,34,20,1,0,0,0,81000,0,1706232,false,false,0.418127209555358
before,allWorld,cash,35,20,2,0,0,0,135000,0,1681501,false,false,0.4320755225959029
before,allWorld,cash,36,20,1,0,0,0,90000,0,1788019,false,false,0.45205039939765734
before,allWorld,cash,37,20,1,0,0,0,45000,0,1416894,false,false,0.43172675148942313
before,allWorld,cash,38,20,3,0,0,0,157500,0,1466717,false,false,0.4695414060671223
before,allWorld,cash,39,20,2,0,0,0,135000,0,1137463,false,false,0.4857903514224902
before,allWorld,cash,40,20,1,0,0,0,40500,0,1709274,false,false,0.4689208891422679
before,allWorld,cash,41,20,2,0,0,0,173000,0,1468506,false,false,0.4698444644552226
before,allWorld,cash,42,20,2,0,0,0,105000,0,1508005,false,false,0.4484299125457773
before,allWorld,cash,43,20,3,0,0,0,204000,0,1466456,false,false,0.46805619258308456
before,allWorld,cash,44,20,2,0,0,0,164000,0,2077341,false,false,0.4489467532651844
before,allWorld,cash,45,20,3,0,0,0,220500,0,735062,false,false,0.48876422514581525
before,allWorld,cash,46,20,2,0,0,0,124000,0,1026028,false,false,0.5135795514842971
before,allWorld,cash,47,20,1,0,0,0,54000,0,1584339,false,false,0.46125042296972046
before,allWorld,cash,48,20,2,0,0,0,126000,0,1300814,false,false,0.48295887596329584
before,allWorld,cash,49,20,3,0,0,0,166500,0,1082452,false,false,0.5124891936558583
before,allWorld,cash,50,20,2,0,0,0,105000,0,1737027,false,false,0.4249188008618421
before,allWorld,cash,51,20,0,0,0,0,0,0,1989412,false,false,0.4151993487964334
before,allWorld,cash,52,20,1,0,0,0,50000,0,1449693,false,false,0.43475840811825145
before,allWorld,cash,53,20,2,0,0,0,164000,0,1502575,false,false,0.47176290115738234
before,allWorld,cash,54,20,2,0,0,0,150000,0,1890021,false,false,0.4317121773298015
before,allWorld,cash,55,20,3,0,0,0,145500,0,1031844,false,false,0.4412352762387005
before,allWorld,cash,56,20,1,0,0,0,63000,0,1961365,false,false,0.4290730498962742
before,allWorld,cash,57,20,0,0,0,0,0,0,1329369,false,false,0.524600768852719
before,allWorld,cash,58,20,3,0,0,0,215000,0,1315564,false,false,0.4473563070730765
before,allWorld,cash,59,20,2,0,0,0,105000,0,1866925,false,false,0.4490420547855315
before,allWorld,cash,60,20,4,0,0,0,314000,0,2271357,false,false,0.4366093214278742
before,allWorld,cash,61,20,4,0,0,0,290500,0,1809989,false,false,0.4313898660938197
before,allWorld,cash,62,20,0,0,0,0,0,0,1647665,false,false,0.44878667960590884
before,allWorld,cash,63,20,1,0,0,0,54000,0,1342059,false,false,0.46272450294721496
before,allWorld,cash,64,20,2,0,0,0,135000,0,2643179,false,false,0.4219277276265303
before,allWorld,cash,65,20,3,0,0,0,195000,0,1771248,false,false,0.43917078324399156
before,allWorld,cash,66,20,1,0,0,0,45000,0,1615715,false,false,0.45726328285642337
before,allWorld,cash,67,20,2,0,0,0,155000,0,849335,false,false,0.5327459179707422
before,allWorld,cash,68,20,1,0,0,0,70000,0,2432710,false,false,0.4264846439764828
before,allWorld,cash,69,20,3,0,0,0,162000,0,1927291,false,false,0.4080814999566601
before,allWorld,cash,70,20,1,0,0,0,70000,0,1683497,false,false,0.45236325498345265
before,allWorld,cash,71,20,4,0,0,0,209500,0,1287812,false,false,0.45457246522899586
before,allWorld,cash,72,20,3,0,0,0,167000,0,2229966,false,false,0.4349439939256454
before,allWorld,cash,73,20,2,0,0,0,95000,0,1396007,false,false,0.4591610566686679
before,allWorld,cash,74,20,3,0,0,0,205000,0,938059,false,false,0.48710587871454863
before,allWorld,cash,75,20,1,0,0,0,40500,0,1567843,false,false,0.45083508030500175
before,allWorld,cash,76,20,2,0,0,0,189000,0,1509907,false,false,0.4570325109223855
before,allWorld,cash,77,20,2,0,0,0,151000,0,1640740,false,false,0.47462662284351886
before,allWorld,cash,78,20,0,0,0,0,0,0,2399676,false,false,0.4738524918454898
before,allWorld,cash,79,20,2,0,0,0,139500,0,979076,false,false,0.5435498906042749
before,allWorld,cash,80,20,2,0,0,0,180000,0,1223724,false,false,0.49061789743524586
before,allWorld,cash,81,20,3,0,0,0,203000,0,2152780,false,false,0.432252600025212
before,allWorld,cash,82,20,3,0,0,0,144500,0,1510546,false,false,0.4413035146983918
before,allWorld,cash,83,20,2,0,0,0,162000,0,1868613,false,false,0.44592583941582176
before,allWorld,cash,84,20,1,0,0,0,60000,0,2406036,false,false,0.42892093226417005
before,allWorld,cash,85,20,3,0,0,0,162000,0,1088733,false,false,0.44811346719192613
before,allWorld,cash,86,20,2,0,0,0,126000,0,1734887,false,false,0.4553900044549376
before,allWorld,cash,87,20,2,0,0,0,144000,0,1482663,false,false,0.4940874533496144
before,allWorld,cash,88,20,2,0,0,0,159000,0,2351717,false,false,0.4237183884598714
before,allWorld,cash,89,20,2,0,0,0,121500,0,1705985,false,false,0.42172169749928823
before,allWorld,cash,90,20,1,0,0,0,110000,0,1833278,false,false,0.4444382018615077
before,allWorld,cash,91,20,1,0,0,0,110000,0,1225591,false,false,0.5470078691378835
before,allWorld,cash,92,20,3,0,0,0,214000,0,1063755,false,false,0.4524911716506561
before,allWorld,cash,93,20,2,0,0,0,117000,0,1139982,false,false,0.5079378726301038
before,allWorld,cash,94,20,3,0,0,0,149000,0,1638563,false,false,0.462408046800305
before,allWorld,cash,95,20,0,0,0,0,0,0,2365987,false,false,0.4422552071506723
before,allWorld,cash,96,20,1,0,0,0,70000,0,1674866,false,false,0.462362376037788
before,allWorld,cash,97,20,2,0,0,0,140000,0,1945706,false,false,0.44361538882390894
before,allWorld,cash,98,20,1,0,0,0,70000,0,1506538,false,false,0.42114132534629434
before,allWorld,cash,99,20,2,0,0,0,173000,0,1307909,false,false,0.5219958555574786
before,allWorld,cash,100,20,3,0,0,0,250000,0,1811568,false,false,0.43314959143805326
before,allWorld,cash,101,20,2,0,0,0,155000,0,1937138,false,false,0.45090472112680346
before,allWorld,cash,102,20,3,0,0,0,193500,0,1554635,false,false,0.4807164032441077
before,allWorld,cash,103,20,3,0,0,0,169000,0,1028638,false,false,0.4816528499850419
before,allWorld,cash,104,20,3,0,0,0,209500,0,1660614,false,false,0.47441479267588627
before,allWorld,cash,105,20,3,0,0,0,231500,0,1606264,false,false,0.43746613185905875
before,allWorld,cash,106,20,2,0,0,0,126000,0,1342996,false,false,0.48663399798483387
before,allWorld,cash,107,20,2,0,0,0,135000,0,1499875,false,false,0.46800312604176486
before,allWorld,cash,108,20,1,0,0,0,70000,0,1941858,false,false,0.43251455787348736
before,allWorld,cash,109,20,2,0,0,0,123000,0,1905026,false,false,0.44838996256491565
before,allWorld,cash,110,20,1,0,0,0,70000,0,1971694,false,false,0.4197514400457421
before,allWorld,cash,111,20,2,0,0,0,149000,0,1789075,false,false,0.42749669103629967
before,allWorld,cash,112,20,1,0,0,0,40500,0,2119917,false,false,0.4215437352053703
before,allWorld,cash,113,20,2,0,0,0,105000,0,1087889,false,false,0.48117647690381943
before,allWorld,cash,114,20,2,0,0,0,169000,0,1962909,false,false,0.42921992557318533
before,allWorld,cash,115,20,1,0,0,0,40500,0,1614674,false,false,0.4893617178303236
before,allWorld,cash,116,20,1,0,0,0,54000,0,1529925,false,false,0.47715479041417375
before,allWorld,cash,117,20,1,0,0,0,70000,0,1428141,false,false,0.4566995807320925
before,allWorld,cash,118,20,3,0,0,0,214000,0,741649,false,false,0.5152042473402872
before,allWorld,cash,119,20,1,0,0,0,99000,0,2477401,false,false,0.4425106855810865
before,allWorld,cash,120,20,2,0,0,0,95000,0,1831448,false,false,0.4472208648363119
before,allWorld,cash,121,20,1,0,0,0,45000,0,1456902,false,false,0.510536658204036
before,allWorld,cash,122,20,3,0,0,0,243000,0,2235855,false,false,0.4325543016932135
before,allWorld,cash,123,20,1,0,0,0,70000,0,1270076,false,false,0.5198292277856854
before,allWorld,cash,124,20,1,0,0,0,63000,0,1352481,false,false,0.5382949485638855
before,allWorld,cash,125,20,1,0,0,0,54000,0,2275688,false,false,0.42425688102947073
before,allWorld,cash,126,20,1,0,0,0,99000,0,2048029,false,false,0.4429931322659401
before,allWorld,cash,127,20,0,0,0,0,0,0,2088629,false,false,0.413246448692261
before,allWorld,cash,128,20,2,0,0,0,170000,0,1204229,false,false,0.43228604977099155
before,allWorld,cash,129,20,1,0,0,0,45000,0,1001725,false,false,0.5268025522512687
before,allWorld,cash,130,20,1,0,0,0,50000,0,1693442,false,false,0.45552715806420246
before,allWorld,cash,131,20,2,0,0,0,124000,0,1109917,false,false,0.48263191921700094
before,allWorld,cash,132,20,2,0,0,0,121500,0,1080312,false,false,0.46680483459446426
before,allWorld,cash,133,20,1,0,0,0,110000,0,1686795,false,false,0.4577757108127648
before,allWorld,cash,134,20,1,0,0,0,110000,0,1514468,false,false,0.47166729625125353
before,allWorld,cash,135,20,1,0,0,0,54000,0,2041481,false,false,0.44675872127104344
before,allWorld,cash,136,20,4,0,0,0,304000,0,1560304,false,false,0.4445155335039578
before,allWorld,cash,137,20,3,0,0,0,216000,0,2065793,false,false,0.4497035263212827
before,allWorld,cash,138,20,1,0,0,0,45000,0,2606380,false,false,0.4211205583712568
before,allWorld,cash,139,20,1,0,0,0,40500,0,2261542,false,false,0.4281570629485697
before,allWorld,cash,140,20,2,0,0,0,170000,0,2677191,false,false,0.3953514934583409
before,allWorld,cash,141,20,4,0,0,0,274000,0,1190840,false,false,0.46331426753850397
before,allWorld,cash,142,20,2,0,0,0,104000,0,1240135,false,false,0.46930923929638463
before,allWorld,cash,143,20,1,0,0,0,40500,0,1457241,false,false,0.49149814501799627
before,allWorld,cash,144,20,4,0,0,0,255500,0,633871,false,false,0.44813248339918565
before,allWorld,cash,145,20,1,0,0,0,60000,0,2610857,false,false,0.43232278192275453
before,allWorld,cash,146,20,2,0,0,0,162000,0,1618589,false,false,0.4423641431858562
before,allWorld,cash,147,20,3,0,0,0,184500,0,1650463,false,false,0.456693728223561
before,allWorld,cash,148,20,3,0,0,0,218000,0,1235929,false,false,0.447582327398717
before,allWorld,cash,149,20,2,0,0,0,126000,0,1970126,false,false,0.43051335580904065
before,allWorld,cash,150,20,2,0,0,0,141000,0,1415911,false,false,0.44971635947404975
before,allWorld,cash,151,20,3,0,0,0,231500,0,1874248,false,false,0.43402681929474396
before,allWorld,cash,152,20,0,0,0,0,0,0,1264796,false,false,0.5539652440234318
before,allWorld,cash,153,20,1,0,0,0,54000,0,1676221,false,false,0.43202149506722
before,allWorld,cash,154,20,3,0,0,0,195000,0,3128253,true,false,0.40979869445910716
before,allWorld,cash,155,20,2,0,0,0,144000,0,1914816,false,false,0.4185311049631332
before,allWorld,cash,156,20,3,0,0,0,254000,0,2035115,false,false,0.41060235608172224
before,allWorld,cash,157,20,3,0,0,0,234000,0,1017704,false,false,0.47523000572706076
before,allWorld,cash,158,20,4,0,0,0,304000,0,1291557,false,false,0.40596094911412023
before,allWorld,cash,159,20,2,0,0,0,90500,0,1447826,false,false,0.5029957053783584
before,allWorld,cash,160,20,2,0,0,0,164000,0,1305964,false,false,0.45537633804931266
before,allWorld,cash,161,20,1,0,0,0,99000,0,1923245,false,false,0.4450312897998786
before,allWorld,cash,162,20,0,0,0,0,0,0,2255290,false,false,0.4694335910519524
before,allWorld,cash,163,20,0,0,0,0,0,0,3150357,true,false,0.43188318255669766
before,allWorld,cash,164,20,2,0,0,0,150500,0,1840723,false,false,0.42970614141414354
before,allWorld,cash,165,20,1,0,0,0,81000,0,1201175,false,false,0.4504910382560946
before,allWorld,cash,166,20,4,0,0,0,249000,0,949198,false,false,0.48136031410770236
before,allWorld,cash,167,20,2,0,0,0,126000,0,1108927,false,false,0.490884584981732
before,allWorld,cash,168,20,1,0,0,0,99000,0,2051765,false,false,0.45056825517903193
before,allWorld,cash,169,20,1,0,0,0,99000,0,1558464,false,false,0.4235238225602469
before,allWorld,cash,170,20,1,0,0,0,45000,0,1839872,false,false,0.4619438295889732
before,allWorld,cash,171,20,1,0,0,0,45000,0,2065705,false,false,0.4299857048112667
before,allWorld,cash,172,20,0,0,0,0,0,0,2400366,false,false,0.41943835186884765
before,allWorld,cash,173,20,1,0,0,0,40500,0,1435957,false,false,0.46856206026878133
before,allWorld,cash,174,20,3,0,0,0,175500,0,1389119,false,false,0.44315663195885324
before,allWorld,cash,175,20,2,0,0,0,115000,0,944273,false,false,0.4817096962686194
before,allWorld,cash,176,20,4,0,0,0,296000,0,1439315,false,false,0.43500465403845723
before,allWorld,cash,177,20,3,0,0,0,169000,0,1677293,false,false,0.49045002250401665
before,allWorld,cash,178,20,3,0,0,0,243000,0,981165,false,false,0.5029489817197582
before,allWorld,cash,179,20,3,0,0,0,181500,0,1316092,false,false,0.5149005162887721
before,allWorld,cash,180,20,2,0,0,0,99000,0,1831493,false,false,0.4468309942418284
before,allWorld,cash,181,20,3,0,0,0,214000,0,2145385,false,false,0.43821684682591105
before,allWorld,cash,182,20,1,0,0,0,63000,0,2377689,false,false,0.4135331497809144
before,allWorld,cash,183,20,3,0,0,0,200500,0,1629480,false,false,0.4516040515596783
before,allWorld,cash,184,20,4,0,0,0,295000,0,651470,false,false,0.5488561267371541
before,allWorld,cash,185,20,3,0,0,0,180000,0,2165399,false,false,0.4281980963665458
before,allWorld,cash,186,20,3,0,0,0,234000,0,1333464,false,false,0.4377876025623825
before,allWorld,cash,187,20,2,0,0,0,130000,0,1686687,false,false,0.46666947711766477
before,allWorld,cash,188,20,2,0,0,0,151000,0,1218350,false,false,0.4326080225826205
before,allWorld,cash,189,20,2,0,0,0,160000,0,1759424,false,false,0.4659663442774266
before,allWorld,cash,190,20,3,0,0,0,234000,0,1321273,false,false,0.4490234192496051
before,allWorld,cash,191,20,3,0,0,0,164500,0,1293190,false,false,0.4786627764390149
before,allWorld,cash,192,20,1,0,0,0,63000,0,1142122,false,false,0.4637220582359184
before,allWorld,cash,193,20,2,0,0,0,151000,0,1513304,false,false,0.4624728842548955
before,allWorld,cash,194,20,1,0,0,0,60000,0,1702390,false,false,0.44226931512579226
before,allWorld,cash,195,20,3,0,0,0,210500,0,1402031,false,false,0.48839276896335654
before,allWorld,cash,196,20,5,0,0,0,353500,0,1128882,false,false,0.43352234824292263
before,allWorld,cash,197,20,3,0,0,0,180000,0,2101058,false,false,0.41225314115767386
before,allWorld,cash,198,20,2,0,0,0,135000,0,782867,false,false,0.6050948844851007
before,allWorld,cash,199,20,3,0,0,0,220000,0,1264459,false,false,0.44864393079707704
before,allWorld,cash,200,20,3,0,0,0,175500,0,1579033,false,false,0.4287218087456239
before,allWorld,cash,201,20,1,0,0,0,110000,0,1452133,false,false,0.4360663962187753
before,allWorld,cash,202,20,2,0,0,0,135000,0,2281489,false,false,0.4442704024355617
before,allWorld,cash,203,20,1,0,0,0,99000,0,1439351,false,false,0.42195584153948307
before,allWorld,cash,204,20,1,0,0,0,40500,0,1559134,false,false,0.4613216754121078
before,allWorld,cash,205,20,2,0,0,0,144000,0,2365291,false,false,0.4098435141363022
before,allWorld,cash,206,20,2,0,0,0,108000,0,1905605,false,false,0.4342936433382156
before,allWorld,cash,207,20,3,0,0,0,234000,0,1791129,false,false,0.4288484926462658
before,allWorld,cash,208,20,2,0,0,0,140000,0,2421690,false,false,0.4146440122622453
before,allWorld,cash,209,20,1,0,0,0,45000,0,1923064,false,false,0.4552738890662426
before,allWorld,cash,210,20,2,0,0,0,103500,0,1034638,false,false,0.5460211417142886
before,allWorld,cash,211,20,3,0,0,0,251000,0,826469,false,false,0.4620140069913311
before,allWorld,cash,212,20,3,0,0,0,164500,0,1797298,false,false,0.4252924618531598
before,allWorld,cash,213,20,3,0,0,0,214000,0,1061015,false,false,0.42264281068962095
before,allWorld,cash,214,20,4,0,0,0,274000,0,1571249,false,false,0.41634071628450264
before,allWorld,cash,215,20,2,0,0,0,121500,0,2144722,false,false,0.43004092685603534
before,allWorld,cash,216,20,1,0,0,0,54000,0,1107703,false,false,0.5356206196280918
before,allWorld,cash,217,20,1,0,0,0,50000,0,2014753,false,false,0.4405028022387321
before,allWorld,cash,218,20,2,0,0,0,180000,0,1866035,false,false,0.4526036765388245
before,allWorld,cash,219,20,1,0,0,0,50000,0,1361506,false,false,0.4961387270312655
before,allWorld,cash,220,20,3,0,0,0,225000,0,2424568,false,false,0.42010363262956724
before,allWorld,cash,221,20,2,0,0,0,149000,0,1622113,false,false,0.44154289143139247
before,allWorld,cash,222,20,2,0,0,0,126000,0,1557878,false,false,0.4399682002073987
before,allWorld,cash,223,20,1,0,0,0,45000,0,1983035,false,false,0.43959578430398744
before,allWorld,cash,224,20,2,0,0,0,164000,0,1384246,false,false,0.49050707939215965
before,allWorld,cash,225,20,3,0,0,0,211000,0,2096341,false,false,0.46521454718943145
before,allWorld,cash,226,20,2,0,0,0,164000,0,2156935,false,false,0.4302357298150552
before,allWorld,cash,227,20,2,0,0,0,189000,0,1714312,false,false,0.4481907778951043
before,allWorld,cash,228,20,1,0,0,0,40500,0,1585119,false,false,0.46324659059716344
before,allWorld,cash,229,20,2,0,0,0,200000,0,970909,false,false,0.4613465707399689
before,allWorld,cash,230,20,2,0,0,0,85500,0,1503782,false,false,0.46011528518174255
before,allWorld,cash,231,20,2,0,0,0,139500,0,1604571,false,false,0.43871818599098306
before,allWorld,cash,232,20,4,0,0,0,317000,0,1370884,false,false,0.44752728990932755
before,allWorld,cash,233,20,1,0,0,0,45000,0,1389621,false,false,0.5050339004669315
before,allWorld,cash,234,20,2,0,0,0,169000,0,1482391,false,false,0.4659927120071511
before,allWorld,cash,235,20,3,0,0,0,189000,0,1108705,false,false,0.487739739163146
before,allWorld,cash,236,20,0,0,0,0,0,0,1486176,false,false,0.4798538861724554
before,allWorld,cash,237,20,2,0,0,0,105000,0,2005792,false,false,0.4469106187541172
before,allWorld,cash,238,20,3,0,0,0,198000,0,1214294,false,false,0.5075737148757986
before,allWorld,cash,239,20,1,0,0,0,70000,0,1463717,false,false,0.4778985850894141
before,allWorld,cash,240,20,1,0,0,0,81000,0,2039524,false,false,0.43061687611809846
before,allWorld,cash,241,20,1,0,0,0,63000,0,1660287,false,false,0.46713444380083213
before,allWorld,cash,242,20,2,0,0,0,159000,0,1007655,false,false,0.5256311359088056
before,allWorld,cash,243,20,3,0,0,0,245000,0,1235049,false,false,0.46862957559851004
before,allWorld,cash,244,20,2,0,0,0,164000,0,1332511,false,false,0.4490618621405861
before,allWorld,cash,245,20,3,0,0,0,184500,0,1848759,false,false,0.4396793069639456
before,allWorld,cash,246,20,2,0,0,0,169000,0,1271029,false,false,0.4628865052993601
before,allWorld,cash,247,20,2,0,0,0,105000,0,1383412,false,false,0.47872810998109677
before,allWorld,cash,248,20,1,0,0,0,54000,0,2083492,false,false,0.43585665422951186
before,allWorld,cash,249,20,2,0,0,0,155000,0,1516020,false,false,0.4343183503119432
before,allWorld,cash,250,20,0,0,0,0,0,0,1877135,false,false,0.45767691945033945
before,allWorld,cash,251,20,4,0,0,0,294500,0,865736,false,false,0.44785570620587256
before,allWorld,cash,252,20,3,0,0,0,245000,0,1276597,false,false,0.44915999390355166
before,allWorld,cash,253,20,0,0,0,0,0,0,1561007,false,false,0.44761254554901847
before,allWorld,cash,254,20,2,0,0,0,90000,0,2231913,false,false,0.44096129813293683
before,allWorld,cash,255,20,0,0,0,0,0,0,1949950,false,false,0.4648446778603663
before,allWorld,cash,256,20,3,0,0,0,225000,0,1684247,false,false,0.48924121241873025
before,allWorld,cash,257,20,2,0,0,0,164000,0,1444717,false,false,0.4401050155284293
before,allWorld,cash,258,20,4,0,0,0,270500,0,1474527,false,false,0.4134451441118644
before,allWorld,cash,259,20,2,0,0,0,169000,0,2378962,false,false,0.4406085727463777
before,allWorld,cash,260,20,2,0,0,0,144000,0,1541230,false,false,0.48552160617796003
before,allWorld,cash,261,20,2,0,0,0,191000,0,1105306,false,false,0.4711827396917478
before,allWorld,cash,262,20,2,0,0,0,85500,0,1767505,false,false,0.47042372354266326
before,allWorld,cash,263,20,4,0,0,0,238500,0,1079158,false,false,0.4703675083808133
before,allWorld,cash,264,20,2,0,0,0,130500,0,966090,false,false,0.49908197191872883
before,allWorld,cash,265,20,4,0,0,0,254500,0,1659712,false,false,0.41633761141877257
before,allWorld,cash,266,20,2,0,0,0,149000,0,972722,false,false,0.4797662751529657
before,allWorld,cash,267,20,3,0,0,0,198000,0,1608041,false,false,0.4476063732784484
before,allWorld,cash,268,20,3,0,0,0,191000,0,3227434,true,false,0.4102250649346665
before,allWorld,cash,269,20,4,0,0,0,315000,0,2014028,false,false,0.4220357480109608
before,allWorld,cash,270,20,3,0,0,0,205000,0,1584191,false,false,0.45898629593879586
before,allWorld,cash,271,20,2,0,0,0,99000,0,1701760,false,false,0.44552157366947887
before,allWorld,cash,272,20,1,0,0,0,110000,0,1970307,false,false,0.45294453859834427
before,allWorld,cash,273,20,3,0,0,0,210000,0,1658488,false,false,0.4166028220369163
before,allWorld,cash,274,20,1,0,0,0,60000,0,1510981,false,false,0.4718198099910541
before,allWorld,cash,275,20,1,0,0,0,99000,0,1352085,false,false,0.49811064227196333
before,allWorld,cash,276,20,2,0,0,0,123000,0,1880603,false,false,0.4283335489102947
before,allWorld,cash,277,20,2,0,0,0,189000,0,1359863,false,false,0.4510343481194628
before,allWorld,cash,278,20,2,0,0,0,141000,0,1151866,false,false,0.4731583169212198
before,allWorld,cash,279,20,2,0,0,0,170000,0,1873758,false,false,0.4608740066371101
before,allWorld,cash,280,20,2,0,0,0,141000,0,1090126,false,false,0.5051837087391094
before,allWorld,cash,281,20,2,0,0,0,100500,0,2194505,false,false,0.4344864221416985
before,allWorld,cash,282,20,1,0,0,0,45000,0,2857196,false,false,0.4127805262076172
before,allWorld,cash,283,20,5,0,0,0,337500,0,903636,false,false,0.4328226381532276
before,allWorld,cash,284,20,3,0,0,0,250000,0,1159659,false,false,0.44905598627706433
before,allWorld,cash,285,20,2,0,0,0,191000,0,1393122,false,false,0.4204677297449181
before,allWorld,cash,286,20,1,0,0,0,90000,0,1601762,false,false,0.46619101240741917
before,allWorld,cash,287,20,2,0,0,0,124000,0,1441753,false,false,0.4631204739226312
before,allWorld,cash,288,20,1,0,0,0,54000,0,1495910,false,false,0.46500560079489767
before,allWorld,cash,289,20,3,0,0,0,215000,0,1844055,false,false,0.43330098085206864
before,allWorld,cash,290,20,2,0,0,0,85500,0,2010661,false,false,0.4292697243017254
before,allWorld,cash,291,20,3,0,0,0,231500,0,1286672,false,false,0.4005811681501741
before,allWorld,cash,292,20,2,0,0,0,162000,0,774888,false,false,0.44740189738821473
before,allWorld,cash,293,20,2,0,0,0,104000,0,2293623,false,false,0.4288776427155284
before,allWorld,cash,294,20,2,0,0,0,141000,0,1846134,false,false,0.4642092182022166
before,allWorld,cash,295,20,1,0,0,0,50000,0,1467746,false,false,0.46480081218810126
before,allWorld,cash,296,20,3,0,0,0,163500,0,1613564,false,false,0.46809497491020646
before,allWorld,cash,297,20,2,0,0,0,90000,0,1680443,false,false,0.4412277591596463
before,allWorld,cash,298,20,1,0,0,0,60000,0,2386844,false,false,0.41021728601999563
before,allWorld,cash,299,20,3,0,0,0,259000,0,1423726,false,false,0.4536391352394201
before,allWorld,cash,300,20,2,0,0,0,130500,0,1421545,false,false,0.4449780401850635
before,allWorld,cash,301,20,2,0,0,0,124000,0,1636950,false,false,0.44181405638612165
before,allWorld,cash,302,20,2,0,0,0,144000,0,1425903,false,false,0.4306599176600868
before,allWorld,cash,303,20,2,0,0,0,85500,0,1128199,false,false,0.4772449066247148
before,allWorld,cash,304,20,1,0,0,0,45000,0,2004310,false,false,0.4507297911939198
before,allWorld,cash,305,20,1,0,0,0,81000,0,2752618,false,false,0.42120147390114226
before,allWorld,cash,306,20,1,0,0,0,70000,0,1694297,false,false,0.4307607995945205
before,allWorld,cash,307,20,2,0,0,0,90000,0,1574103,false,false,0.4462632852830354
before,allWorld,cash,308,20,3,0,0,0,204000,0,1514561,false,false,0.4434641780751365
before,allWorld,cash,309,20,3,0,0,0,139500,0,3097869,true,false,0.4241067483096549
before,allWorld,cash,310,20,3,0,0,0,207000,0,1162852,false,false,0.502714111504589
before,allWorld,cash,311,20,1,0,0,0,54000,0,1155328,false,false,0.5183757955558618
before,allWorld,cash,312,20,2,0,0,0,135000,0,1389022,false,false,0.48530374352536976
before,allWorld,cash,313,20,3,0,0,0,233000,0,1812169,false,false,0.41487695438935174
before,allWorld,cash,314,20,3,0,0,0,189000,0,1524319,false,false,0.4389597084590043
before,allWorld,cash,315,20,0,0,0,0,0,0,1730879,false,false,0.4387357116149987
before,allWorld,cash,316,20,2,0,0,0,117000,0,1932550,false,false,0.44661665447141674
before,allWorld,cash,317,20,2,0,0,0,117000,0,1483956,false,false,0.4544325248723419
before,allWorld,cash,318,20,2,0,0,0,150500,0,1070720,false,false,0.4305782136374144
before,allWorld,cash,319,20,2,0,0,0,189000,0,1318351,false,false,0.42577930530153896
before,allWorld,cash,320,20,3,0,0,0,205000,0,1240614,false,false,0.41903300905822893
before,allWorld,cash,321,20,3,0,0,0,175000,0,2348388,false,false,0.4227813259759662
before,allWorld,cash,322,20,4,0,0,0,252000,0,2227510,false,false,0.40338692128752607
before,allWorld,cash,323,20,2,0,0,0,180000,0,1286115,false,false,0.4524496333490826
before,allWorld,cash,324,20,3,0,0,0,234000,0,1677325,false,false,0.45241987513484905
before,allWorld,cash,325,20,1,0,0,0,54000,0,2270691,false,false,0.41568518972952584
before,allWorld,cash,326,20,2,0,0,0,95000,0,1298143,false,false,0.5269439168673122
before,allWorld,cash,327,20,1,0,0,0,70000,0,1412189,false,false,0.4908572044740234
before,allWorld,cash,328,20,3,0,0,0,200500,0,1177900,false,false,0.47053523493349203
before,allWorld,cash,329,20,2,0,0,0,144000,0,1477418,false,false,0.46503603768328805
before,allWorld,cash,330,20,1,0,0,0,81000,0,1641892,false,false,0.45472464798402995
before,allWorld,cash,331,20,2,0,0,0,121500,0,1055718,false,false,0.5131951693442883
before,allWorld,cash,332,20,3,0,0,0,198000,0,1372667,false,false,0.47931103702161504
before,allWorld,cash,333,20,1,0,0,0,60000,0,1592544,false,false,0.4385780134312731
before,allWorld,cash,334,20,2,0,0,0,94500,0,1822752,false,false,0.46888438110133
before,allWorld,cash,335,20,3,0,0,0,205000,0,1844056,false,false,0.4290876958841925
before,allWorld,cash,336,20,1,0,0,0,50000,0,1941073,false,false,0.46491523709874893
before,allWorld,cash,337,20,3,0,0,0,234000,0,1301549,false,false,0.4514162429196924
before,allWorld,cash,338,20,3,0,0,0,218000,0,1408156,false,false,0.42324254312146553
before,allWorld,cash,339,20,1,0,0,0,63000,0,1848571,false,false,0.4266586863727698
before,allWorld,cash,340,20,0,0,0,0,0,0,1450438,false,false,0.4810164830123324
before,allWorld,cash,341,20,2,0,0,0,144000,0,1788123,false,false,0.44786470372720233
before,allWorld,cash,342,20,1,0,0,0,110000,0,1583620,false,false,0.4706436381897855
before,allWorld,cash,343,20,3,0,0,0,149000,0,2564756,false,false,0.4194540364907858
before,allWorld,cash,344,20,3,0,0,0,212000,0,1965871,false,false,0.40745083111569136
before,allWorld,cash,345,20,2,0,0,0,130500,0,1867051,false,false,0.45129653200599124
before,allWorld,cash,346,20,2,0,0,0,144000,0,1400065,false,false,0.46415268631419
before,allWorld,cash,347,20,2,0,0,0,135000,0,1498898,false,false,0.46644940712883215
before,allWorld,cash,348,20,3,0,0,0,168000,0,1201627,false,false,0.489902372448078
before,allWorld,cash,349,20,2,0,0,0,144000,0,970417,false,false,0.4859242434884593
before,allWorld,cash,350,20,2,0,0,0,149000,0,1696650,false,false,0.4305170448498087
before,allWorld,cash,351,20,1,0,0,0,81000,0,1523915,false,false,0.43199524120415556
before,allWorld,cash,352,20,4,0,0,0,246000,0,1014762,false,false,0.4474492694504194
before,allWorld,cash,353,20,2,0,0,0,153000,0,2410607,false,false,0.4346722609673505
before,allWorld,cash,354,20,2,0,0,0,160000,0,1919436,false,false,0.4171848032865816
before,allWorld,cash,355,20,0,0,0,0,0,0,1964032,false,false,0.42099583765789017
before,allWorld,cash,356,20,1,0,0,0,63000,0,2105185,false,false,0.40047509208194504
before,allWorld,cash,357,20,1,0,0,0,110000,0,1973339,false,false,0.4511435348341381
before,allWorld,cash,358,20,2,0,0,0,191000,0,1261594,false,false,0.4239302324279063
before,allWorld,cash,359,20,2,0,0,0,144000,0,1123115,false,false,0.44151855436066584
before,allWorld,cash,360,20,3,0,0,0,148500,0,1732281,false,false,0.4602856978597621
before,allWorld,cash,361,20,5,0,0,0,288000,0,1327069,false,false,0.45659519557705186
before,allWorld,cash,362,20,1,0,0,0,90000,0,1371923,false,false,0.45556300496870455
before,allWorld,cash,363,20,3,0,0,0,240000,0,1310131,false,false,0.44893378279818635
before,allWorld,cash,364,20,3,0,0,0,189000,0,1989422,false,false,0.41660094590193236
before,allWorld,cash,365,20,1,0,0,0,70000,0,1965074,false,false,0.4347442908221056
before,allWorld,cash,366,20,2,0,0,0,153000,0,1557710,false,false,0.4767959944403402
before,allWorld,cash,367,20,0,0,0,0,0,0,1746365,false,false,0.45925177711075715
before,allWorld,cash,368,20,0,0,0,0,0,0,1921997,false,false,0.4658919168903676
before,allWorld,cash,369,20,1,0,0,0,60000,0,1634029,false,false,0.47798732571735414
before,allWorld,cash,370,20,2,0,0,0,189000,0,1391216,false,false,0.4253932837934854
before,allWorld,cash,371,20,1,0,0,0,54000,0,1919876,false,false,0.43352575765629
before,allWorld,cash,372,20,2,0,0,0,139500,0,1145673,false,false,0.5123602409154098
before,allWorld,cash,373,20,2,0,0,0,105000,0,1566872,false,false,0.4719361469394373
before,allWorld,cash,374,20,3,0,0,0,199500,0,1403105,false,false,0.4404000697245146
before,allWorld,cash,375,20,3,0,0,0,189000,0,1649672,false,false,0.44675317599366854
before,allWorld,cash,376,20,1,0,0,0,110000,0,1681377,false,false,0.4568344185888954
before,allWorld,cash,377,20,3,0,0,0,220500,0,869692,false,false,0.4589616270708435
before,allWorld,cash,378,20,2,0,0,0,144000,0,1706967,false,false,0.45632697786095366
before,allWorld,cash,379,20,2,0,0,0,144000,0,2839918,false,false,0.44160361982089114
before,allWorld,cash,380,20,3,0,0,0,195000,0,1136932,false,false,0.4642436287848876
before,allWorld,cash,381,20,2,0,0,0,115000,0,1892845,false,false,0.43628672450057726
before,allWorld,cash,382,20,2,0,0,0,149000,0,2130607,false,false,0.44243910440928247
before,allWorld,cash,383,20,2,0,0,0,160000,0,1572825,false,false,0.4606320656900097
before,allWorld,cash,384,20,2,0,0,0,200000,0,891964,false,false,0.47334429236721487
before,allWorld,cash,385,20,1,0,0,0,90000,0,1222815,false,false,0.42789248177559225
before,allWorld,cash,386,20,1,0,0,0,45000,0,2281398,false,false,0.43918700681390443
before,allWorld,cash,387,20,1,0,0,0,81000,0,1999088,false,false,0.40689957809903765
before,allWorld,cash,388,20,1,0,0,0,60000,0,1685084,false,false,0.4701827767771893
before,allWorld,cash,389,20,2,0,0,0,159000,0,1223879,false,false,0.48733442041217667
before,allWorld,cash,390,20,1,0,0,0,63000,0,958188,false,false,0.4800024481597761
before,allWorld,cash,391,20,2,0,0,0,144000,0,2355399,false,false,0.42525531738982403
before,allWorld,cash,392,20,1,0,0,0,45000,0,1497981,false,false,0.4915529642809238
before,allWorld,cash,393,20,3,0,0,0,202500,0,1702045,false,false,0.41054013777880416
before,allWorld,cash,394,20,1,0,0,0,45000,0,2620972,false,false,0.43052415890791346
before,allWorld,cash,395,20,1,0,0,0,54000,0,1248666,false,false,0.48151670801696034
before,allWorld,cash,396,20,1,0,0,0,99000,0,1443893,false,false,0.4830771248567287
before,allWorld,cash,397,20,1,0,0,0,81000,0,1723463,false,false,0.4225727640044343
before,allWorld,cash,398,20,3,0,0,0,170500,0,1739254,false,false,0.41599282437029383
before,allWorld,cash,399,20,2,0,0,0,115000,0,1236070,false,false,0.4595443998569181
before,allWorld,cash,400,20,2,0,0,0,99000,0,2228089,false,false,0.4224825569106351
before,allWorld,cash,401,20,1,0,0,0,110000,0,2040861,false,false,0.43894380874097455
before,allWorld,cash,402,20,3,0,0,0,204000,0,1202705,false,false,0.44312043639775645
before,allWorld,cash,403,20,3,0,0,0,175500,0,2350855,false,false,0.43082852634120694
before,allWorld,cash,404,20,1,0,0,0,90000,0,1796221,false,false,0.44474713744952804
before,allWorld,cash,405,20,1,0,0,0,45000,0,1143368,false,false,0.5656536576723804
before,allWorld,cash,406,20,3,0,0,0,230000,0,2077189,false,false,0.436925657896051
before,allWorld,cash,407,20,4,0,0,0,229500,0,1568549,false,false,0.4252913929929746
before,allWorld,cash,408,20,2,0,0,0,191000,0,1307217,false,false,0.43338877097374384
before,allWorld,cash,409,20,0,0,0,0,0,0,1577005,false,false,0.4656031720373323
before,allWorld,cash,410,20,2,0,0,0,135000,0,1470990,false,false,0.4643257984468783
before,allWorld,cash,411,20,2,0,0,0,162000,0,1721107,false,false,0.42250976029759046
before,allWorld,cash,412,20,1,0,0,0,40500,0,1933357,false,false,0.44705058223097327
before,allWorld,cash,413,20,3,0,0,0,229000,0,1089504,false,false,0.45941417199253654
before,allWorld,cash,414,20,1,0,0,0,110000,0,2773277,false,false,0.4259564924718197
before,allWorld,cash,415,20,1,0,0,0,70000,0,2261918,false,false,0.4131656761664127
before,allWorld,cash,416,20,1,0,0,0,70000,0,1802948,false,false,0.44392399187031845
before,allWorld,cash,417,20,3,0,0,0,205000,0,1265618,false,false,0.4820560040706446
before,allWorld,cash,418,20,2,0,0,0,135000,0,1903031,false,false,0.46853463474958945
before,allWorld,cash,419,20,1,0,0,0,50000,0,1419669,false,false,0.4907527017846519
before,allWorld,cash,420,20,4,0,0,0,285000,0,1589581,false,false,0.44746271351789896
before,allWorld,cash,421,20,3,0,0,0,245000,0,940951,false,false,0.4832453016554683
before,allWorld,cash,422,20,3,0,0,0,240500,0,786562,false,false,0.48867566227184317
before,allWorld,cash,423,20,3,0,0,0,220500,0,858792,false,false,0.5296084251013197
before,allWorld,cash,424,20,4,0,0,0,229500,0,1128259,false,false,0.42823827150514526
before,allWorld,cash,425,20,2,0,0,0,153000,0,1395483,false,false,0.4766004740425279
before,allWorld,cash,426,20,2,0,0,0,99000,0,2369449,false,false,0.45847790490405743
before,allWorld,cash,427,20,1,0,0,0,110000,0,1320131,false,false,0.4706355759142803
before,allWorld,cash,428,20,0,0,0,0,0,0,1953295,false,false,0.4271773266885644
before,allWorld,cash,429,20,2,0,0,0,99000,0,1463908,false,false,0.46096523455288346
before,allWorld,cash,430,20,3,0,0,0,171000,0,1414105,false,false,0.43720453564925793
before,allWorld,cash,431,20,3,0,0,0,218000,0,1368921,false,false,0.4378950319434015
before,allWorld,cash,432,20,1,0,0,0,99000,0,1583337,false,false,0.4568457254329538
before,allWorld,cash,433,20,0,0,0,0,0,0,1903981,false,false,0.4696772528342727
before,allWorld,cash,434,20,3,0,0,0,218000,0,1238233,false,false,0.4399260063682725
before,allWorld,cash,435,20,1,0,0,0,45000,0,1865017,false,false,0.4543836448371371
before,allWorld,cash,436,20,2,0,0,0,121500,0,1147370,false,false,0.4515130213893908
before,allWorld,cash,437,20,1,0,0,0,70000,0,1253271,false,false,0.4887489519491985
before,allWorld,cash,438,20,2,0,0,0,144000,0,1637839,false,false,0.4545944238676696
before,allWorld,cash,439,20,4,0,0,0,290000,0,2008754,false,false,0.42213698949557205
before,allWorld,cash,440,20,2,0,0,0,149000,0,1659874,false,false,0.467336484188521
before,allWorld,cash,441,20,3,0,0,0,240000,0,2034694,false,false,0.4049838053063139
before,allWorld,cash,442,20,2,0,0,0,120000,0,1173178,false,false,0.45496639116049326
before,allWorld,cash,443,20,2,0,0,0,139500,0,1167343,false,false,0.5266145999708127
before,allWorld,cash,444,20,3,0,0,0,214000,0,1542755,false,false,0.43774819338007537
before,allWorld,cash,445,20,0,0,0,0,0,0,1989560,false,false,0.47657907623552376
before,allWorld,cash,446,20,5,0,0,0,288000,0,744351,false,false,0.4656842488568519
before,allWorld,cash,447,20,1,0,0,0,110000,0,1053966,false,false,0.4951591073216243
before,allWorld,cash,448,20,3,0,0,0,205000,0,1096562,false,false,0.42571430818027595
before,allWorld,cash,449,20,2,0,0,0,105000,0,1038675,false,false,0.48275423646688553
before,allWorld,cash,450,20,2,0,0,0,99000,0,1385460,false,false,0.5030134035421105
before,allWorld,cash,451,20,2,0,0,0,150500,0,1776289,false,false,0.47041579507679965
before,allWorld,cash,452,20,1,0,0,0,45000,0,1634622,false,false,0.49670992420640525
before,allWorld,cash,453,20,2,0,0,0,85500,0,1703917,false,false,0.4490861146239036
before,allWorld,cash,454,20,0,0,0,0,0,0,1948750,false,false,0.44257172905499437
before,allWorld,cash,455,20,3,0,0,0,225000,0,1827569,false,false,0.4445938300847154
before,allWorld,cash,456,20,2,0,0,0,95000,0,2155258,false,false,0.4391639701044038
before,allWorld,cash,457,20,3,0,0,0,216000,0,1435263,false,false,0.45211494873573727
before,allWorld,cash,458,20,3,0,0,0,252000,0,1218445,false,false,0.39294256877134526
before,allWorld,cash,459,20,1,0,0,0,50000,0,1502093,false,false,0.47196855036123264
before,allWorld,cash,460,20,0,0,0,0,0,0,2351693,false,false,0.4277700456752386
before,allWorld,cash,461,20,4,0,0,0,226500,0,1824457,false,false,0.4326916308665022
before,allWorld,cash,462,20,2,0,0,0,108000,0,2285173,false,false,0.44110613456241543
before,allWorld,cash,463,20,2,0,0,0,104000,0,1555704,false,false,0.44188290800053276
before,allWorld,cash,464,20,2,0,0,0,120000,0,1197148,false,false,0.47607169848508446
before,allWorld,cash,465,20,2,0,0,0,141000,0,1573185,false,false,0.4334110291305392
before,allWorld,cash,466,20,2,0,0,0,94500,0,1401593,false,false,0.4427704889231566
before,allWorld,cash,467,20,0,0,0,0,0,0,1553848,false,false,0.445078857624664
before,allWorld,cash,468,20,2,0,0,0,160000,0,1810167,false,false,0.43457395046857156
before,allWorld,cash,469,20,3,0,0,0,245000,0,1200327,false,false,0.3994134517243367
before,allWorld,cash,470,20,2,0,0,0,130500,0,2010796,false,false,0.4488852309103176
before,allWorld,cash,471,20,2,0,0,0,151000,0,1073867,false,false,0.5354999671432482
before,allWorld,cash,472,20,3,0,0,0,212000,0,1255506,false,false,0.4716897108029106
before,allWorld,cash,473,20,1,0,0,0,45000,0,1897564,false,false,0.4400819512112065
before,allWorld,cash,474,20,2,0,0,0,110000,0,1743151,false,false,0.43752142130138677
before,allWorld,cash,475,20,2,0,0,0,123000,0,1382804,false,false,0.45682123053925955
before,allWorld,cash,476,20,2,0,0,0,95000,0,1988432,false,false,0.46095554931824284
before,allWorld,cash,477,20,2,0,0,0,200000,0,1918152,false,false,0.4632185474395202
before,allWorld,cash,478,20,2,0,0,0,189000,0,932126,false,false,0.4845571266673634
before,allWorld,cash,479,20,1,0,0,0,45000,0,1729287,false,false,0.4462283180830083
before,allWorld,cash,480,20,2,0,0,0,153000,0,2135888,false,false,0.41459467829832397
before,allWorld,cash,481,20,2,0,0,0,99000,0,1893213,false,false,0.4738290287365152
before,allWorld,cash,482,20,3,0,0,0,223000,0,1510999,false,false,0.4547372483954487
before,allWorld,cash,483,20,2,0,0,0,169000,0,1831803,false,false,0.4213549875558174
before,allWorld,cash,484,20,2,0,0,0,164000,0,1746804,false,false,0.4636967217200213
before,allWorld,cash,485,20,1,0,0,0,70000,0,2285030,false,false,0.43599641741054196
before,allWorld,cash,486,20,3,0,0,0,223000,0,1328641,false,false,0.45514431866211397
before,allWorld,cash,487,20,0,0,0,0,0,0,1812470,false,false,0.450793125530052
before,allWorld,cash,488,20,4,0,0,0,268000,0,1648155,false,false,0.4827246642958789
before,allWorld,cash,489,20,3,0,0,0,180000,0,2103410,false,false,0.43593997749284663
before,allWorld,cash,490,20,4,0,0,0,320000,0,1548365,false,false,0.4584268783648423
before,allWorld,cash,491,20,3,0,0,0,189000,0,1118536,false,false,0.4714520770587599
before,allWorld,cash,492,20,4,0,0,0,300500,0,1464467,false,false,0.4409059157148153
before,allWorld,cash,493,20,3,0,0,0,171000,0,1366636,false,false,0.4405250886761225
before,allWorld,cash,494,20,2,0,0,0,153000,0,1370081,false,false,0.45164759766914886
before,allWorld,cash,495,20,1,0,0,0,45000,0,1190586,false,false,0.5558508706920693
before,allWorld,cash,496,20,2,0,0,0,159000,0,2284622,false,false,0.39987427336067477
before,allWorld,cash,497,20,3,0,0,0,270000,0,1732538,false,false,0.42716545296398134
before,allWorld,cash,498,20,3,0,0,0,191500,0,1924452,false,false,0.4124651371670004
before,allWorld,cash,499,20,1,0,0,0,110000,0,1603761,false,false,0.43152966384952124
before,allWorld,cash,500,20,2,0,0,0,155000,0,1499554,false,false,0.46802284525374177
before,allWorld,cash,501,20,3,0,0,0,205000,0,1968105,false,false,0.44234222757239916
before,allWorld,cash,502,20,4,0,0,0,284000,0,1675365,false,false,0.4040215459914459
before,allWorld,cash,503,20,2,0,0,0,155000,0,2105863,false,false,0.4309713791108415
before,allWorld,cash,504,20,3,0,0,0,254000,0,1073185,false,false,0.4501760776329055
before,allWorld,cash,505,20,2,0,0,0,135000,0,1799695,false,false,0.4701624137063775
before,allWorld,cash,506,20,2,0,0,0,105000,0,1780498,false,false,0.45087434120975683
before,allWorld,cash,507,20,2,0,0,0,121500,0,2590950,false,false,0.4267843088910836
before,allWorld,cash,508,20,3,0,0,0,259000,0,1302487,false,false,0.46167011890921617
before,allWorld,cash,509,20,1,0,0,0,99000,0,1324818,false,false,0.4841937600165821
before,allWorld,cash,510,20,1,0,0,0,110000,0,1514311,false,false,0.4356432077905259
before,allWorld,cash,511,20,1,0,0,0,45000,0,1519595,false,false,0.48838504243384395
before,allWorld,cash,512,20,2,0,0,0,105000,0,2139848,false,false,0.4461656724714184
before,allWorld,cash,513,20,3,0,0,0,162000,0,1405419,false,false,0.4546465295189419
before,allWorld,cash,514,20,1,0,0,0,70000,0,1642541,false,false,0.4880535802518972
before,allWorld,cash,515,20,3,0,0,0,240000,0,1187086,false,false,0.47103449363165834
before,allWorld,cash,516,20,2,0,0,0,155000,0,1771967,false,false,0.43083253886708406
before,allWorld,cash,517,20,2,0,0,0,144000,0,1431079,false,false,0.4569231147799352
before,allWorld,cash,518,20,1,0,0,0,81000,0,1226529,false,false,0.5329100972920571
before,allWorld,cash,519,20,1,0,0,0,81000,0,2014981,false,false,0.4517600341524278
before,allWorld,cash,520,20,2,0,0,0,135000,0,1163001,false,false,0.4964436301385787
before,allWorld,cash,521,20,1,0,0,0,45000,0,1485898,false,false,0.4656655122303725
before,allWorld,cash,522,20,4,0,0,0,285500,0,1256907,false,false,0.43302224523258354
before,allWorld,cash,523,20,2,0,0,0,108000,0,1653496,false,false,0.45255037446258106
before,allWorld,cash,524,20,3,0,0,0,212000,0,1473210,false,false,0.43719493914374674
before,allWorld,cash,525,20,0,0,0,0,0,0,1008791,false,false,0.4744749911815225
before,allWorld,cash,526,20,4,0,0,0,258000,0,752949,false,false,0.45926286806621136
before,allWorld,cash,527,20,3,0,0,0,210000,0,1630297,false,false,0.4215497121560833
before,allWorld,cash,528,20,1,0,0,0,45000,0,822959,false,false,0.591360391734415
before,allWorld,cash,529,20,2,0,0,0,130500,0,1565274,false,false,0.4428692044671889
before,allWorld,cash,530,20,4,0,0,0,313000,0,1125427,false,false,0.44655641175016747
before,allWorld,cash,531,20,1,0,0,0,45000,0,1986822,false,false,0.4047332906762667
before,allWorld,cash,532,20,2,0,0,0,126000,0,1096695,false,false,0.4531122593490092
before,allWorld,cash,533,20,1,0,0,0,45000,0,1963999,false,false,0.4628350592942283
before,allWorld,cash,534,20,3,0,0,0,200000,0,2006067,false,false,0.43510033951029864
before,allWorld,cash,535,20,2,0,0,0,99000,0,1469649,false,false,0.4873206102054845
before,allWorld,cash,536,20,0,0,0,0,0,0,1969056,false,false,0.4523364033913559
before,allWorld,cash,537,20,1,0,0,0,81000,0,2156265,false,false,0.44270396044941107
before,allWorld,cash,538,20,2,0,0,0,126000,0,2069099,false,false,0.46733770141023
before,allWorld,cash,539,20,1,0,0,0,110000,0,2709978,false,false,0.4373315935620428
before,allWorld,cash,540,20,4,0,0,0,304000,0,1213705,false,false,0.43803891692049995
before,allWorld,cash,541,20,3,0,0,0,175500,0,2155312,false,false,0.42009105776437294
before,allWorld,cash,542,20,1,0,0,0,60000,0,1253870,false,false,0.42886275387764083
before,allWorld,cash,543,20,4,0,0,0,207000,0,1374641,false,false,0.4279839001742758
before,allWorld,cash,544,20,0,0,0,0,0,0,1763009,false,false,0.4638855441191678
before,allWorld,cash,545,20,2,0,0,0,169000,0,1398257,false,false,0.4640466360709624
before,allWorld,cash,546,20,0,0,0,0,0,0,1139506,false,false,0.5598054874975154
before,allWorld,cash,547,20,3,0,0,0,166500,0,1408784,false,false,0.4214036893990098
before,allWorld,cash,548,20,2,0,0,0,159000,0,2142156,false,false,0.44027695770792263
before,allWorld,cash,549,20,2,0,0,0,110500,0,1450142,false,false,0.47631536216009823
before,allWorld,cash,550,20,2,0,0,0,110500,0,1470152,false,false,0.44676409016701424
before,allWorld,cash,551,20,1,0,0,0,50000,0,1548705,false,false,0.43998102540455797
before,allWorld,cash,552,20,2,0,0,0,100500,0,2245687,false,false,0.4317418382572239
before,allWorld,cash,553,20,4,0,0,0,245500,0,2100267,false,false,0.4197907968870639
before,allWorld,cash,554,20,3,0,0,0,204000,0,1337128,false,false,0.4553874328447785
before,allWorld,cash,555,20,1,0,0,0,45000,0,1667315,false,false,0.4672530096648413
before,allWorld,cash,556,20,0,0,0,0,0,0,2108614,false,false,0.448387262416032
before,allWorld,cash,557,20,1,0,0,0,90000,0,1363358,false,false,0.44644741144461675
before,allWorld,cash,558,20,2,0,0,0,200000,0,1371236,false,false,0.497598133834466
before,allWorld,cash,559,20,1,0,0,0,70000,0,2069095,false,false,0.42194533185961225
before,allWorld,cash,560,20,3,0,0,0,219000,0,1712958,false,false,0.397956907007349
before,allWorld,cash,561,20,0,0,0,0,0,0,2238845,false,false,0.4278169015435954
before,allWorld,cash,562,20,3,0,0,0,198000,0,1531628,false,false,0.4246695327793349
before,allWorld,cash,563,20,0,0,0,0,0,0,1435803,false,false,0.4821968152714434
before,allWorld,cash,564,20,1,0,0,0,45000,0,1247329,false,false,0.5434291757113943
before,allWorld,cash,565,20,4,0,0,0,272000,0,1619518,false,false,0.44130686989327134
before,allWorld,cash,566,20,1,0,0,0,40500,0,2492211,false,false,0.4231861345395913
before,allWorld,cash,567,20,2,0,0,0,140000,0,1110908,false,false,0.4738497200485817
before,allWorld,cash,568,20,1,0,0,0,45000,0,2386963,false,false,0.44805980191508255
before,allWorld,cash,569,20,1,0,0,0,70000,0,2344888,false,false,0.43796616497955715
before,allWorld,cash,570,20,1,0,0,0,81000,0,1528634,false,false,0.45139610527968366
before,allWorld,cash,571,20,3,0,0,0,214000,0,2630356,false,false,0.4243011400351291
before,allWorld,cash,572,20,4,0,0,0,225500,0,1683519,false,false,0.41424822538974954
before,allWorld,cash,573,20,2,0,0,0,90500,0,1734121,false,false,0.44001342280939976
before,allWorld,cash,574,20,1,0,0,0,110000,0,1637402,false,false,0.4400866250603526
before,allWorld,cash,575,20,2,0,0,0,131000,0,1766098,false,false,0.48880277864104177
before,allWorld,cash,576,20,2,0,0,0,191000,0,988609,false,false,0.4559382079625647
before,allWorld,cash,577,20,2,0,0,0,149000,0,1688250,false,false,0.44237242128315246
before,allWorld,cash,578,20,2,0,0,0,149000,0,1192085,false,false,0.5127680433800261
before,allWorld,cash,579,20,1,0,0,0,54000,0,1696866,false,false,0.43578259968290106
before,allWorld,cash,580,20,0,0,0,0,0,0,1477334,false,false,0.46997781205010974
before,allWorld,cash,581,20,3,0,0,0,250000,0,1154615,false,false,0.4593825684123386
before,allWorld,cash,582,20,2,0,0,0,169000,0,1443743,false,false,0.4502482059328935
before,allWorld,cash,583,20,3,0,0,0,157500,0,1609504,false,false,0.4418099784642884
before,allWorld,cash,584,20,2,0,0,0,180000,0,862051,false,false,0.5061543870182236
before,allWorld,cash,585,20,4,0,0,0,268000,0,1574141,false,false,0.4417798235496197
before,allWorld,cash,586,20,1,0,0,0,63000,0,1746393,false,false,0.43127647192382945
before,allWorld,cash,587,20,2,0,0,0,160000,0,1301246,false,false,0.4622062607468795
before,allWorld,cash,588,20,2,0,0,0,189000,0,1749952,false,false,0.4336264301989714
before,allWorld,cash,589,20,3,0,0,0,205000,0,1440250,false,false,0.41574028568353594
before,allWorld,cash,590,20,3,0,0,0,180000,0,2031175,false,false,0.40963267034637757
before,allWorld,cash,591,20,2,0,0,0,123000,0,1231850,false,false,0.5040924957345485
before,allWorld,cash,592,20,4,0,0,0,261000,0,1326728,false,false,0.4481328078348086
before,allWorld,cash,593,20,1,0,0,0,81000,0,1829000,false,false,0.4417216960639093
before,allWorld,cash,594,20,3,0,0,0,194000,0,1057802,false,false,0.521546611162712
before,allWorld,cash,595,20,1,0,0,0,70000,0,1709453,false,false,0.48715849352028984
before,allWorld,cash,596,20,0,0,0,0,0,0,3035417,true,false,0.4393918316721937
before,allWorld,cash,597,20,2,0,0,0,189000,0,1308800,false,false,0.48413523126936003
before,allWorld,cash,598,20,1,0,0,0,54000,0,1297803,false,false,0.5183334315117157
before,allWorld,cash,599,20,2,0,0,0,103500,0,1787730,false,false,0.41911226558271053
before,allWorld,standard,0,20,2,0,0,0,135000,0,3386599,true,false,0.14627449597247416
before,allWorld,standard,1,20,1,0,0,0,81000,0,4148677,true,false,0.16219448678510573
before,allWorld,standard,2,20,1,0,0,0,99000,0,4357441,true,false,0.142750120136871
before,allWorld,standard,3,20,2,0,0,0,99000,0,2154078,false,false,0.17525495621214354
before,allWorld,standard,4,20,1,0,0,0,70000,0,2099797,false,false,0.15898383391491935
before,allWorld,standard,5,20,1,0,0,0,90000,0,2317067,false,false,0.18849805308218054
before,allWorld,standard,6,20,3,0,0,0,200500,0,3305797,true,false,0.09411514496287912
before,allWorld,standard,7,20,3,0,0,0,184500,0,2923559,false,false,0.08099536214752491
before,allWorld,standard,8,20,1,0,0,0,63000,0,1661672,false,false,0.22261528491575247
before,allWorld,standard,9,20,2,0,0,0,139500,0,4384018,true,false,0.12290961491987698
before,allWorld,standard,10,20,2,0,0,0,160000,0,1868661,false,false,0.17493570618663598
before,allWorld,standard,11,20,2,0,0,0,110000,0,1408253,false,false,0.19112807240524182
before,allWorld,standard,12,20,2,0,0,0,150500,0,1331209,false,false,0.16239682223658466
before,allWorld,standard,13,20,2,0,0,0,90500,0,3684230,true,false,0.18214221343315218
before,allWorld,standard,14,20,0,0,0,0,0,0,1572852,false,false,0.19780951152592635
before,allWorld,standard,15,20,1,0,0,0,99000,0,3247943,true,false,0.1690751525483218
before,allWorld,standard,16,20,2,0,0,0,94500,0,3448065,true,false,0.1430825251232059
before,allWorld,standard,17,20,2,0,0,0,126000,0,4778111,true,false,0.12795145799299062
before,allWorld,standard,18,20,4,0,0,0,234500,0,4066776,true,false,0.09192507717004303
before,allWorld,standard,19,20,2,0,0,0,99000,0,4797985,true,false,0.11594129712175845
before,allWorld,standard,20,20,2,0,0,0,160000,0,1372265,false,false,0.1113971177807361
before,allWorld,standard,21,20,3,0,0,0,155000,0,3388451,true,false,0.13816418496822286
before,allWorld,standard,22,20,4,0,0,0,248000,0,1601649,false,false,0.15150829718423275
before,allWorld,standard,23,20,1,0,0,0,40500,0,2913595,false,false,0.15432472541559467
before,allWorld,standard,24,20,3,0,0,0,144000,0,3563254,true,false,0.12865118529476383
before,allWorld,standard,25,20,1,0,0,0,50000,0,2736013,false,false,0.18028449246460237
before,allWorld,standard,26,20,0,0,0,0,0,0,2463308,false,false,0.19167975568831147
before,allWorld,standard,27,20,1,0,0,0,90000,0,1982913,false,false,0.18909543849310625
before,allWorld,standard,28,20,2,0,0,0,169000,0,1884550,false,false,0.17586892879153718
before,allWorld,standard,29,20,1,0,0,0,63000,0,2694009,false,false,0.1932117274379268
before,allWorld,standard,30,20,1,0,0,0,81000,0,2845287,false,false,0.16794485887562635
before,allWorld,standard,31,20,1,0,0,0,90000,0,2907263,false,false,0.16437100698158227
before,allWorld,standard,32,20,4,1,1,2140,252500,0,1577840,false,false,0.16221016999751064
before,allWorld,standard,33,20,0,0,0,0,0,0,2709049,false,false,0.141963986724625
before,allWorld,standard,34,20,1,0,0,0,81000,0,3111473,true,false,0.16017756567433267
before,allWorld,standard,35,20,2,0,0,0,135000,0,2370775,false,false,0.19431395581293728
before,allWorld,standard,36,20,1,0,0,0,90000,0,3110203,true,false,0.18900497111861772
before,allWorld,standard,37,20,1,0,0,0,45000,0,1830292,false,false,0.15939673186846764
before,allWorld,standard,38,20,3,0,0,0,157500,0,2571850,false,false,0.15118977780281165
before,allWorld,standard,39,20,2,0,0,0,135000,0,1879805,false,false,0.22591494797756662
before,allWorld,standard,40,20,1,0,0,0,40500,0,4740516,true,false,0.14377640075602385
before,allWorld,standard,41,20,2,0,0,0,173000,0,2916566,false,false,0.12960787469681145
before,allWorld,standard,42,20,2,0,0,0,105000,0,2044154,false,false,0.177462990659702
before,allWorld,standard,43,20,3,0,0,0,204000,0,3530455,true,false,0.1166921172408899
before,allWorld,standard,44,20,2,0,0,0,164000,0,4901066,true,false,0.11465309557009837
before,allWorld,standard,45,20,3,1,1,62103,220500,0,867299,false,false,0.16633886733073558
before,allWorld,standard,46,20,2,0,0,0,124000,0,753962,false,false,0.21210399798064827
before,allWorld,standard,47,20,1,0,0,0,54000,0,2076867,false,false,0.15250147588672158
before,allWorld,standard,48,20,2,0,0,0,126000,0,1966545,false,false,0.14713315750762132
before,allWorld,standard,49,20,3,0,0,0,166500,0,1259628,false,false,0.18607323650360943
before,allWorld,standard,50,20,2,0,0,0,105000,0,3823377,true,false,0.14059787934253207
before,allWorld,standard,51,20,0,0,0,0,0,0,3373589,true,false,0.14707923397363493
before,allWorld,standard,52,20,1,0,0,0,50000,0,2386794,false,false,0.14331759861418178
before,allWorld,standard,53,20,2,0,0,0,164000,0,2416801,false,false,0.12396312251042874
before,allWorld,standard,54,20,2,0,0,0,150000,0,6331460,true,false,0.11232300955109491
before,allWorld,standard,55,20,3,0,0,0,145500,0,1084925,false,false,0.19461130867134452
before,allWorld,standard,56,20,1,0,0,0,63000,0,3492660,true,false,0.1584962185402734
before,allWorld,standard,57,20,0,0,0,0,0,0,2187971,false,false,0.18288028728161804
before,allWorld,standard,58,20,3,0,0,0,215000,0,1364548,false,false,0.14636361723596433
before,allWorld,standard,59,20,2,0,0,0,105000,0,5762300,true,false,0.17208247697151874
before,allWorld,standard,60,20,4,0,0,0,314000,0,4447314,true,false,0.15288273557144638
before,allWorld,standard,61,20,4,1,1,15090,290500,0,5147124,true,false,0.06011103849382613
before,allWorld,standard,62,20,0,0,0,0,0,0,3167073,true,false,0.15653417592294092
before,allWorld,standard,63,20,1,0,0,0,54000,0,2657462,false,false,0.17829516484032726
before,allWorld,standard,64,20,2,0,0,0,135000,0,7913531,true,false,0.13213118663066506
before,allWorld,standard,65,20,3,0,0,0,195000,0,4118217,true,false,0.15602759765728139
before,allWorld,standard,66,20,1,0,0,0,45000,0,1728197,false,false,0.22768596511283104
before,allWorld,standard,67,20,2,0,0,0,155000,0,937962,false,false,0.2281686943925989
before,allWorld,standard,68,20,1,0,0,0,70000,0,5821286,true,false,0.13166928134051442
before,allWorld,standard,69,20,3,0,0,0,162000,0,3099362,true,false,0.1569713832098474
before,allWorld,standard,70,20,1,0,0,0,70000,0,2792786,false,false,0.15032073783774036
before,allWorld,standard,71,20,4,0,0,0,209500,0,2079217,false,false,0.17495158347680467
before,allWorld,standard,72,20,3,0,0,0,167000,0,4715842,true,false,0.20509340875598384
before,allWorld,standard,73,20,2,0,0,0,95000,0,1590946,false,false,0.15577176730378972
before,allWorld,standard,74,20,3,0,0,0,205000,0,1345635,false,false,0.16277967687015815
before,allWorld,standard,75,20,1,0,0,0,40500,0,2988940,false,false,0.17794869321088663
before,allWorld,standard,76,20,2,0,0,0,189000,0,2999423,false,false,0.13531720075271222
before,allWorld,standard,77,20,2,0,0,0,151000,0,2316748,false,false,0.1550850522202981
before,allWorld,standard,78,20,0,0,0,0,0,0,4847691,true,false,0.16550243229633183
before,allWorld,standard,79,20,2,1,1,17411,139500,0,883343,false,false,0.13473337115590614
before,allWorld,standard,80,20,2,0,0,0,180000,0,2642516,false,false,0.18894979016682886
before,allWorld,standard,81,20,3,0,0,0,203000,0,4733113,true,false,0.14831575688081408
before,allWorld,standard,82,20,3,0,0,0,144500,0,2768610,false,false,0.15995979660007556
before,allWorld,standard,83,20,2,0,0,0,162000,0,3768619,true,false,0.11075598729153499
before,allWorld,standard,84,20,1,0,0,0,60000,0,8258275,true,false,0.13481997543541874
before,allWorld,standard,85,20,3,0,0,0,162000,0,2124720,false,false,0.1583145482621325
before,allWorld,standard,86,20,2,0,0,0,126000,0,3898323,true,false,0.11585217794323381
before,allWorld,standard,87,20,2,0,0,0,144000,0,2282057,false,false,0.16750140476807102
before,allWorld,standard,88,20,2,0,0,0,159000,0,6180382,true,false,0.11977164859094683
before,allWorld,standard,89,20,2,0,0,0,121500,0,2064062,false,false,0.16566952743266966
before,allWorld,standard,90,20,1,0,0,0,110000,0,2622194,false,false,0.1748832734330683
before,allWorld,standard,91,20,1,0,0,0,110000,0,1818514,false,false,0.15127222477700664
before,allWorld,standard,92,20,3,1,1,27545,214000,0,1280841,false,false,0.1662859883464088
before,allWorld,standard,93,20,2,0,0,0,117000,0,1515611,false,false,0.2673376689504957
before,allWorld,standard,94,20,3,0,0,0,149000,0,3252775,true,false,0.119547920939016
before,allWorld,standard,95,20,0,0,0,0,0,0,6718734,true,false,0.129721199891329
before,allWorld,standard,96,20,1,0,0,0,70000,0,2595928,false,false,0.19974634955349108
before,allWorld,standard,97,20,2,0,0,0,140000,0,4431224,true,false,0.15057606324303038
before,allWorld,standard,98,20,1,0,0,0,70000,0,2621379,false,false,0.14754648920759553
before,allWorld,standard,99,20,2,0,0,0,173000,0,1511784,false,false,0.29400121183834643
before,allWorld,standard,100,20,3,0,0,0,250000,0,4926749,true,false,0.10026588407001044
before,allWorld,standard,101,20,2,0,0,0,155000,0,3173815,true,false,0.14224906528426176
before,allWorld,standard,102,20,3,1,1,34078,193500,0,3485780,true,false,0.12978636635208995
before,allWorld,standard,103,20,3,0,0,0,169000,0,1046312,false,false,0.1628277611480337
before,allWorld,standard,104,20,3,0,0,0,209500,0,3184559,true,false,0.14559090498106034
before,allWorld,standard,105,20,3,0,0,0,231500,0,3282038,true,false,0.08765341170818203
before,allWorld,standard,106,20,2,0,0,0,126000,0,1944972,false,false,0.17094058729216352
before,allWorld,standard,107,20,2,0,0,0,135000,0,2047639,false,false,0.1686462428014781
before,allWorld,standard,108,20,1,0,0,0,70000,0,4657036,true,false,0.12579612888760622
before,allWorld,standard,109,20,2,0,0,0,123000,0,3070945,true,false,0.18095963759875028
before,allWorld,standard,110,20,1,0,0,0,70000,0,3697549,true,false,0.15372962002027535
before,allWorld,standard,111,20,2,0,0,0,149000,0,2851139,false,false,0.166849542543375
before,allWorld,standard,112,20,1,0,0,0,40500,0,5092666,true,false,0.13660020752242152
before,allWorld,standard,113,20,2,0,0,0,105000,0,1400019,false,false,0.17755208798115674
before,allWorld,standard,114,20,2,0,0,0,169000,0,4617645,true,false,0.13776864833711208
before,allWorld,standard,115,20,1,0,0,0,40500,0,2703877,false,false,0.17878084627139018
before,allWorld,standard,116,20,1,0,0,0,54000,0,2060187,false,false,0.16291596644640843
before,allWorld,standard,117,20,1,0,0,0,70000,0,2072236,false,false,0.12302291201005913
before,allWorld,standard,118,20,3,0,0,0,214000,0,831763,false,false,0.19157823404161906
before,allWorld,standard,119,20,1,0,0,0,99000,0,5618204,true,false,0.1316783646923552
before,allWorld,standard,120,20,2,0,0,0,95000,0,3917034,true,false,0.19534595352571354
before,allWorld,standard,121,20,1,0,0,0,45000,0,3682499,true,false,0.139342163915302
before,allWorld,standard,122,20,3,0,0,0,243000,0,4453994,true,false,0.16833293534752225
before,allWorld,standard,123,20,1,0,0,0,70000,0,2605877,false,false,0.13230537244417495
before,allWorld,standard,124,20,1,0,0,0,63000,0,2244877,false,false,0.2368438069540529
before,allWorld,standard,125,20,1,0,0,0,54000,0,5120256,true,false,0.14893241340521984
before,allWorld,standard,126,20,1,0,0,0,99000,0,4224759,true,false,0.10140759681631853
before,allWorld,standard,127,20,0,0,0,0,0,0,4555496,true,false,0.13778507021272068
before,allWorld,standard,128,20,2,0,0,0,170000,0,1593666,false,false,0.13240771276991076
before,allWorld,standard,129,20,1,0,0,0,45000,0,1276585,false,false,0.3001920739134145
before,allWorld,standard,130,20,1,0,0,0,50000,0,2764026,false,false,0.1336184492587342
before,allWorld,standard,131,20,2,0,0,0,124000,0,2074914,false,false,0.15548145919784978
before,allWorld,standard,132,20,2,0,0,0,121500,0,1625098,false,false,0.23743850160007027
before,allWorld,standard,133,20,1,0,0,0,110000,0,2549190,false,false,0.24305619523744207
before,allWorld,standard,134,20,1,0,0,0,110000,0,2161341,false,false,0.1828769531690358
before,allWorld,standard,135,20,1,0,0,0,54000,0,4456858,true,false,0.13840941196323275
before,allWorld,standard,136,20,4,0,0,0,304000,0,2308802,false,false,0.11695778698515988
before,allWorld,standard,137,20,3,0,0,0,216000,0,4933029,true,false,0.13221789625406127
before,allWorld,standard,138,20,1,0,0,0,45000,0,5545800,true,false,0.132840791226406
before,allWorld,standard,139,20,1,0,0,0,40500,0,5691336,true,false,0.13881320343948336
before,allWorld,standard,140,20,2,0,0,0,170000,0,6391213,true,false,0.09795344100773361
before,allWorld,standard,141,20,4,0,0,0,274000,0,1836710,false,false,0.10166358282765689
before,allWorld,standard,142,20,2,1,1,17085,104000,0,1433877,false,false,0.07781192220978757
before,allWorld,standard,143,20,1,0,0,0,40500,0,2672335,false,false,0.1855319992659675
before,allWorld,standard,144,20,4,0,0,0,255500,0,913768,false,false,0.10879064947858921
before,allWorld,standard,145,20,1,0,0,0,60000,0,9818849,true,false,0.11181244126730294
before,allWorld,standard,146,20,2,0,0,0,162000,0,2783382,false,false,0.13789410661029466
before,allWorld,standard,147,20,3,0,0,0,184500,0,4150503,true,false,0.09916505163100169
before,allWorld,standard,148,20,3,0,0,0,218000,0,1711175,false,false,0.12150989899505285
before,allWorld,standard,149,20,2,0,0,0,126000,0,3695293,true,false,0.13573793070932155
before,allWorld,standard,150,20,2,0,0,0,141000,0,2006484,false,false,0.1912363140353074
before,allWorld,standard,151,20,3,0,0,0,231500,0,2382461,false,false,0.17963696406596777
before,allWorld,standard,152,20,0,0,0,0,0,0,1881721,false,false,0.14694469238058125
before,allWorld,standard,153,20,1,0,0,0,54000,0,3067330,true,false,0.1359330652432655
before,allWorld,standard,154,20,3,0,0,0,195000,0,10670668,true,false,0.14386542372924005
before,allWorld,standard,155,20,2,0,0,0,144000,0,4601477,true,false,0.1562093116736881
before,allWorld,standard,156,20,3,1,1,60000,254000,0,3421283,true,false,0.10260338833424114
before,allWorld,standard,157,20,3,0,0,0,234000,0,1516216,false,false,0.210947664083576
before,allWorld,standard,158,20,4,0,0,0,304000,0,1491607,false,false,0.17988393838968872
before,allWorld,standard,159,20,2,0,0,0,90500,0,2077405,false,false,0.20487932169961623
before,allWorld,standard,160,20,2,0,0,0,164000,0,1688874,false,false,0.2050440515558655
before,allWorld,standard,161,20,1,0,0,0,99000,0,3323810,true,false,0.16411706369154222
before,allWorld,standard,162,20,0,0,0,0,0,0,6242372,true,false,0.12686498951535052
before,allWorld,standard,163,20,0,0,0,0,0,0,7910982,true,false,0.1838690434273103
before,allWorld,standard,164,20,2,0,0,0,150500,0,3823373,true,false,0.17286287198411174
before,allWorld,standard,165,20,1,0,0,0,81000,0,2176590,false,false,0.13837728678881495
before,allWorld,standard,166,20,4,0,0,0,249000,0,1295758,false,false,0.14924499878403638
before,allWorld,standard,167,20,2,0,0,0,126000,0,1640304,false,false,0.16269054424588378
before,allWorld,standard,168,20,1,0,0,0,99000,0,4072645,true,false,0.13755245981548828
before,allWorld,standard,169,20,1,0,0,0,99000,0,3917021,true,false,0.1595023283325076
before,allWorld,standard,170,20,1,0,0,0,45000,0,2851027,false,false,0.1603762812009602
before,allWorld,standard,171,20,1,0,0,0,45000,0,3562710,true,false,0.19136633563509542
before,allWorld,standard,172,20,0,0,0,0,0,0,5296039,true,false,0.23941810048940798
before,allWorld,standard,173,20,1,0,0,0,40500,0,2385748,false,false,0.16784832823014942
before,allWorld,standard,174,20,3,0,0,0,175500,0,2297017,false,false,0.10940845365434348
before,allWorld,standard,175,20,2,0,0,0,115000,0,792956,false,false,0.1487625172423349
before,allWorld,standard,176,20,4,0,0,0,296000,0,2692394,false,false,0.125489843202266
before,allWorld,standard,177,20,3,0,0,0,169000,0,3009530,true,false,0.15300037805196404
before,allWorld,standard,178,20,3,0,0,0,243000,0,1376408,false,false,0.18989714149650233
before,allWorld,standard,179,20,3,0,0,0,181500,0,1796329,false,false,0.2276083153033162
before,allWorld,standard,180,20,2,0,0,0,99000,0,3387594,true,false,0.16416117785531592
before,allWorld,standard,181,20,3,0,0,0,214000,0,3775531,true,false,0.17636622957097256
before,allWorld,standard,182,20,1,0,0,0,63000,0,5103979,true,false,0.13814359400989845
before,allWorld,standard,183,20,3,0,0,0,200500,0,2456699,false,false,0.14459124857174732
before,allWorld,standard,184,20,4,1,1,20738,295000,0,409052,false,false,0.18514144684632702
before,allWorld,standard,185,20,3,0,0,0,180000,0,4897567,true,false,0.1239897896269305
before,allWorld,standard,186,20,3,0,0,0,234000,0,1921766,false,false,0.15888851799107492
before,allWorld,standard,187,20,2,0,0,0,130000,0,2690422,false,false,0.18750957325148498
before,allWorld,standard,188,20,2,0,0,0,151000,0,1224711,false,false,0.17873995975071058
before,allWorld,standard,189,20,2,1,1,31095,160000,0,3045910,true,false,0.1443132859756566
before,allWorld,standard,190,20,3,3,3,41192,234000,0,2101202,false,false,0.12621157221310325
before,allWorld,standard,191,20,3,0,0,0,164500,0,2012282,false,false,0.24867159027699076
before,allWorld,standard,192,20,1,0,0,0,63000,0,1318188,false,false,0.17291482196540497
before,allWorld,standard,193,20,2,0,0,0,151000,0,2456636,false,false,0.18835371540565377
before,allWorld,standard,194,20,1,0,0,0,60000,0,2898287,false,false,0.24256238524489304
before,allWorld,standard,195,20,3,0,0,0,210500,0,2497588,false,false,0.1588798689748569
before,allWorld,standard,196,20,5,3,3,127561,353500,0,1608220,false,false,0.0868110327300712
before,allWorld,standard,197,20,3,0,0,0,180000,0,7021473,true,false,0.08968513148114801
before,allWorld,standard,198,20,2,0,0,0,135000,0,764401,false,false,0.2199968051871329
before,allWorld,standard,199,20,3,0,0,0,220000,0,1486372,false,false,0.14630710723050444
before,allWorld,standard,200,20,3,0,0,0,175500,0,3267205,true,false,0.11527015789050658
before,allWorld,standard,201,20,1,0,0,0,110000,0,2483432,false,false,0.18370001243405232
before,allWorld,standard,202,20,2,0,0,0,135000,0,5811590,true,false,0.09799482483048656
before,allWorld,standard,203,20,1,0,0,0,99000,0,2176358,false,false,0.18493608048046284
before,allWorld,standard,204,20,1,0,0,0,40500,0,1827946,false,false,0.1535441580467001
before,allWorld,standard,205,20,2,0,0,0,144000,0,7102586,true,false,0.12163872710921844
before,allWorld,standard,206,20,2,0,0,0,108000,0,3613180,true,false,0.14706718664029533
before,allWorld,standard,207,20,3,0,0,0,234000,0,4367894,true,false,0.12833667865133253
before,allWorld,standard,208,20,2,0,0,0,140000,0,7643780,true,false,0.11911455634499246
before,allWorld,standard,209,20,1,0,0,0,45000,0,3845809,true,false,0.14940682592207571
before,allWorld,standard,210,20,2,0,0,0,103500,0,1659919,false,false,0.1995789266578169
before,allWorld,standard,211,20,3,0,0,0,251000,0,853744,false,false,0.2093530577550322
before,allWorld,standard,212,20,3,0,0,0,164500,0,5098466,true,false,0.1344346701633367
before,allWorld,standard,213,20,3,2,2,66200,214000,0,2617745,false,false,0.07475130980050153
before,allWorld,standard,214,20,4,0,0,0,274000,0,3523949,true,false,0.15770030833532908
before,allWorld,standard,215,20,2,0,0,0,121500,0,4124550,true,false,0.2097543357485291
before,allWorld,standard,216,20,1,0,0,0,54000,0,1044978,false,false,0.1997212024650607
before,allWorld,standard,217,20,1,0,0,0,50000,0,2945109,false,false,0.15023742133086632
before,allWorld,standard,218,20,2,0,0,0,180000,0,2895970,false,false,0.13872447330124354
before,allWorld,standard,219,20,1,0,0,0,50000,0,2012556,false,false,0.22343731766253802
before,allWorld,standard,220,20,3,0,0,0,225000,0,4587296,true,false,0.18162462034181603
before,allWorld,standard,221,20,2,0,0,0,149000,0,2177366,false,false,0.1723222150204219
before,allWorld,standard,222,20,2,0,0,0,126000,0,2109085,false,false,0.18330264748258085
before,allWorld,standard,223,20,1,0,0,0,45000,0,3526657,true,false,0.17271346803420434
before,allWorld,standard,224,20,2,0,0,0,164000,0,1745822,false,false,0.1515453158737392
before,allWorld,standard,225,20,3,0,0,0,211000,0,8914775,true,false,0.13554443684103062
before,allWorld,standard,226,20,2,0,0,0,164000,0,3652954,true,false,0.14859014957127453
before,allWorld,standard,227,20,2,0,0,0,189000,0,2808842,false,false,0.14790783838087396
before,allWorld,standard,228,20,1,0,0,0,40500,0,2178561,false,false,0.1767322873413695
before,allWorld,standard,229,20,2,0,0,0,200000,0,1082077,false,false,0.1752536168984188
before,allWorld,standard,230,20,2,0,0,0,85500,0,2068194,false,false,0.14359747615837978
before,allWorld,standard,231,20,2,0,0,0,139500,0,3978271,true,false,0.12167124485889273
before,allWorld,standard,232,20,4,0,0,0,317000,0,2343319,false,false,0.1552046078279671
before,allWorld,standard,233,20,1,0,0,0,45000,0,1728053,false,false,0.2143729652864439
before,allWorld,standard,234,20,2,0,0,0,169000,0,2014953,false,false,0.16631503461022523
before,allWorld,standard,235,20,3,0,0,0,189000,0,1574120,false,false,0.11864599869093925
before,allWorld,standard,236,20,0,0,0,0,0,0,2043412,false,false,0.13818185021388918
before,allWorld,standard,237,20,2,0,0,0,105000,0,4127872,true,false,0.14799678943032507
before,allWorld,standard,238,20,3,0,0,0,198000,0,1342656,false,false,0.18763824326871723
before,allWorld,standard,239,20,1,0,0,0,70000,0,2939722,false,false,0.14606621911827028
before,allWorld,standard,240,20,1,0,0,0,81000,0,3899678,true,false,0.16718450371470334
before,allWorld,standard,241,20,1,0,0,0,63000,0,2195395,false,false,0.19202853027055686
before,allWorld,standard,242,20,2,0,0,0,159000,0,888149,false,false,0.32059762939132086
before,allWorld,standard,243,20,3,1,1,11578,245000,0,2282800,false,false,0.13187621118376489
before,allWorld,standard,244,20,2,0,0,0,164000,0,2158327,false,false,0.14331682238790525
before,allWorld,standard,245,20,3,0,0,0,184500,0,4659295,true,false,0.15834951183476748
before,allWorld,standard,246,20,2,0,0,0,169000,0,1844395,false,false,0.16698222400550208
before,allWorld,standard,247,20,2,0,0,0,105000,0,2430777,false,false,0.18899094994809237
before,allWorld,standard,248,20,1,0,0,0,54000,0,3061887,true,false,0.20824760842227902
before,allWorld,standard,249,20,2,0,0,0,155000,0,2598150,false,false,0.12987182268483857
before,allWorld,standard,250,20,0,0,0,0,0,0,3146461,true,false,0.18840139217157037
before,allWorld,standard,251,20,4,1,1,7312,294500,0,838880,false,false,0.17029958980711943
before,allWorld,standard,252,20,3,0,0,0,245000,0,1688270,false,false,0.14585501562863365
before,allWorld,standard,253,20,0,0,0,0,0,0,3312757,true,false,0.1471142891465061
before,allWorld,standard,254,20,2,0,0,0,90000,0,4621311,true,false,0.17293142549611606
before,allWorld,standard,255,20,0,0,0,0,0,0,2921348,false,false,0.21565847661448853
before,allWorld,standard,256,20,3,0,0,0,225000,0,3180621,true,false,0.17200343861467365
before,allWorld,standard,257,20,2,0,0,0,164000,0,2001239,false,false,0.14044303857751417
before,allWorld,standard,258,20,4,0,0,0,270500,0,4020959,true,false,0.10887902618766036
before,allWorld,standard,259,20,2,0,0,0,169000,0,5427127,true,false,0.1670725946064099
before,allWorld,standard,260,20,2,0,0,0,144000,0,2583577,false,false,0.15987443358942893
before,allWorld,standard,261,20,2,0,0,0,191000,0,1330460,false,false,0.25343241459704785
before,allWorld,standard,262,20,2,0,0,0,85500,0,2958313,false,false,0.17723813738190644
before,allWorld,standard,263,20,4,2,2,29464,238500,0,1585478,false,false,0.07011269207121694
before,allWorld,standard,264,20,2,0,0,0,130500,0,1228838,false,false,0.19540000621668444
before,allWorld,standard,265,20,4,0,0,0,254500,0,2417953,false,false,0.12223293011754624
before,allWorld,standard,266,20,2,0,0,0,149000,0,1438382,false,false,0.19314841608229827
before,allWorld,standard,267,20,3,0,0,0,198000,0,2472153,false,false,0.17314599544146952
before,allWorld,standard,268,20,3,0,0,0,191000,0,9237139,true,false,0.11237303263186862
before,allWorld,standard,269,20,4,0,0,0,315000,0,4697174,true,false,0.12962191664217612
before,allWorld,standard,270,20,3,0,0,0,205000,0,3358319,true,false,0.11570890887050482
before,allWorld,standard,271,20,2,0,0,0,99000,0,2609642,false,false,0.15302054154530623
before,allWorld,standard,272,20,1,0,0,0,110000,0,3622884,true,false,0.1438747072488698
before,allWorld,standard,273,20,3,0,0,0,210000,0,3888502,true,false,0.12948287071386375
before,allWorld,standard,274,20,1,0,0,0,60000,0,2109063,false,false,0.1658427306528028
before,allWorld,standard,275,20,1,0,0,0,99000,0,1979573,false,false,0.2133945382803825
before,allWorld,standard,276,20,2,0,0,0,123000,0,3631864,true,false,0.13628013708241432
before,allWorld,standard,277,20,2,0,0,0,189000,0,2212418,false,false,0.15688336671824502
before,allWorld,standard,278,20,2,0,0,0,141000,0,1542475,false,false,0.17189988043675714
before,allWorld,standard,279,20,2,0,0,0,170000,0,3523681,true,false,0.15275579846745313
before,allWorld,standard,280,20,2,0,0,0,141000,0,778609,false,false,0.15657158273710564
before,allWorld,standard,281,20,2,0,0,0,100500,0,3418681,true,false,0.17161044953396398
before,allWorld,standard,282,20,1,0,0,0,45000,0,7991617,true,false,0.12170632322988802
before,allWorld,standard,283,20,5,0,0,0,337500,0,1408599,false,false,0.17759975862492366
before,allWorld,standard,284,20,3,0,0,0,250000,0,1704989,false,false,0.11495607330734285
before,allWorld,standard,285,20,2,0,0,0,191000,0,3024207,true,false,0.12857333897606263
before,allWorld,standard,286,20,1,0,0,0,90000,0,2939293,false,false,0.12727134002285517
before,allWorld,standard,287,20,2,0,0,0,124000,0,1429264,false,false,0.1454419150408812
before,allWorld,standard,288,20,1,0,0,0,54000,0,2643412,false,false,0.13899630258891352
before,allWorld,standard,289,20,3,0,0,0,215000,0,6569058,true,false,0.11917633374160752
before,allWorld,standard,290,20,2,0,0,0,85500,0,2670097,false,false,0.16937145679572085
before,allWorld,standard,291,20,3,0,0,0,231500,0,1800676,false,false,0.14585741826001603
before,allWorld,standard,292,20,2,0,0,0,162000,0,997646,false,false,0.26530622012290794
before,allWorld,standard,293,20,2,0,0,0,104000,0,8719935,true,false,0.10293030836769576
before,allWorld,standard,294,20,2,0,0,0,141000,0,2540825,false,false,0.15222457463110833
before,allWorld,standard,295,20,1,0,0,0,50000,0,1990726,false,false,0.18759009896624373
before,allWorld,standard,296,20,3,0,0,0,163500,0,4785107,true,false,0.12059801945508515
before,allWorld,standard,297,20,2,0,0,0,90000,0,2363392,false,false,0.14558629496809147
before,allWorld,standard,298,20,1,0,0,0,60000,0,5583315,true,false,0.11933235584542808
before,allWorld,standard,299,20,3,0,0,0,259000,0,2812437,false,false,0.19053797788441865
before,allWorld,standard,300,20,2,0,0,0,130500,0,1981994,false,false,0.20804912163121642
before,allWorld,standard,301,20,2,0,0,0,124000,0,3010669,true,false,0.1486084260267968
before,allWorld,standard,302,20,2,0,0,0,144000,0,1996356,false,false,0.22845573505521305
before,allWorld,standard,303,20,2,0,0,0,85500,0,1361079,false,false,0.23791372799301352
before,allWorld,standard,304,20,1,0,0,0,45000,0,5768030,true,false,0.16266110219881622
before,allWorld,standard,305,20,1,0,0,0,81000,0,8847157,true,false,0.1475998866010432
before,allWorld,standard,306,20,1,0,0,0,70000,0,3236943,true,false,0.1475062430332726
before,allWorld,standard,307,20,2,0,0,0,90000,0,2233662,false,false,0.16315413187131922
before,allWorld,standard,308,20,3,0,0,0,204000,0,3902554,true,false,0.14549318285099716
before,allWorld,standard,309,20,3,0,0,0,139500,0,9734262,true,false,0.13652751394651094
before,allWorld,standard,310,20,3,0,0,0,207000,0,1883574,false,false,0.16419636157699394
before,allWorld,standard,311,20,1,0,0,0,54000,0,1185670,false,false,0.20369124581056625
before,allWorld,standard,312,20,2,0,0,0,135000,0,1895424,false,false,0.15394661037639548
before,allWorld,standard,313,20,3,0,0,0,233000,0,2926346,false,false,0.13930786501136908
before,allWorld,standard,314,20,3,0,0,0,189000,0,2165445,false,false,0.13438135064465526
before,allWorld,standard,315,20,0,0,0,0,0,0,2294899,false,false,0.1983461071898689
before,allWorld,standard,316,20,2,0,0,0,117000,0,3776226,true,false,0.15971362579957665
before,allWorld,standard,317,20,2,0,0,0,117000,0,2284100,false,false,0.19770522522057693
before,allWorld,standard,318,20,2,1,1,50153,150500,0,1423237,false,false,0.14037829269389648
before,allWorld,standard,319,20,2,0,0,0,189000,0,2495220,false,false,0.13270845627268218
before,allWorld,standard,320,20,3,0,0,0,205000,0,1597935,false,false,0.16318627962803983
before,allWorld,standard,321,20,3,0,0,0,175000,0,5355127,true,false,0.12726510820950704
before,allWorld,standard,322,20,4,0,0,0,252000,0,5151156,true,false,0.0987433132428078
before,allWorld,standard,323,20,2,0,0,0,180000,0,2336089,false,false,0.14216877776979822
before,allWorld,standard,324,20,3,0,0,0,234000,0,3311897,true,false,0.1322405752424371
before,allWorld,standard,325,20,1,0,0,0,54000,0,3210866,true,false,0.12777929642625963
before,allWorld,standard,326,20,2,0,0,0,95000,0,1311340,false,false,0.19584256515173334
before,allWorld,standard,327,20,1,0,0,0,70000,0,1538895,false,false,0.21147615978778642
before,allWorld,standard,328,20,3,0,0,0,200500,0,1974538,false,false,0.1780775027647064
before,allWorld,standard,329,20,2,0,0,0,144000,0,2365147,false,false,0.10113301605976695
before,allWorld,standard,330,20,1,0,0,0,81000,0,2551413,false,false,0.18237015731517647
before,allWorld,standard,331,20,2,0,0,0,121500,0,1228596,false,false,0.1761381829658
before,allWorld,standard,332,20,3,0,0,0,198000,0,1432962,false,false,0.16987376301709164
before,allWorld,standard,333,20,1,1,1,10000,60000,0,1902138,false,false,0.12380223855156158
before,allWorld,standard,334,20,2,0,0,0,94500,0,3729791,true,false,0.19351193829712085
before,allWorld,standard,335,20,3,0,0,0,205000,0,5685736,true,false,0.12719189731510097
before,allWorld,standard,336,20,1,0,0,0,50000,0,2393126,false,false,0.2169368296649005
before,allWorld,standard,337,20,3,0,0,0,234000,0,2037089,false,false,0.13078086960435942
before,allWorld,standard,338,20,3,0,0,0,218000,0,2280199,false,false,0.10423563424048381
before,allWorld,standard,339,20,1,0,0,0,63000,0,3668640,true,false,0.14237817505283443
before,allWorld,standard,340,20,0,0,0,0,0,0,2106150,false,false,0.16976264918624556
before,allWorld,standard,341,20,2,0,0,0,144000,0,2421268,false,false,0.21136248460666768
before,allWorld,standard,342,20,1,0,0,0,110000,0,1737259,false,false,0.1728783698237478
before,allWorld,standard,343,20,3,0,0,0,149000,0,5392615,true,false,0.1419075315485433
before,allWorld,standard,344,20,3,0,0,0,212000,0,4571375,true,false,0.12064747597813377
before,allWorld,standard,345,20,2,0,0,0,130500,0,5712726,true,false,0.10304508775593835
before,allWorld,standard,346,20,2,0,0,0,144000,0,2432326,false,false,0.17195691342649408
before,allWorld,standard,347,20,2,1,1,4706,135000,0,3588910,true,false,0.07131613081206364
before,allWorld,standard,348,20,3,0,0,0,168000,0,1818927,false,false,0.16859911701521657
before,allWorld,standard,349,20,2,1,1,7420,144000,0,1692980,false,false,0.15460080593260878
before,allWorld,standard,350,20,2,0,0,0,149000,0,2272159,false,false,0.172572149799942
before,allWorld,standard,351,20,1,0,0,0,81000,0,2610979,false,false,0.18827664866839833
before,allWorld,standard,352,20,4,0,0,0,246000,0,1428615,false,false,0.1004281954699188
before,allWorld,standard,353,20,2,0,0,0,153000,0,6535831,true,false,0.15810853155379373
before,allWorld,standard,354,20,2,1,1,9538,160000,0,4348194,true,false,0.12179781239928933
before,allWorld,standard,355,20,0,0,0,0,0,0,3350504,true,false,0.19260692376862895
before,allWorld,standard,356,20,1,0,0,0,63000,0,2544975,false,false,0.14813160017068286
before,allWorld,standard,357,20,1,0,0,0,110000,0,3795604,true,false,0.12300645413158855
before,allWorld,standard,358,20,2,0,0,0,191000,0,1806979,false,false,0.17071582066817984
before,allWorld,standard,359,20,2,0,0,0,144000,0,1350843,false,false,0.14155145289641763
before,allWorld,standard,360,20,3,0,0,0,148500,0,4212836,true,false,0.15439861211956846
before,allWorld,standard,361,20,5,0,0,0,288000,0,2570687,false,false,0.10820757430376433
before,allWorld,standard,362,20,1,0,0,0,90000,0,1827464,false,false,0.16908826347054182
before,allWorld,standard,363,20,3,0,0,0,240000,0,2375704,false,false,0.25706217924028907
before,allWorld,standard,364,20,3,0,0,0,189000,0,5267755,true,false,0.14441355340893122
before,allWorld,standard,365,20,1,0,0,0,70000,0,2500577,false,false,0.18439615250139257
before,allWorld,standard,366,20,2,0,0,0,153000,0,3598545,true,false,0.10227492390367943
before,allWorld,standard,367,20,0,0,0,0,0,0,2562168,false,false,0.15520732335497095
before,allWorld,standard,368,20,0,0,0,0,0,0,3391327,true,false,0.1481870518582326
before,allWorld,standard,369,20,1,0,0,0,60000,0,2975060,false,false,0.2161405166035259
before,allWorld,standard,370,20,2,0,0,0,189000,0,3278563,true,false,0.11471232357923636
before,allWorld,standard,371,20,1,0,0,0,54000,0,2787744,false,false,0.2302979967676672
before,allWorld,standard,372,20,2,0,0,0,139500,0,2020842,false,false,0.15001437952553887
before,allWorld,standard,373,20,2,0,0,0,105000,0,2061782,false,false,0.16890654462983318
before,allWorld,standard,374,20,3,0,0,0,199500,0,3371754,true,false,0.13624830921614306
before,allWorld,standard,375,20,3,0,0,0,189000,0,2139123,false,false,0.16574313715454683
before,allWorld,standard,376,20,1,0,0,0,110000,0,3279762,true,false,0.1866399611888214
before,allWorld,standard,377,20,3,2,2,43401,220500,0,1005976,false,false,0.1837348465934024
before,allWorld,standard,378,20,2,0,0,0,144000,0,2832684,false,false,0.1967423248056435
before,allWorld,standard,379,20,2,0,0,0,144000,0,6987323,true,false,0.13078865876819118
before,allWorld,standard,380,20,3,0,0,0,195000,0,1798419,false,false,0.3404431116976028
before,allWorld,standard,381,20,2,0,0,0,115000,0,2353807,false,false,0.14202538695635705
before,allWorld,standard,382,20,2,0,0,0,149000,0,5437576,true,false,0.1290099930523753
before,allWorld,standard,383,20,2,0,0,0,160000,0,2267857,false,false,0.20141596043609553
before,allWorld,standard,384,20,2,0,0,0,200000,0,1512228,false,false,0.11149708958432376
before,allWorld,standard,385,20,1,0,0,0,90000,0,1430080,false,false,0.20602339046255916
before,allWorld,standard,386,20,1,0,0,0,45000,0,6651891,true,false,0.13890237862818627
before,allWorld,standard,387,20,1,0,0,0,81000,0,3947290,true,false,0.17609225097174136
before,allWorld,standard,388,20,1,0,0,0,60000,0,2617147,false,false,0.1761085829402623
before,allWorld,standard,389,20,2,0,0,0,159000,0,1648717,false,false,0.2040007832916241
before,allWorld,standard,390,20,1,0,0,0,63000,0,1539659,false,false,0.17266640147279375
before,allWorld,standard,391,20,2,0,0,0,144000,0,4355991,true,false,0.15281259128253344
before,allWorld,standard,392,20,1,0,0,0,45000,0,2435124,false,false,0.13803674357610146
before,allWorld,standard,393,20,3,0,0,0,202500,0,3589609,true,false,0.15379353628665574
before,allWorld,standard,394,20,1,0,0,0,45000,0,8339532,true,false,0.14914554035087485
before,allWorld,standard,395,20,1,0,0,0,54000,0,1155740,false,false,0.21584173320195088
before,allWorld,standard,396,20,1,0,0,0,99000,0,2392568,false,false,0.15084764153159133
before,allWorld,standard,397,20,1,0,0,0,81000,0,2729004,false,false,0.15175814491533776
before,allWorld,standard,398,20,3,0,0,0,170500,0,3247097,true,false,0.13084722838184157
before,allWorld,standard,399,20,2,0,0,0,115000,0,1632038,false,false,0.19340824053311323
before,allWorld,standard,400,20,2,0,0,0,99000,0,6979203,true,false,0.14294978812867787
before,allWorld,standard,401,20,1,0,0,0,110000,0,4591637,true,false,0.18047732227813018
before,allWorld,standard,402,20,3,1,1,1000,204000,0,2365713,false,false,0.07765826737648013
before,allWorld,standard,403,20,3,0,0,0,175500,0,9838577,true,false,0.09496901223510248
before,allWorld,standard,404,20,1,0,0,0,90000,0,2896985,false,false,0.19313193221694983
before,allWorld,standard,405,20,1,0,0,0,45000,0,1352587,false,false,0.11386387153898032
before,allWorld,standard,406,20,3,0,0,0,230000,0,5987127,true,false,0.12769929330534566
before,allWorld,standard,407,20,4,0,0,0,229500,0,3533867,true,false,0.12832385493958967
before,allWorld,standard,408,20,2,2,2,35628,191000,0,2858235,false,false,0.09045118103032504
before,allWorld,standard,409,20,0,0,0,0,0,0,2255290,false,false,0.16794851232727454
before,allWorld,standard,410,20,2,0,0,0,135000,0,2171711,false,false,0.13086974192045933
before,allWorld,standard,411,20,2,0,0,0,162000,0,2862212,false,false,0.18839168993056887
before,allWorld,standard,412,20,1,0,0,0,40500,0,4181331,true,false,0.15567254064710698
before,allWorld,standard,413,20,3,0,0,0,229000,0,1921248,false,false,0.12783568236532075
before,allWorld,standard,414,20,1,0,0,0,110000,0,9742371,true,false,0.1369253918121457
before,allWorld,standard,415,20,1,0,0,0,70000,0,4072220,true,false,0.1756955076536338
before,allWorld,standard,416,20,1,0,0,0,70000,0,3566363,true,false,0.14866386652601238
before,allWorld,standard,417,20,3,0,0,0,205000,0,1767287,false,false,0.1928725457918562
before,allWorld,standard,418,20,2,0,0,0,135000,0,4455822,true,false,0.13584700584038795
before,allWorld,standard,419,20,1,0,0,0,50000,0,1186080,false,false,0.14314175006767238
before,allWorld,standard,420,20,4,0,0,0,285000,0,2704144,false,false,0.20437248029694946
before,allWorld,standard,421,20,3,0,0,0,245000,0,884508,false,false,0.1730479080528643
before,allWorld,standard,422,20,3,0,0,0,240500,0,606402,false,false,0.14962679440422838
before,allWorld,standard,423,20,3,2,2,20069,220500,0,1016873,false,false,0.10839977910982793
before,allWorld,standard,424,20,4,0,0,0,229500,0,1436860,false,false,0.15575743692503868
before,allWorld,standard,425,20,2,0,0,0,153000,0,1908790,false,false,0.15924750580069125
before,allWorld,standard,426,20,2,0,0,0,99000,0,10611076,true,false,0.12272506751132375
before,allWorld,standard,427,20,1,0,0,0,110000,0,1427938,false,false,0.23028010444185726
before,allWorld,standard,428,20,0,0,0,0,0,0,3634338,true,false,0.17279172345021693
before,allWorld,standard,429,20,2,0,0,0,99000,0,2209208,false,false,0.15165863839893579
before,allWorld,standard,430,20,3,0,0,0,171000,0,2822987,false,false,0.1712668882192187
before,allWorld,standard,431,20,3,0,0,0,218000,0,1919736,false,false,0.18013582737937825
before,allWorld,standard,432,20,1,0,0,0,99000,0,2050265,false,false,0.21405127157671355
before,allWorld,standard,433,20,0,0,0,0,0,0,3701590,true,false,0.14750214220543156
before,allWorld,standard,434,20,3,0,0,0,218000,0,2490282,false,false,0.10881134977075402
before,allWorld,standard,435,20,1,0,0,0,45000,0,4745120,true,false,0.12744677029360302
before,allWorld,standard,436,20,2,0,0,0,121500,0,1191249,false,false,0.1745385314357888
before,allWorld,standard,437,20,1,0,0,0,70000,0,1693384,false,false,0.21944077427499625
before,allWorld,standard,438,20,2,0,0,0,144000,0,2676706,false,false,0.18884847558782378
before,allWorld,standard,439,20,4,0,0,0,290000,0,4906119,true,false,0.10316816645258134
before,allWorld,standard,440,20,2,0,0,0,149000,0,3401521,true,false,0.17221675694905092
before,allWorld,standard,441,20,3,0,0,0,240000,0,4503340,true,false,0.16115830395191683
before,allWorld,standard,442,20,2,0,0,0,120000,0,1027134,false,false,0.15676343819261734
before,allWorld,standard,443,20,2,0,0,0,139500,0,1410449,false,false,0.22731251566416702
before,allWorld,standard,444,20,3,0,0,0,214000,0,2566726,false,false,0.12982012860126052
before,allWorld,standard,445,20,0,0,0,0,0,0,3754330,true,false,0.20920188852220534
before,allWorld,standard,446,20,5,0,0,0,288000,0,822869,false,false,0.111429402004715
before,allWorld,standard,447,20,1,0,0,0,110000,0,805318,false,false,0.17114995187425758
before,allWorld,standard,448,20,3,0,0,0,205000,0,1352099,false,false,0.12667798353142773
before,allWorld,standard,449,20,2,0,0,0,105000,0,1702398,false,false,0.1686233314750043
before,allWorld,standard,450,20,2,0,0,0,99000,0,1625599,false,false,0.20370727955711768
before,allWorld,standard,451,20,2,0,0,0,150500,0,3285250,true,false,0.1469728974153368
before,allWorld,standard,452,20,1,0,0,0,45000,0,2430423,false,false,0.15799829896233059
before,allWorld,standard,453,20,2,0,0,0,85500,0,4363827,true,false,0.16164780001806747
before,allWorld,standard,454,20,0,0,0,0,0,0,3000696,true,false,0.21444877042830174
before,allWorld,standard,455,20,3,0,0,0,225000,0,4275075,true,false,0.16222314913732722
before,allWorld,standard,456,20,2,0,0,0,95000,0,3799717,true,false,0.20969235665713665
before,allWorld,standard,457,20,3,0,0,0,216000,0,2730809,false,false,0.06391137172868044
before,allWorld,standard,458,20,3,0,0,0,252000,0,1646600,false,false,0.12303788313345218
before,allWorld,standard,459,20,1,0,0,0,50000,0,2447082,false,false,0.1986723105139468
before,allWorld,standard,460,20,0,0,0,0,0,0,5937350,true,false,0.16292361641481362
before,allWorld,standard,461,20,4,0,0,0,226500,0,2838232,false,false,0.17633330514482032
before,allWorld,standard,462,20,2,0,0,0,108000,0,6624743,true,false,0.13142077642079447
before,allWorld,standard,463,20,2,0,0,0,104000,0,2136465,false,false,0.15741728380059705
before,allWorld,standard,464,20,2,0,0,0,120000,0,1399487,false,false,0.18738000015896922
before,allWorld,standard,465,20,2,0,0,0,141000,0,2043531,false,false,0.1585650753948157
before,allWorld,standard,466,20,2,0,0,0,94500,0,1556053,false,false,0.16849993536136498
before,allWorld,standard,467,20,0,0,0,0,0,0,1561951,false,false,0.21880632633304337
before,allWorld,standard,468,20,2,0,0,0,160000,0,2362286,false,false,0.16462132756103492
before,allWorld,standard,469,20,3,0,0,0,245000,0,1877468,false,false,0.07889876571950767
before,allWorld,standard,470,20,2,0,0,0,130500,0,4435708,true,false,0.13066725080916172
before,allWorld,standard,471,20,2,0,0,0,151000,0,1377260,false,false,0.17545673380089696
before,allWorld,standard,472,20,3,0,0,0,212000,0,2143493,false,false,0.16890096712976924
before,allWorld,standard,473,20,1,0,0,0,45000,0,3644950,true,false,0.19003024791138992
before,allWorld,standard,474,20,2,0,0,0,110000,0,2799947,false,false,0.17628031960606866
before,allWorld,standard,475,20,2,0,0,0,123000,0,1957019,false,false,0.18208356750028123
before,allWorld,standard,476,20,2,0,0,0,95000,0,4521093,true,false,0.13237764734683127
before,allWorld,standard,477,20,2,0,0,0,200000,0,4948940,true,false,0.13634832874726469
before,allWorld,standard,478,20,2,0,0,0,189000,0,1691841,false,false,0.1525489998440555
before,allWorld,standard,479,20,1,0,0,0,45000,0,2377130,false,false,0.18480811885144896
before,allWorld,standard,480,20,2,0,0,0,153000,0,4348682,true,false,0.171163078340323
before,allWorld,standard,481,20,2,0,0,0,99000,0,3936547,true,false,0.15725872688527445
before,allWorld,standard,482,20,3,0,0,0,223000,0,2816684,false,false,0.14878278573779444
before,allWorld,standard,483,20,2,0,0,0,169000,0,5806999,true,false,0.09885968945495927
before,allWorld,standard,484,20,2,0,0,0,164000,0,3681554,true,false,0.15041713325738906
before,allWorld,standard,485,20,1,0,0,0,70000,0,5305317,true,false,0.14130807765068745
before,allWorld,standard,486,20,3,1,1,12269,223000,0,2252812,false,false,0.18815171225291147
before,allWorld,standard,487,20,0,0,0,0,0,0,3869148,true,false,0.13306300704808502
before,allWorld,standard,488,20,4,0,0,0,268000,0,3507464,true,false,0.15142523808077224
before,allWorld,standard,489,20,3,0,0,0,180000,0,7384622,true,false,0.11141967555293023
before,allWorld,standard,490,20,4,0,0,0,320000,0,2004484,false,false,0.15353376985711967
before,allWorld,standard,491,20,3,0,0,0,189000,0,1339839,false,false,0.12114868526986808
before,allWorld,standard,492,20,4,0,0,0,300500,0,3304355,true,false,0.09336699390791589
before,allWorld,standard,493,20,3,0,0,0,171000,0,1755865,false,false,0.2065944798302651
before,allWorld,standard,494,20,2,0,0,0,153000,0,2556401,false,false,0.15923625318012
before,allWorld,standard,495,20,1,0,0,0,45000,0,1322115,false,false,0.1863659326189666
before,allWorld,standard,496,20,2,0,0,0,159000,0,6512734,true,false,0.1455710150289905
before,allWorld,standard,497,20,3,0,0,0,270000,0,4239035,true,false,0.155479914169056
before,allWorld,standard,498,20,3,0,0,0,191500,0,2891041,false,false,0.09954520144448228
before,allWorld,standard,499,20,1,0,0,0,110000,0,2309558,false,false,0.13706928343268385
before,allWorld,standard,500,20,2,0,0,0,155000,0,2095538,false,false,0.11672156334143331
before,allWorld,standard,501,20,3,0,0,0,205000,0,3401539,true,false,0.14063657960635328
before,allWorld,standard,502,20,4,0,0,0,284000,0,2960012,false,false,0.13293971695688886
before,allWorld,standard,503,20,2,0,0,0,155000,0,4820370,true,false,0.16283131201359072
before,allWorld,standard,504,20,3,0,0,0,254000,0,1529146,false,false,0.13559977545920227
before,allWorld,standard,505,20,2,0,0,0,135000,0,2271878,false,false,0.12056328268099062
before,allWorld,standard,506,20,2,0,0,0,105000,0,2744964,false,false,0.18436773482361143
before,allWorld,standard,507,20,2,0,0,0,121500,0,6703245,true,false,0.10758516623718817
before,allWorld,standard,508,20,3,0,0,0,259000,0,2366286,false,false,0.1106721829496238
before,allWorld,standard,509,20,1,0,0,0,99000,0,2267192,false,false,0.1607495238342518
before,allWorld,standard,510,20,1,0,0,0,110000,0,3225941,true,false,0.16324228982630068
before,allWorld,standard,511,20,1,0,0,0,45000,0,1770739,false,false,0.205215678903622
before,allWorld,standard,512,20,2,0,0,0,105000,0,3804813,true,false,0.15582581234852494
before,allWorld,standard,513,20,3,0,0,0,162000,0,1332231,false,false,0.15395531888700928
before,allWorld,standard,514,20,1,0,0,0,70000,0,3282011,true,false,0.15278604707875437
before,allWorld,standard,515,20,3,0,0,0,240000,0,2227664,false,false,0.14222834784801394
before,allWorld,standard,516,20,2,0,0,0,155000,0,2674730,false,false,0.17005535077570003
before,allWorld,standard,517,20,2,0,0,0,144000,0,2288186,false,false,0.15527354923722259
before,allWorld,standard,518,20,1,0,0,0,81000,0,1067161,false,false,0.21334306209204051
before,allWorld,standard,519,20,1,0,0,0,81000,0,3680965,true,false,0.14877698357782124
before,allWorld,standard,520,20,2,0,0,0,135000,0,1099813,false,false,0.17084824196683682
before,allWorld,standard,521,20,1,0,0,0,45000,0,2811609,false,false,0.16696352528798702
before,allWorld,standard,522,20,4,1,1,20000,285500,0,1940745,false,false,0.0962117465563911
before,allWorld,standard,523,20,2,0,0,0,108000,0,2247887,false,false,0.19160452684698792
before,allWorld,standard,524,20,3,0,0,0,212000,0,2358345,false,false,0.12454345420208826
before,allWorld,standard,525,20,0,0,0,0,0,0,1400625,false,false,0.17407210945466722
before,allWorld,standard,526,20,4,1,1,44092,258000,0,1096180,false,false,0.06889188560044757
before,allWorld,standard,527,20,3,0,0,0,210000,0,3280543,true,false,0.1163116937966735
before,allWorld,standard,528,20,1,0,0,0,45000,0,581063,false,false,0.21703647984975222
before,allWorld,standard,529,20,2,0,0,0,130500,0,2121159,false,false,0.10641354579550115
before,allWorld,standard,530,20,4,0,0,0,313000,0,1443878,false,false,0.19075778449422914
before,allWorld,standard,531,20,1,0,0,0,45000,0,3982677,true,false,0.1484403733267849
before,allWorld,standard,532,20,2,0,0,0,126000,0,1166170,false,false,0.20793923747127302
before,allWorld,standard,533,20,1,0,0,0,45000,0,3244790,true,false,0.20568479058875414
before,allWorld,standard,534,20,3,0,0,0,200000,0,4357689,true,false,0.14349131326764722
before,allWorld,standard,535,20,2,0,0,0,99000,0,1251423,false,false,0.17355495344273072
before,allWorld,standard,536,20,0,0,0,0,0,0,3418787,true,false,0.16227254808987085
before,allWorld,standard,537,20,1,0,0,0,81000,0,4546698,true,false,0.16663931056656298
before,allWorld,standard,538,20,2,0,0,0,126000,0,4685418,true,false,0.1842367974817702
before,allWorld,standard,539,20,1,0,0,0,110000,0,7303027,true,false,0.15106219304397514
before,allWorld,standard,540,20,4,0,0,0,304000,0,2251723,false,false,0.1801312549038441
before,allWorld,standard,541,20,3,0,0,0,175500,0,6488899,true,false,0.1176751935096921
before,allWorld,standard,542,20,1,0,0,0,60000,0,2016236,false,false,0.15804328423545136
before,allWorld,standard,543,20,4,0,0,0,207000,0,2580351,false,false,0.1648380363373176
before,allWorld,standard,544,20,0,0,0,0,0,0,3072326,true,false,0.1520116410897933
before,allWorld,standard,545,20,2,0,0,0,169000,0,1527886,false,false,0.1803099978892472
before,allWorld,standard,546,20,0,0,0,0,0,0,1489411,false,false,0.2734391508894135
before,allWorld,standard,547,20,3,0,0,0,166500,0,2121985,false,false,0.16942799185874044
before,allWorld,standard,548,20,2,0,0,0,159000,0,3846664,true,false,0.12346739286143645
before,allWorld,standard,549,20,2,0,0,0,110500,0,2188744,false,false,0.1905990986167507
before,allWorld,standard,550,20,2,0,0,0,110500,0,2050269,false,false,0.18876597795821898
before,allWorld,standard,551,20,1,0,0,0,50000,0,1965468,false,false,0.27182541985457986
before,allWorld,standard,552,20,2,0,0,0,100500,0,2690431,false,false,0.17599202168337408
before,allWorld,standard,553,20,4,0,0,0,245500,0,5322700,true,false,0.12001933899531725
before,allWorld,standard,554,20,3,0,0,0,204000,0,3644041,true,false,0.11143168303837761
before,allWorld,standard,555,20,1,0,0,0,45000,0,2355467,false,false,0.17186487153450705
before,allWorld,standard,556,20,0,0,0,0,0,0,3914353,true,false,0.1781139073825222
before,allWorld,standard,557,20,1,0,0,0,90000,0,2493608,false,false,0.16514545280277385
before,allWorld,standard,558,20,2,0,0,0,200000,0,2995962,false,false,0.09877200511985905
before,allWorld,standard,559,20,1,0,0,0,70000,0,2859136,false,false,0.1535865778813175
before,allWorld,standard,560,20,3,0,0,0,219000,0,2888694,false,false,0.12447925605039609
before,allWorld,standard,561,20,0,0,0,0,0,0,4331008,true,false,0.1918910116571418
before,allWorld,standard,562,20,3,0,0,0,198000,0,2780845,false,false,0.1572153600399276
before,allWorld,standard,563,20,0,0,0,0,0,0,1669904,false,false,0.1848839002251707
before,allWorld,standard,564,20,1,0,0,0,45000,0,1516510,false,false,0.2158679865514531
before,allWorld,standard,565,20,4,0,0,0,272000,0,3559072,true,false,0.1386901147848994
before,allWorld,standard,566,20,1,0,0,0,40500,0,5085809,true,false,0.15147145738577356
before,allWorld,standard,567,20,2,1,1,40630,140000,0,1939914,false,false,0.15586493997986717
before,allWorld,standard,568,20,1,0,0,0,45000,0,4597242,true,false,0.13874483569091695
before,allWorld,standard,569,20,1,0,0,0,70000,0,5254776,true,false,0.16867444630279954
before,allWorld,standard,570,20,1,0,0,0,81000,0,1745219,false,false,0.2335047544677326
before,allWorld,standard,571,20,3,0,0,0,214000,0,8111818,true,false,0.15198421030412146
before,allWorld,standard,572,20,4,1,1,31338,225500,0,3932920,true,false,0.05790610722750757
before,allWorld,standard,573,20,2,0,0,0,90500,0,3967406,true,false,0.15260342761013435
before,allWorld,standard,574,20,1,0,0,0,110000,0,2727874,false,false,0.139747248369494
before,allWorld,standard,575,20,2,0,0,0,131000,0,3875275,true,false,0.1651662104849647
before,allWorld,standard,576,20,2,0,0,0,191000,0,1232000,false,false,0.17517366894120737
before,allWorld,standard,577,20,2,0,0,0,149000,0,2952516,false,false,0.18795556391129017
before,allWorld,standard,578,20,2,0,0,0,149000,0,1316573,false,false,0.16536387686532056
before,allWorld,standard,579,20,1,0,0,0,54000,0,2401019,false,false,0.1892564496023747
before,allWorld,standard,580,20,0,0,0,0,0,0,2632985,false,false,0.1597929609117144
before,allWorld,standard,581,20,3,0,0,0,250000,0,1792415,false,false,0.1817017493523545
before,allWorld,standard,582,20,2,0,0,0,169000,0,2198483,false,false,0.29020233965912035
before,allWorld,standard,583,20,3,0,0,0,157500,0,2387817,false,false,0.15909248759675546
before,allWorld,standard,584,20,2,0,0,0,180000,0,1682952,false,false,0.1759944269162121
before,allWorld,standard,585,20,4,0,0,0,268000,0,3586256,true,false,0.12660792172147659
before,allWorld,standard,586,20,1,0,0,0,63000,0,2997155,false,false,0.12468021447492968
before,allWorld,standard,587,20,2,0,0,0,160000,0,1259994,false,false,0.15602819815091196
before,allWorld,standard,588,20,2,0,0,0,189000,0,3642079,true,false,0.1462547895804968
before,allWorld,standard,589,20,3,0,0,0,205000,0,2534234,false,false,0.12604668851910425
before,allWorld,standard,590,20,3,0,0,0,180000,0,4729999,true,false,0.12912884064661148
before,allWorld,standard,591,20,2,0,0,0,123000,0,1699993,false,false,0.21102931857963939
before,allWorld,standard,592,20,4,0,0,0,261000,0,2315008,false,false,0.1804680639342144
before,allWorld,standard,593,20,1,0,0,0,81000,0,2665699,false,false,0.14784613074359804
before,allWorld,standard,594,20,3,0,0,0,194000,0,1235354,false,false,0.14894196325254558
before,allWorld,standard,595,20,1,0,0,0,70000,0,2644667,false,false,0.2183974685983538
before,allWorld,standard,596,20,0,0,0,0,0,0,8528101,true,false,0.12853415641997293
before,allWorld,standard,597,20,2,0,0,0,189000,0,2068136,false,false,0.12795914644731574
before,allWorld,standard,598,20,1,0,0,0,54000,0,2063166,false,false,0.1470018700787972
before,allWorld,standard,599,20,2,0,0,0,103500,0,3622362,true,false,0.13171664139531478
before,allWorld,invest,0,20,2,2,2,108287,135000,0,2563610,false,false,0.03111469488124824
before,allWorld,invest,1,20,1,1,1,62840,81000,0,3925776,true,false,0.027468364835306014
before,allWorld,invest,2,20,1,1,1,90056,99000,0,3316743,true,false,0.02650944090021773
before,allWorld,invest,3,20,2,2,2,78499,99000,0,2029204,false,false,0.021089753790006344
before,allWorld,invest,4,20,1,1,1,57500,70000,0,2986874,false,false,0.02941690312839737
before,allWorld,invest,5,20,1,1,1,81311,90000,0,2418840,false,false,0.025467564747809913
before,allWorld,invest,6,20,3,3,3,148000,200500,0,1408081,false,false,0.015228561969476117
before,allWorld,invest,7,20,3,3,3,177860,184500,0,913308,false,false,0.028243979084488845
before,allWorld,invest,8,20,1,1,1,48200,63000,0,1458918,false,false,0.03312815596797653
before,allWorld,invest,9,20,2,2,2,123395,139500,0,2211945,false,false,0.021507808250550767
before,allWorld,invest,10,20,2,2,2,151843,160000,0,1594350,false,false,0.036045850726433556
before,allWorld,invest,11,20,2,2,2,82253,110000,0,994246,false,false,0.04149768880940022
before,allWorld,invest,12,20,2,2,2,124501,150500,0,987188,false,false,0.02488426164106199
before,allWorld,invest,13,20,2,2,2,73991,90500,0,3680914,true,false,0.02593721736004494
before,allWorld,invest,14,20,0,0,0,0,0,0,1542804,false,false,0.03220994902135589
before,allWorld,invest,15,20,1,1,1,78460,99000,0,1765155,false,false,0.026114646142860125
before,allWorld,invest,16,20,2,2,2,78140,94500,0,1597309,false,false,0.025003299042959032
before,allWorld,invest,17,20,2,2,2,115448,126000,0,3051016,true,false,0.021464034852476617
before,allWorld,invest,18,20,4,4,4,153884,234500,0,1987364,false,false,0.01951239102668368
before,allWorld,invest,19,20,2,2,2,73559,99000,0,2927239,false,false,0.017342632511849605
before,allWorld,invest,20,20,2,2,2,147676,160000,0,952356,false,false,0.03768142361375742
before,allWorld,invest,21,20,3,2,2,94688,155000,0,2738225,false,false,0.030695047783011957
before,allWorld,invest,22,20,4,4,4,220077,248000,0,1224641,false,false,0.01636020713753986
before,allWorld,invest,23,20,1,1,1,26543,40500,0,2231406,false,false,0.02312582188742871
before,allWorld,invest,24,20,3,1,1,37533,144000,0,3029900,true,false,0.03668831994482715
before,allWorld,invest,25,20,1,1,1,46719,50000,0,1606930,false,false,0.025690774859016774
before,allWorld,invest,26,20,0,0,0,0,0,0,1193493,false,false,0.05640661173737153
before,allWorld,invest,27,20,1,1,1,88594,90000,0,1080370,false,false,0.02412439978545234
before,allWorld,invest,28,20,2,2,2,160612,169000,0,1075473,false,false,0.02065853998870072
before,allWorld,invest,29,20,1,1,1,32411,63000,0,1943170,false,false,0.02565212302651585
before,allWorld,invest,30,20,1,1,1,29098,81000,0,2630755,false,false,0.02636807435441877
before,allWorld,invest,31,20,1,1,1,89219,90000,0,2077967,false,false,0.02227884737519945
before,allWorld,invest,32,20,4,4,4,182364,252500,0,887808,false,false,0.04370898545272232
before,allWorld,invest,33,20,0,0,0,0,0,0,1479360,false,false,0.026656748208092256
before,allWorld,invest,34,20,1,1,1,70092,81000,0,1638482,false,false,0.01965060617162006
before,allWorld,invest,35,20,2,2,2,119467,135000,0,1748130,false,false,0.02317590307944136
before,allWorld,invest,36,20,1,1,1,86875,90000,0,2088011,false,false,0.024699578887837553
before,allWorld,invest,37,20,1,1,1,36618,45000,0,1298332,false,false,0.02110998851746815
before,allWorld,invest,38,20,3,3,3,113146,157500,0,1926271,false,false,0.02796234119811466
before,allWorld,invest,39,20,2,2,2,112228,135000,0,1184020,false,false,0.0459726326028049
before,allWorld,invest,40,20,1,1,1,27211,40500,0,3091814,true,false,0.025120722800032892
before,allWorld,invest,41,20,2,1,1,59874,173000,0,1853545,false,false,0.03393691391729668
before,allWorld,invest,42,20,2,2,2,70466,105000,0,1349315,false,false,0.027112824507863686
before,allWorld,invest,43,20,3,3,3,169047,204000,0,1792874,false,false,0.023227552569508276
before,allWorld,invest,44,20,2,2,2,149043,164000,0,2745772,false,false,0.018402193834712165
before,allWorld,invest,45,20,3,3,3,207999,220500,0,629196,false,false,0.03744089578292342
before,allWorld,invest,46,20,2,2,2,105875,124000,0,498015,false,false,0.044284146305925205
before,allWorld,invest,47,20,1,1,1,39191,54000,0,1731147,false,false,0.028858650290235443
before,allWorld,invest,48,20,2,2,2,114337,126000,0,1532880,false,false,0.02544397059315326
before,allWorld,invest,49,20,3,3,3,148099,166500,0,831361,false,false,0.03753870222178418
before,allWorld,invest,50,20,2,2,2,75457,105000,0,2619290,false,false,0.020811036046399427
before,allWorld,invest,51,20,0,0,0,0,0,0,3272906,true,false,0.021392791320497425
before,allWorld,invest,52,20,1,0,0,0,50000,0,1755700,false,false,0.03178724792877512
before,allWorld,invest,53,20,2,1,1,40696,164000,0,1797719,false,false,0.02615179752665824
before,allWorld,invest,54,20,2,2,2,137500,150000,0,2924429,false,false,0.02281375130000333
before,allWorld,invest,55,20,3,3,3,115658,145500,0,854595,false,false,0.04647571850499562
before,allWorld,invest,56,20,1,1,1,37486,63000,0,2483792,false,false,0.021693036618081342
before,allWorld,invest,57,20,0,0,0,0,0,0,1512150,false,false,0.03648353097421924
before,allWorld,invest,58,20,3,3,3,191617,215000,0,1507722,false,false,0.028918003879312003
before,allWorld,invest,59,20,2,2,2,48287,105000,0,3552275,true,false,0.026774504588718172
before,allWorld,invest,60,20,4,4,4,193045,314000,0,4309569,true,false,0.026987713358959987
before,allWorld,invest,61,20,4,3,3,136650,290500,0,2879750,false,false,0.025976343420415594
before,allWorld,invest,62,20,0,0,0,0,0,0,2483320,false,false,0.035123200187185934
before,allWorld,invest,63,20,1,1,1,47669,54000,0,1310573,false,false,0.03382493535657019
before,allWorld,invest,64,20,2,2,2,111212,135000,0,5353187,true,false,0.029744228446015424
before,allWorld,invest,65,20,3,3,3,169406,195000,0,2490789,false,false,0.026860897736637503
before,allWorld,invest,66,20,1,1,1,41667,45000,0,1688439,false,false,0.02338495583028302
before,allWorld,invest,67,20,2,2,2,144108,155000,0,447436,false,false,0.06302943015928751
before,allWorld,invest,68,20,1,1,1,66719,70000,0,5121262,true,false,0.033015308557992555
before,allWorld,invest,69,20,3,3,3,99214,162000,0,2215822,false,false,0.02670458881936133
before,allWorld,invest,70,20,1,1,1,66687,70000,0,1792946,false,false,0.027020523913274825
before,allWorld,invest,71,20,4,4,4,195375,209500,0,1490163,false,false,0.027573697336438573
before,allWorld,invest,72,20,3,3,3,127329,167000,0,4299033,true,false,0.02144914840605289
before,allWorld,invest,73,20,2,2,2,82447,95000,0,1312965,false,false,0.02635295115783497
before,allWorld,invest,74,20,3,3,3,127867,205000,0,783638,false,false,0.02744113630735402
before,allWorld,invest,75,20,1,1,1,25539,40500,0,1881787,false,false,0.02806496071642104
before,allWorld,invest,76,20,2,2,2,165266,189000,0,1835663,false,false,0.031110489134908048
before,allWorld,invest,77,20,2,2,2,141211,151000,0,2390563,false,false,0.02958202842837358
before,allWorld,invest,78,20,0,0,0,0,0,0,3753579,true,false,0.02122046670026841
before,allWorld,invest,79,20,2,2,2,126903,139500,0,703234,false,false,0.04206532036135506
before,allWorld,invest,80,20,2,2,2,152610,180000,0,1251810,false,false,0.047528129415467454
before,allWorld,invest,81,20,3,2,2,120730,203000,0,3466137,true,false,0.02007106227918356
before,allWorld,invest,82,20,3,2,2,66872,144500,0,1334593,false,false,0.03553336818796245
before,allWorld,invest,83,20,2,2,2,136731,162000,0,3225111,true,false,0.022163747616299297
before,allWorld,invest,84,20,1,1,1,59219,60000,0,3311599,true,false,0.02364769208232207
before,allWorld,invest,85,20,3,3,3,134557,162000,0,1294811,false,false,0.03178425379465986
before,allWorld,invest,86,20,2,2,2,104299,126000,0,2415843,false,false,0.022809217105907657
before,allWorld,invest,87,20,2,2,2,134461,144000,0,1019095,false,false,0.031497488617789136
before,allWorld,invest,88,20,2,2,2,92937,159000,0,3904621,true,false,0.016029918673224227
before,allWorld,invest,89,20,2,2,2,105657,121500,0,1716409,false,false,0.034637189354918205
before,allWorld,invest,90,20,1,1,1,106680,110000,0,3056454,true,false,0.0367638498130763
before,allWorld,invest,91,20,1,1,1,60000,110000,0,1282332,false,false,0.03310449001957779
before,allWorld,invest,92,20,3,3,3,169477,214000,0,954813,false,false,0.027661721289822548
before,allWorld,invest,93,20,2,2,2,92113,117000,0,723589,false,false,0.029004561016163655
before,allWorld,invest,94,20,3,3,3,129878,149000,0,1701775,false,false,0.02394216841571593
before,allWorld,invest,95,20,0,0,0,0,0,0,3969888,true,false,0.02142941231436133
before,allWorld,invest,96,20,1,1,1,20000,70000,0,1598147,false,false,0.028555305640567553
before,allWorld,invest,97,20,2,2,2,102455,140000,0,2824799,false,false,0.022032147756732658
before,allWorld,invest,98,20,1,1,1,57500,70000,0,1384939,false,false,0.036482824783420235
before,allWorld,invest,99,20,2,2,2,111116,173000,0,1414346,false,false,0.030788825263351777
before,allWorld,invest,100,20,3,3,3,145106,250000,0,2588667,false,false,0.029345563919101925
before,allWorld,invest,101,20,2,2,2,132166,155000,0,2118483,false,false,0.02050871826487937
before,allWorld,invest,102,20,3,3,3,177565,193500,0,1138021,false,false,0.04449965396127733
before,allWorld,invest,103,20,3,3,3,133667,169000,0,1160880,false,false,0.032060749576318735
before,allWorld,invest,104,20,3,3,3,165477,209500,0,2022016,false,false,0.02451844414163571
before,allWorld,invest,105,20,3,2,2,94284,231500,0,2489011,false,false,0.02534821757726382
before,allWorld,invest,106,20,2,2,2,117069,126000,0,1673132,false,false,0.03165457811579472
before,allWorld,invest,107,20,2,2,2,118700,135000,0,1336755,false,false,0.022504356401148878
before,allWorld,invest,108,20,1,1,1,20000,70000,0,2590618,false,false,0.021998294714766962
before,allWorld,invest,109,20,2,2,2,102578,123000,0,2530062,false,false,0.03611244342707818
before,allWorld,invest,110,20,1,1,1,46812,70000,0,2718668,false,false,0.02447504400608416
before,allWorld,invest,111,20,2,2,2,126310,149000,0,2133005,false,false,0.022772143866144425
before,allWorld,invest,112,20,1,1,1,24528,40500,0,3223541,true,false,0.015292507727159881
before,allWorld,invest,113,20,2,2,2,85892,105000,0,763461,false,false,0.03813408539513085
before,allWorld,invest,114,20,2,2,2,156500,169000,0,2654605,false,false,0.015391244185298974
before,allWorld,invest,115,20,1,1,1,37180,40500,0,1033139,false,false,0.029980292213310507
before,allWorld,invest,116,20,1,1,1,44531,54000,0,1735027,false,false,0.027995368867040675
before,allWorld,invest,117,20,1,1,1,66680,70000,0,1247515,false,false,0.035081668758883924
before,allWorld,invest,118,20,3,3,3,208018,214000,0,368865,false,false,0.0297931865295444
before,allWorld,invest,119,20,1,1,1,79735,99000,0,5035400,true,false,0.02797750157574645
before,allWorld,invest,120,20,2,2,2,73564,95000,0,2198600,false,false,0.03597325110218775
before,allWorld,invest,121,20,1,1,1,34920,45000,0,2084826,false,false,0.01944091336064057
before,allWorld,invest,122,20,3,3,3,201905,243000,0,3604529,true,false,0.019629430033695713
before,allWorld,invest,123,20,1,1,1,63021,70000,0,1082339,false,false,0.0437695597632996
before,allWorld,invest,124,20,1,1,1,51329,63000,0,1733080,false,false,0.03485687901380998
before,allWorld,invest,125,20,1,1,1,32954,54000,0,2838914,false,false,0.02640563749913764
before,allWorld,invest,126,20,1,1,1,96497,99000,0,2171220,false,false,0.02260726362463527
before,allWorld,invest,127,20,0,0,0,0,0,0,2675748,false,false,0.022935476093124286
before,allWorld,invest,128,20,2,2,2,120000,170000,0,1158249,false,false,0.029729629092941086
before,allWorld,invest,129,20,1,1,1,26542,45000,0,654411,false,false,0.04354052970383941
before,allWorld,invest,130,20,1,1,1,31285,50000,0,2253694,false,false,0.023425768420340415
before,allWorld,invest,131,20,2,2,2,108694,124000,0,1010016,false,false,0.022780126850337475
before,allWorld,invest,132,20,2,2,2,106364,121500,0,1057422,false,false,0.03471044291203153
before,allWorld,invest,133,20,1,1,1,101975,110000,0,1932199,false,false,0.03744391812831744
before,allWorld,invest,134,20,1,1,1,106599,110000,0,1821606,false,false,0.02793289506829096
before,allWorld,invest,135,20,1,1,1,30730,54000,0,2735235,false,false,0.019497988507678653
before,allWorld,invest,136,20,4,4,4,256409,304000,0,1488370,false,false,0.024262438090183695
before,allWorld,invest,137,20,3,3,3,162479,216000,0,3340847,true,false,0.01924715017527249
before,allWorld,invest,138,20,1,0,0,0,45000,0,4286994,true,false,0.021151377592449744
before,allWorld,invest,139,20,1,1,1,32167,40500,0,3119161,true,false,0.018697602757939222
before,allWorld,invest,140,20,2,2,2,86115,170000,0,4399438,true,false,0.019621094688004246
before,allWorld,invest,141,20,4,3,3,181804,274000,0,730491,false,false,0.044428214905075133
before,allWorld,invest,142,20,2,2,2,103805,104000,0,1197661,false,false,0.016755833435125437
before,allWorld,invest,143,20,1,1,1,33671,40500,0,1391902,false,false,0.02721217731851298
before,allWorld,invest,144,20,4,4,4,177565,255500,0,596956,false,false,0.029677584938220376
before,allWorld,invest,145,20,1,1,1,50875,60000,0,4849200,true,false,0.018014630356764417
before,allWorld,invest,146,20,2,2,2,142665,162000,0,2283266,false,false,0.028427482913122186
before,allWorld,invest,147,20,3,3,3,143641,184500,0,2026085,false,false,0.020187284264172437
before,allWorld,invest,148,20,3,3,3,155622,218000,0,1105497,false,false,0.020131521495674817
before,allWorld,invest,149,20,2,1,1,77667,126000,0,2459940,false,false,0.0320168471386959
before,allWorld,invest,150,20,2,2,2,131631,141000,0,1463480,false,false,0.0188022065226015
before,allWorld,invest,151,20,3,3,3,201295,231500,0,1789411,false,false,0.026401494899811372
before,allWorld,invest,152,20,0,0,0,0,0,0,1015547,false,false,0.04353217384009295
before,allWorld,invest,153,20,1,1,1,50633,54000,0,1839412,false,false,0.022325247728752485
before,allWorld,invest,154,20,3,2,2,37746,195000,0,8494206,true,false,0.021001677948831343
before,allWorld,invest,155,20,2,2,2,112650,144000,0,2856558,false,false,0.039938653975386026
before,allWorld,invest,156,20,3,3,3,191121,254000,0,3004110,true,false,0.0256675811067548
before,allWorld,invest,157,20,3,3,3,208575,234000,0,1010909,false,false,0.03952552804688467
before,allWorld,invest,158,20,4,4,4,270749,304000,0,1353876,false,false,0.025184908426016478
before,allWorld,invest,159,20,2,2,2,83889,90500,0,1371470,false,false,0.031298197242368125
before,allWorld,invest,160,20,2,2,2,150709,164000,0,1171746,false,false,0.028113182002404667
before,allWorld,invest,161,20,1,1,1,92364,99000,0,2129874,false,false,0.04024487044990653
before,allWorld,invest,162,20,0,0,0,0,0,0,3077787,true,false,0.027591068152396852
before,allWorld,invest,163,20,0,0,0,0,0,0,6116224,true,false,0.0221110212325531
before,allWorld,invest,164,20,2,2,2,136503,150500,0,2194356,false,false,0.027476759886645385
before,allWorld,invest,165,20,1,1,1,59601,81000,0,1498908,false,false,0.040012788920217326
before,allWorld,invest,166,20,4,4,4,228299,249000,0,326539,false,false,0.047473833297652875
before,allWorld,invest,167,20,2,2,2,115476,126000,0,1140072,false,false,0.024475944430354356
before,allWorld,invest,168,20,1,1,1,93067,99000,0,3977875,true,false,0.024786659115226928
before,allWorld,invest,169,20,1,1,1,74814,99000,0,2424221,false,false,0.039706320060717434
before,allWorld,invest,170,20,1,1,1,41869,45000,0,2712076,false,false,0.03164839871671084
before,allWorld,invest,171,20,1,1,1,17552,45000,0,3666986,true,false,0.025946645517078627
before,allWorld,invest,172,20,0,0,0,0,0,0,3380187,true,false,0.026600034519776234
before,allWorld,invest,173,20,1,1,1,31164,40500,0,1299872,false,false,0.0258480899573785
before,allWorld,invest,174,20,3,3,3,148187,175500,0,1239312,false,false,0.025664851025274726
before,allWorld,invest,175,20,2,2,2,73505,115000,0,715038,false,false,0.03712801075640008
before,allWorld,invest,176,20,4,4,4,269956,296000,0,1622124,false,false,0.020434042826519602
before,allWorld,invest,177,20,3,3,3,136019,169000,0,1661256,false,false,0.022856573384302543
before,allWorld,invest,178,20,3,3,3,234961,243000,0,726342,false,false,0.03447925210636749
before,allWorld,invest,179,20,3,3,3,142044,181500,0,1012145,false,false,0.026548785693243794
before,allWorld,invest,180,20,2,2,2,59278,99000,0,2661659,false,false,0.021161481451513607
before,allWorld,invest,181,20,3,3,3,129042,214000,0,3290361,true,false,0.02109608755499378
before,allWorld,invest,182,20,1,1,1,62951,63000,0,3330756,true,false,0.017473767145336497
before,allWorld,invest,183,20,3,3,3,168587,200500,0,1695153,false,false,0.028205550520503393
before,allWorld,invest,184,20,4,4,4,259992,295000,0,350096,false,false,0.0499492746192379
before,allWorld,invest,185,20,3,3,3,156910,180000,0,3305903,true,false,0.019438026687736913
before,allWorld,invest,186,20,3,3,3,196825,234000,0,1325962,false,false,0.025411845415835736
before,allWorld,invest,187,20,2,2,2,108917,130000,0,2321771,false,false,0.029066538408593228
before,allWorld,invest,188,20,2,2,2,70044,151000,0,945065,false,false,0.03927565632506303
before,allWorld,invest,189,20,2,2,2,142010,160000,0,1823714,false,false,0.03754453578350579
before,allWorld,invest,190,20,3,3,3,211849,234000,0,986661,false,false,0.03374543486952178
before,allWorld,invest,191,20,3,3,3,138616,164500,0,1340862,false,false,0.0246891030579051
before,allWorld,invest,192,20,1,1,1,55878,63000,0,973196,false,false,0.024066746091066182
before,allWorld,invest,193,20,2,2,2,127104,151000,0,1789759,false,false,0.028200537924319917
before,allWorld,invest,194,20,1,1,1,47602,60000,0,2024006,false,false,0.041122241629325616
before,allWorld,invest,195,20,3,3,3,191569,210500,0,1415341,false,false,0.026414784700060884
before,allWorld,invest,196,20,5,5,5,289626,353500,0,1276524,false,false,0.036866531184400475
before,allWorld,invest,197,20,3,2,2,110526,180000,0,3643844,true,false,0.01670551577433147
before,allWorld,invest,198,20,2,2,2,121432,135000,0,280182,false,false,0.04643043389001509
before,allWorld,invest,199,20,3,2,2,148162,220000,0,912584,false,false,0.031075449803714728
before,allWorld,invest,200,20,3,3,3,162865,175500,0,1660114,false,false,0.02235370098297796
before,allWorld,invest,201,20,1,1,1,106875,110000,0,2140643,false,false,0.030051601856323152
before,allWorld,invest,202,20,2,2,2,58273,135000,0,4321774,true,false,0.019795189470754416
before,allWorld,invest,203,20,1,1,1,98903,99000,0,1232587,false,false,0.04403155706901352
before,allWorld,invest,204,20,1,1,1,40305,40500,0,1674747,false,false,0.022067772768109565
before,allWorld,invest,205,20,2,1,1,94781,144000,0,3372593,true,false,0.020576137875628363
before,allWorld,invest,206,20,2,2,2,103763,108000,0,2316100,false,false,0.02487965890204839
before,allWorld,invest,207,20,3,3,3,167213,234000,0,2453755,false,false,0.025229654917375888
before,allWorld,invest,208,20,2,1,1,75819,140000,0,4918591,true,false,0.02587837686684835
before,allWorld,invest,209,20,1,1,1,33883,45000,0,2572384,false,false,0.029378299858847524
before,allWorld,invest,210,20,2,2,2,96821,103500,0,639497,false,false,0.04591915665634394
before,allWorld,invest,211,20,3,3,3,227782,251000,0,343535,false,false,0.04023106362502303
before,allWorld,invest,212,20,3,3,3,136812,164500,0,2828287,false,false,0.03329411608397449
before,allWorld,invest,213,20,3,3,3,193173,214000,0,963184,false,false,0.03735823766865321
before,allWorld,invest,214,20,4,4,4,255200,274000,0,1938126,false,false,0.024796085829194247
before,allWorld,invest,215,20,2,2,2,90872,121500,0,3205292,true,false,0.029599831259449445
before,allWorld,invest,216,20,1,1,1,27332,54000,0,941844,false,false,0.04743100716617225
before,allWorld,invest,217,20,1,1,1,40084,50000,0,2846580,false,false,0.02155781454140368
before,allWorld,invest,218,20,2,2,2,161719,180000,0,2278190,false,false,0.02280516181380063
before,allWorld,invest,219,20,1,0,0,0,50000,0,1273738,false,false,0.026775802709693687
before,allWorld,invest,220,20,3,3,3,143514,225000,0,3831159,true,false,0.032164659365153545
before,allWorld,invest,221,20,2,2,2,134257,149000,0,1424602,false,false,0.02531189897592941
before,allWorld,invest,222,20,2,1,1,72044,126000,0,1826503,false,false,0.02492571061312817
before,allWorld,invest,223,20,1,1,1,38347,45000,0,2794835,false,false,0.02479081872689013
before,allWorld,invest,224,20,2,2,2,132552,164000,0,1081625,false,false,0.024925983223769703
before,allWorld,invest,225,20,3,3,3,147133,211000,0,4353073,true,false,0.034098354555018175
before,allWorld,invest,226,20,2,2,2,156476,164000,0,3155056,true,false,0.02419878601184564
before,allWorld,invest,227,20,2,2,2,182496,189000,0,1873163,false,false,0.024582437453909693
before,allWorld,invest,228,20,1,1,1,24764,40500,0,1806354,false,false,0.031115014090418874
before,allWorld,invest,229,20,2,2,2,192792,200000,0,950277,false,false,0.04086971448511484
before,allWorld,invest,230,20,2,2,2,75552,85500,0,1480791,false,false,0.023097002757234506
before,allWorld,invest,231,20,2,2,2,113765,139500,0,2360042,false,false,0.031224292634520097
before,allWorld,invest,232,20,4,4,4,251622,317000,0,967552,false,false,0.030336393072443364
before,allWorld,invest,233,20,1,1,1,39189,45000,0,1284061,false,false,0.028626311353441885
before,allWorld,invest,234,20,2,2,2,156300,169000,0,1788116,false,false,0.020580784190008288
before,allWorld,invest,235,20,3,3,3,120511,189000,0,988388,false,false,0.029203840215258403
before,allWorld,invest,236,20,0,0,0,0,0,0,1459722,false,false,0.05184104107710043
before,allWorld,invest,237,20,2,2,2,53392,105000,0,2665777,false,false,0.02369147362736781
before,allWorld,invest,238,20,3,3,3,180582,198000,0,1174288,false,false,0.024355988493599094
before,allWorld,invest,239,20,1,1,1,65485,70000,0,795031,false,false,0.048223171255378304
before,allWorld,invest,240,20,1,1,1,62395,81000,0,2915443,false,false,0.024825518462835143
before,allWorld,invest,241,20,1,1,1,51393,63000,0,2090963,false,false,0.02387091592466589
before,allWorld,invest,242,20,2,2,2,126778,159000,0,869342,false,false,0.04494906459611046
before,allWorld,invest,243,20,3,3,3,216797,245000,0,1481066,false,false,0.04218694298678831
before,allWorld,invest,244,20,2,2,2,110502,164000,0,1073946,false,false,0.029394077957333488
before,allWorld,invest,245,20,3,3,3,157573,184500,0,2395411,false,false,0.029491947608738488
before,allWorld,invest,246,20,2,2,2,158126,169000,0,1271400,false,false,0.02492453081130555
before,allWorld,invest,247,20,2,2,2,89219,105000,0,1567670,false,false,0.03711210235344502
before,allWorld,invest,248,20,1,1,1,32280,54000,0,2888860,false,false,0.028883467995482266
before,allWorld,invest,249,20,2,1,1,107188,155000,0,1802126,false,false,0.031413235632514296
before,allWorld,invest,250,20,0,0,0,0,0,0,2369537,false,false,0.032470673422500304
before,allWorld,invest,251,20,4,4,4,273579,294500,0,700648,false,false,0.029044672899107633
before,allWorld,invest,252,20,3,3,3,235625,245000,0,855757,false,false,0.029045851551047403
before,allWorld,invest,253,20,0,0,0,0,0,0,1718112,false,false,0.025493574784623402
before,allWorld,invest,254,20,2,2,2,64914,90000,0,3218008,true,false,0.021253475166954566
before,allWorld,invest,255,20,0,0,0,0,0,0,2439887,false,false,0.02540544501386486
before,allWorld,invest,256,20,3,3,3,186817,225000,0,2100616,false,false,0.027463090385167633
before,allWorld,invest,257,20,2,2,2,104693,164000,0,1830470,false,false,0.014472581636538867
before,allWorld,invest,258,20,4,4,4,219949,270500,0,2427949,false,false,0.0306436941903708
before,allWorld,invest,259,20,2,2,2,130110,169000,0,4641620,true,false,0.02702370176179992
before,allWorld,invest,260,20,2,2,2,124804,144000,0,1729614,false,false,0.021028249711583267
before,allWorld,invest,261,20,2,2,2,166547,191000,0,1388772,false,false,0.02166693864946235
before,allWorld,invest,262,20,2,2,2,57206,85500,0,2100153,false,false,0.022100546806876786
before,allWorld,invest,263,20,4,4,4,213159,238500,0,1092844,false,false,0.028362380614035683
before,allWorld,invest,264,20,2,2,2,101821,130500,0,987003,false,false,0.03046698765995366
before,allWorld,invest,265,20,4,4,4,226336,254500,0,1972078,false,false,0.025685509872077534
before,allWorld,invest,266,20,2,2,2,125069,149000,0,575255,false,false,0.028363441325186513
before,allWorld,invest,267,20,3,3,3,160626,198000,0,1717749,false,false,0.026230837160417502
before,allWorld,invest,268,20,3,3,3,169335,191000,0,7040000,true,false,0.019221599027894505
before,allWorld,invest,269,20,4,4,4,269704,315000,0,2608425,false,false,0.021481756631211848
before,allWorld,invest,270,20,3,2,2,113281,205000,0,3451647,true,false,0.029625830261832197
before,allWorld,invest,271,20,2,2,2,86500,99000,0,2209469,false,false,0.02504683372146324
before,allWorld,invest,272,20,1,1,1,88980,110000,0,2831169,false,false,0.022699781161781507
before,allWorld,invest,273,20,3,2,2,129106,210000,0,2246412,false,false,0.024015468538643878
before,allWorld,invest,274,20,1,1,1,51686,60000,0,1352252,false,false,0.032255703428941775
before,allWorld,invest,275,20,1,1,1,85629,99000,0,930856,false,false,0.052070237680738526
before,allWorld,invest,276,20,2,2,2,105633,123000,0,2186874,false,false,0.019343836944438787
before,allWorld,invest,277,20,2,2,2,172242,189000,0,1380277,false,false,0.02149678066487971
before,allWorld,invest,278,20,2,2,2,109205,141000,0,1141010,false,false,0.025844956214560066
before,allWorld,invest,279,20,2,2,2,157566,170000,0,2656279,false,false,0.023811584839975135
before,allWorld,invest,280,20,2,2,2,126693,141000,0,845936,false,false,0.03340230890131261
before,allWorld,invest,281,20,2,2,2,55720,100500,0,2902000,false,false,0.023776226478426594
before,allWorld,invest,282,20,1,1,1,44219,45000,0,4878774,true,false,0.017149496109190455
before,allWorld,invest,283,20,5,5,5,306252,337500,0,846147,false,false,0.025479594691379188
before,allWorld,invest,284,20,3,2,2,194375,250000,0,613480,false,false,0.0442340906601524
before,allWorld,invest,285,20,2,2,2,170554,191000,0,2048356,false,false,0.021482222437446387
before,allWorld,invest,286,20,1,1,1,69202,90000,0,2149915,false,false,0.040232996335669305
before,allWorld,invest,287,20,2,2,2,106884,124000,0,1417828,false,false,0.028536276622957425
before,allWorld,invest,288,20,1,1,1,47334,54000,0,1991596,false,false,0.03264660126173131
before,allWorld,invest,289,20,3,3,3,181638,215000,0,2989346,false,false,0.02515876073852728
before,allWorld,invest,290,20,2,2,2,57381,85500,0,2339186,false,false,0.020316709206032155
before,allWorld,invest,291,20,3,3,3,160449,231500,0,1409464,false,false,0.02238042118024565
before,allWorld,invest,292,20,2,2,2,141137,162000,0,457642,false,false,0.03687773977008332
before,allWorld,invest,293,20,2,2,2,85102,104000,0,4325515,true,false,0.019329508916312833
before,allWorld,invest,294,20,2,2,2,117528,141000,0,2068468,false,false,0.03802365993854916
before,allWorld,invest,295,20,1,0,0,0,50000,0,1247408,false,false,0.03773877799785423
before,allWorld,invest,296,20,3,3,3,99865,163500,0,2677427,false,false,0.01915518644261809
before,allWorld,invest,297,20,2,2,2,82764,90000,0,1664297,false,false,0.0347702824390506
before,allWorld,invest,298,20,1,1,1,47500,60000,0,4162399,true,false,0.019221508921348707
before,allWorld,invest,299,20,3,3,3,248270,259000,0,1788997,false,false,0.021205476987103906
before,allWorld,invest,300,20,2,2,2,65221,130500,0,1406036,false,false,0.03155093148615895
before,allWorld,invest,301,20,2,2,2,107379,124000,0,2101659,false,false,0.02294652204855078
before,allWorld,invest,302,20,2,2,2,112093,144000,0,1355970,false,false,0.023690440695549313
before,allWorld,invest,303,20,2,2,2,81698,85500,0,918764,false,false,0.021213403436030724
before,allWorld,invest,304,20,1,1,1,40705,45000,0,4184619,true,false,0.020413828975461405
before,allWorld,invest,305,20,1,1,1,77669,81000,0,4511378,true,false,0.02028792692528022
before,allWorld,invest,306,20,1,1,1,61871,70000,0,2145989,false,false,0.025046367884947556
before,allWorld,invest,307,20,2,2,2,81519,90000,0,1737693,false,false,0.018789833060541727
before,allWorld,invest,308,20,3,3,3,140557,204000,0,1932231,false,false,0.02473899938051489
before,allWorld,invest,309,20,3,3,3,56740,139500,0,5824165,true,false,0.020326527216404468
before,allWorld,invest,310,20,3,3,3,164129,207000,0,946399,false,false,0.023470460164172216
before,allWorld,invest,311,20,1,1,1,35107,54000,0,1120457,false,false,0.03249029217469686
before,allWorld,invest,312,20,2,2,2,110426,135000,0,1224770,false,false,0.02680383668432984
before,allWorld,invest,313,20,3,3,3,164745,233000,0,2199799,false,false,0.025634654081157837
before,allWorld,invest,314,20,3,2,2,132941,189000,0,1707683,false,false,0.028754388622912092
before,allWorld,invest,315,20,0,0,0,0,0,0,1726830,false,false,0.02409503214235628
before,allWorld,invest,316,20,2,2,2,102002,117000,0,2651334,false,false,0.025651069743579037
before,allWorld,invest,317,20,2,2,2,97816,117000,0,1228266,false,false,0.03801421105614196
before,allWorld,invest,318,20,2,2,2,144042,150500,0,977582,false,false,0.045914623103245275
before,allWorld,invest,319,20,2,2,2,180047,189000,0,1519207,false,false,0.022978389039179738
before,allWorld,invest,320,20,3,3,3,197762,205000,0,1233263,false,false,0.02739356264453772
before,allWorld,invest,321,20,3,2,2,102983,175000,0,4610624,true,false,0.019156275453698125
before,allWorld,invest,322,20,4,4,4,122779,252000,0,3100700,true,false,0.019612906577504103
before,allWorld,invest,323,20,2,2,2,171136,180000,0,1560694,false,false,0.030310764122924615
before,allWorld,invest,324,20,3,3,3,183684,234000,0,2099460,false,false,0.02512212479488437
before,allWorld,invest,325,20,1,1,1,53932,54000,0,3061989,true,false,0.01913825252331631
before,allWorld,invest,326,20,2,2,2,81530,95000,0,1181137,false,false,0.037829859966404915
before,allWorld,invest,327,20,1,1,1,66680,70000,0,1306759,false,false,0.03865234151283175
before,allWorld,invest,328,20,3,3,3,177047,200500,0,1247536,false,false,0.02814988080336674
before,allWorld,invest,329,20,2,2,2,130765,144000,0,1839116,false,false,0.03446001843390276
before,allWorld,invest,330,20,1,1,1,64175,81000,0,1948380,false,false,0.030382797671118112
before,allWorld,invest,331,20,2,2,2,107331,121500,0,792338,false,false,0.03032939639544625
before,allWorld,invest,332,20,3,3,3,172753,198000,0,1352224,false,false,0.03344604696402874
before,allWorld,invest,333,20,1,1,1,56875,60000,0,1429096,false,false,0.03710340007872874
before,allWorld,invest,334,20,2,2,2,38603,94500,0,2261104,false,false,0.034681706279476456
before,allWorld,invest,335,20,3,2,2,119669,205000,0,3240066,true,false,0.026108876729155888
before,allWorld,invest,336,20,1,1,1,35543,50000,0,2817467,false,false,0.02523565815746822
before,allWorld,invest,337,20,3,3,3,192270,234000,0,1276996,false,false,0.020812495751098094
before,allWorld,invest,338,20,3,3,3,175771,218000,0,1627068,false,false,0.026926563624297805
before,allWorld,invest,339,20,1,1,1,48578,63000,0,2953281,false,false,0.022429533172689652
before,allWorld,invest,340,20,0,0,0,0,0,0,1303325,false,false,0.03377555875663148
before,allWorld,invest,341,20,2,2,2,124647,144000,0,2096133,false,false,0.029905880387124696
before,allWorld,invest,342,20,1,1,1,104254,110000,0,1471241,false,false,0.02960641475624724
before,allWorld,invest,343,20,3,3,3,67184,149000,0,4289338,true,false,0.027645911999303892
before,allWorld,invest,344,20,3,3,3,174535,212000,0,2606697,false,false,0.024273543884517905
before,allWorld,invest,345,20,2,2,2,109352,130500,0,2526381,false,false,0.019214110332966113
before,allWorld,invest,346,20,2,2,2,123853,144000,0,1077288,false,false,0.025305070045536233
before,allWorld,invest,347,20,2,2,2,127667,135000,0,1819494,false,false,0.03273901592182092
before,allWorld,invest,348,20,3,3,3,143999,168000,0,646597,false,false,0.0424930463259304
before,allWorld,invest,349,20,2,2,2,126769,144000,0,757677,false,false,0.028306433225239326
before,allWorld,invest,350,20,2,2,2,132030,149000,0,1932591,false,false,0.02601558103344965
before,allWorld,invest,351,20,1,1,1,71366,81000,0,2084360,false,false,0.04170242554964771
before,allWorld,invest,352,20,4,4,4,232748,246000,0,1157629,false,false,0.02213427755802213
before,allWorld,invest,353,20,2,2,2,92420,153000,0,4087051,true,false,0.04594380144828041
before,allWorld,invest,354,20,2,2,2,150077,160000,0,3029635,true,false,0.02069154927709949
before,allWorld,invest,355,20,0,0,0,0,0,0,2403484,false,false,0.022288221972651897
before,allWorld,invest,356,20,1,1,1,49970,63000,0,2427858,false,false,0.019818328846164045
before,allWorld,invest,357,20,1,1,1,90897,110000,0,3224254,true,false,0.02902989403232651
before,allWorld,invest,358,20,2,2,2,171714,191000,0,1578378,false,false,0.04389996262938413
before,allWorld,invest,359,20,2,2,2,130811,144000,0,976256,false,false,0.03460210569004566
before,allWorld,invest,360,20,3,3,3,121343,148500,0,2053474,false,false,0.025823713242040996
before,allWorld,invest,361,20,5,5,5,259476,288000,0,1399234,false,false,0.025137163563143
before,allWorld,invest,362,20,1,1,1,64015,90000,0,1462399,false,false,0.037899523933466746
before,allWorld,invest,363,20,3,3,3,213766,240000,0,1800905,false,false,0.025939198855220412
before,allWorld,invest,364,20,3,3,3,157236,189000,0,3026300,true,false,0.02082318100944793
before,allWorld,invest,365,20,1,1,1,49076,70000,0,2478267,false,false,0.024567358760240944
before,allWorld,invest,366,20,2,2,2,122010,153000,0,1526437,false,false,0.03200070741493692
before,allWorld,invest,367,20,0,0,0,0,0,0,1934129,false,false,0.025733980887504275
before,allWorld,invest,368,20,0,0,0,0,0,0,2198578,false,false,0.041244497525221475
before,allWorld,invest,369,20,1,1,1,49385,60000,0,1687957,false,false,0.02951439881113039
before,allWorld,invest,370,20,2,2,2,98074,189000,0,1292895,false,false,0.028514061471804582
before,allWorld,invest,371,20,1,1,1,42988,54000,0,2151563,false,false,0.026366911060142904
before,allWorld,invest,372,20,2,2,2,111910,139500,0,1070486,false,false,0.03793382847314215
before,allWorld,invest,373,20,2,1,1,31088,105000,0,1630720,false,false,0.03052975749224122
before,allWorld,invest,374,20,3,3,3,176087,199500,0,1740033,false,false,0.022308606601056026
before,allWorld,invest,375,20,3,3,3,99274,189000,0,1993807,false,false,0.0265185893011362
before,allWorld,invest,376,20,1,1,1,90333,110000,0,1764680,false,false,0.03448666210990283
before,allWorld,invest,377,20,3,3,3,204442,220500,0,721502,false,false,0.06328608238476065
before,allWorld,invest,378,20,2,2,2,97352,144000,0,2188737,false,false,0.022199700273795024
before,allWorld,invest,379,20,2,2,2,117386,144000,0,4839003,true,false,0.03302392216673712
before,allWorld,invest,380,20,3,3,3,130671,195000,0,943589,false,false,0.02719953718320134
before,allWorld,invest,381,20,2,2,2,86305,115000,0,2497843,false,false,0.03064969665900454
before,allWorld,invest,382,20,2,2,2,111493,149000,0,4391946,true,false,0.03230904900110114
before,allWorld,invest,383,20,2,2,2,141630,160000,0,1727943,false,false,0.028596286764363526
before,allWorld,invest,384,20,2,2,2,137592,200000,0,956116,false,false,0.03478889160820849
before,allWorld,invest,385,20,1,1,1,76430,90000,0,1374672,false,false,0.04150803779309575
before,allWorld,invest,386,20,1,1,1,30912,45000,0,4164151,true,false,0.019091959028518676
before,allWorld,invest,387,20,1,1,1,72737,81000,0,2900036,false,false,0.030383603164510782
before,allWorld,invest,388,20,1,1,1,10000,60000,0,1120885,false,false,0.03082632037360431
before,allWorld,invest,389,20,2,2,2,119254,159000,0,1448259,false,false,0.03433494519442593
before,allWorld,invest,390,20,1,1,1,59672,63000,0,713711,false,false,0.026098551834333867
before,allWorld,invest,391,20,2,2,2,110619,144000,0,3657455,true,false,0.02344439614864186
before,allWorld,invest,392,20,1,1,1,44951,45000,0,943752,false,false,0.030654800460049564
before,allWorld,invest,393,20,3,3,3,153248,202500,0,1263605,false,false,0.035081010164729844
before,allWorld,invest,394,20,1,1,1,26629,45000,0,4806314,true,false,0.035395031178523516
before,allWorld,invest,395,20,1,1,1,44733,54000,0,967227,false,false,0.042006674129707704
before,allWorld,invest,396,20,1,1,1,93124,99000,0,863149,false,false,0.061157868141676994
before,allWorld,invest,397,20,1,1,1,67354,81000,0,1576766,false,false,0.027947903178755666
before,allWorld,invest,398,20,3,3,3,139887,170500,0,2089498,false,false,0.025804584800288605
before,allWorld,invest,399,20,2,2,2,100000,115000,0,1154200,false,false,0.029958756341457903
before,allWorld,invest,400,20,2,1,1,1157,99000,0,4350073,true,false,0.035035031995546445
before,allWorld,invest,401,20,1,0,0,0,110000,0,3084811,true,false,0.029052806192240006
before,allWorld,invest,402,20,3,3,3,187682,204000,0,704790,false,false,0.037624369651899386
before,allWorld,invest,403,20,3,3,3,151726,175500,0,3639637,true,false,0.017263235051888554
before,allWorld,invest,404,20,1,1,1,84158,90000,0,1906542,false,false,0.037210414031726875
before,allWorld,invest,405,20,1,1,1,44968,45000,0,1022453,false,false,0.032909635785068
before,allWorld,invest,406,20,3,3,3,170855,230000,0,3072360,true,false,0.01958461473322897
before,allWorld,invest,407,20,4,4,4,166552,229500,0,1821536,false,false,0.01728431978724186
before,allWorld,invest,408,20,2,2,2,183351,191000,0,1346451,false,false,0.02140629739640007
before,allWorld,invest,409,20,0,0,0,0,0,0,2105724,false,false,0.035476034400033926
before,allWorld,invest,410,20,2,2,2,85000,135000,0,1526226,false,false,0.0209398527962898
before,allWorld,invest,411,20,2,2,2,142169,162000,0,2355155,false,false,0.022409140461666865
before,allWorld,invest,412,20,1,1,1,34466,40500,0,2528261,false,false,0.02172074017214439
before,allWorld,invest,413,20,3,3,3,203454,229000,0,1248483,false,false,0.021478648580682456
before,allWorld,invest,414,20,1,1,1,99871,110000,0,4557283,true,false,0.025362356998077745
before,allWorld,invest,415,20,1,1,1,43559,70000,0,3474183,true,false,0.02538658091623936
before,allWorld,invest,416,20,1,1,1,57500,70000,0,2018602,false,false,0.02850351184576407
before,allWorld,invest,417,20,3,3,3,172969,205000,0,1254354,false,false,0.03388511489644478
before,allWorld,invest,418,20,2,2,2,114012,135000,0,2304471,false,false,0.020342880912798532
before,allWorld,invest,419,20,1,1,1,43240,50000,0,1006763,false,false,0.05243337425335263
before,allWorld,invest,420,20,4,4,4,243681,285000,0,1463010,false,false,0.020500731193420253
before,allWorld,invest,421,20,3,3,3,232149,245000,0,630799,false,false,0.030992288590563348
before,allWorld,invest,422,20,3,3,3,187168,240500,0,630719,false,false,0.04434347141838182
before,allWorld,invest,423,20,3,3,3,207797,220500,0,606106,false,false,0.030439470875924836
before,allWorld,invest,424,20,4,4,4,202796,229500,0,847859,false,false,0.024817965642115462
before,allWorld,invest,425,20,2,1,1,16226,153000,0,1302894,false,false,0.03723355011607879
before,allWorld,invest,426,20,2,2,2,62057,99000,0,4479839,true,false,0.02465139078799961
before,allWorld,invest,427,20,1,1,1,60000,110000,0,1250986,false,false,0.03054400588046264
before,allWorld,invest,428,20,0,0,0,0,0,0,2625328,false,false,0.018436320273321198
before,allWorld,invest,429,20,2,2,2,77949,99000,0,1307381,false,false,0.03374994171596337
before,allWorld,invest,430,20,3,2,2,116064,171000,0,1592073,false,false,0.025625418147424535
before,allWorld,invest,431,20,3,3,3,187810,218000,0,1540122,false,false,0.03509682745088423
before,allWorld,invest,432,20,1,1,1,77467,99000,0,1732734,false,false,0.028166955395121613
before,allWorld,invest,433,20,0,0,0,0,0,0,2780437,false,false,0.03079123478919734
before,allWorld,invest,434,20,3,3,3,155014,218000,0,1550552,false,false,0.0222173487199761
before,allWorld,invest,435,20,1,1,1,26042,45000,0,2417485,false,false,0.03575074855924228
before,allWorld,invest,436,20,2,2,2,98166,121500,0,872942,false,false,0.027134693171005732
before,allWorld,invest,437,20,1,1,1,62177,70000,0,1221558,false,false,0.041729897716908375
before,allWorld,invest,438,20,2,2,2,115790,144000,0,1499731,false,false,0.02462371906051446
before,allWorld,invest,439,20,4,4,4,263174,290000,0,3510498,true,false,0.020533115473287792
before,allWorld,invest,440,20,2,2,2,129052,149000,0,1783553,false,false,0.035985563562735995
before,allWorld,invest,441,20,3,3,3,210846,240000,0,3319971,true,false,0.030788778081064495
before,allWorld,invest,442,20,2,1,1,34201,120000,0,932884,false,false,0.03813363887404607
before,allWorld,invest,443,20,2,2,2,105168,139500,0,782331,false,false,0.044972398028136476
before,allWorld,invest,444,20,3,3,3,151907,214000,0,1339833,false,false,0.03926205053867832
before,allWorld,invest,445,20,0,0,0,0,0,0,2122596,false,false,0.026660861949674885
before,allWorld,invest,446,20,5,5,5,241558,288000,0,429853,false,false,0.03661594410845152
before,allWorld,invest,447,20,1,1,1,106212,110000,0,767412,false,false,0.030858129183513116
before,allWorld,invest,448,20,3,3,3,129471,205000,0,1136751,false,false,0.019454987841458746
before,allWorld,invest,449,20,2,2,2,91273,105000,0,941100,false,false,0.033864301730720095
before,allWorld,invest,450,20,2,2,2,58726,99000,0,1495041,false,false,0.038767471883085394
before,allWorld,invest,451,20,2,2,2,66339,150500,0,2087767,false,false,0.022813221407813708
before,allWorld,invest,452,20,1,1,1,33399,45000,0,1989986,false,false,0.02831109058323149
before,allWorld,invest,453,20,2,2,2,63122,85500,0,2354858,false,false,0.025183294664341504
before,allWorld,invest,454,20,0,0,0,0,0,0,2312234,false,false,0.033263366005186305
before,allWorld,invest,455,20,3,3,3,207309,225000,0,2528424,false,false,0.019689540591686424
before,allWorld,invest,456,20,2,2,2,52310,95000,0,3312732,true,false,0.027562745838117964
before,allWorld,invest,457,20,3,3,3,193820,216000,0,1938395,false,false,0.01859269465534314
before,allWorld,invest,458,20,3,3,3,192524,252000,0,1544890,false,false,0.016632581083647742
before,allWorld,invest,459,20,1,1,1,46875,50000,0,1605093,false,false,0.03321094746493885
before,allWorld,invest,460,20,0,0,0,0,0,0,2836912,false,false,0.020287246045413918
before,allWorld,invest,461,20,4,4,4,155374,226500,0,1977130,false,false,0.01811443292033657
before,allWorld,invest,462,20,2,2,2,74078,108000,0,3887626,true,false,0.018316803923649653
before,allWorld,invest,463,20,2,2,2,71593,104000,0,1473707,false,false,0.04461959216956022
before,allWorld,invest,464,20,2,2,2,89849,120000,0,1086308,false,false,0.03256569454750898
before,allWorld,invest,465,20,2,1,1,53832,141000,0,1881464,false,false,0.031913701748451026
before,allWorld,invest,466,20,2,2,2,81169,94500,0,1321174,false,false,0.029203626985197982
before,allWorld,invest,467,20,0,0,0,0,0,0,1669005,false,false,0.026178905026886756
before,allWorld,invest,468,20,2,2,2,129533,160000,0,2091438,false,false,0.025807013567605563
before,allWorld,invest,469,20,3,3,3,192308,245000,0,1527784,false,false,0.018354887765697624
before,allWorld,invest,470,20,2,2,2,124875,130500,0,2418182,false,false,0.023089193098249163
before,allWorld,invest,471,20,2,2,2,121474,151000,0,886180,false,false,0.0381006991290578
before,allWorld,invest,472,20,3,2,2,146378,212000,0,1292610,false,false,0.02789111130072917
before,allWorld,invest,473,20,1,1,1,36110,45000,0,2287437,false,false,0.02538183631424727
before,allWorld,invest,474,20,2,2,2,47359,110000,0,2473096,false,false,0.03401077120666315
before,allWorld,invest,475,20,2,2,2,96118,123000,0,1395439,false,false,0.04096435382572654
before,allWorld,invest,476,20,2,2,2,64669,95000,0,3060710,true,false,0.03283318377113398
before,allWorld,invest,477,20,2,2,2,174219,200000,0,2789835,false,false,0.04288575652599664
before,allWorld,invest,478,20,2,2,2,127484,189000,0,407682,false,false,0.02332794019704934
before,allWorld,invest,479,20,1,1,1,37052,45000,0,1676058,false,false,0.02996071122051323
before,allWorld,invest,480,20,2,2,2,149741,153000,0,3440679,true,false,0.0185439156415138
before,allWorld,invest,481,20,2,2,2,81210,99000,0,2021692,false,false,0.018312218159584743
before,allWorld,invest,482,20,3,3,3,188038,223000,0,1824167,false,false,0.022778392259450896
before,allWorld,invest,483,20,2,2,2,115035,169000,0,1989977,false,false,0.02561552507400567
before,allWorld,invest,484,20,2,2,2,135781,164000,0,2461489,false,false,0.024103635411449303
before,allWorld,invest,485,20,1,1,1,62282,70000,0,3661071,true,false,0.034128350909829616
before,allWorld,invest,486,20,3,3,3,199049,223000,0,1363168,false,false,0.05156151278469049
before,allWorld,invest,487,20,0,0,0,0,0,0,2056024,false,false,0.023815223988862134
before,allWorld,invest,488,20,4,4,4,233203,268000,0,1740925,false,false,0.03184915700747772
before,allWorld,invest,489,20,3,3,3,154608,180000,0,3684587,true,false,0.020139198686546088
before,allWorld,invest,490,20,4,3,3,233376,320000,0,1483491,false,false,0.02508084864660508
before,allWorld,invest,491,20,3,2,2,139417,189000,0,1056227,false,false,0.027420768156601782
before,allWorld,invest,492,20,4,4,4,218338,300500,0,1782849,false,false,0.021273462587799132
before,allWorld,invest,493,20,3,3,3,139963,171000,0,1211208,false,false,0.029092834534273387
before,allWorld,invest,494,20,2,1,1,49299,153000,0,1817413,false,false,0.030641796470650972
before,allWorld,invest,495,20,1,1,1,41863,45000,0,809894,false,false,0.04178002664178416
before,allWorld,invest,496,20,2,2,2,124063,159000,0,3232633,true,false,0.018691987188664612
before,allWorld,invest,497,20,3,3,3,210154,270000,0,2294704,false,false,0.030108125694808325
before,allWorld,invest,498,20,3,3,3,159474,191500,0,2667341,false,false,0.022292894047912282
before,allWorld,invest,499,20,1,1,1,97500,110000,0,1496023,false,false,0.02719081268201371
before,allWorld,invest,500,20,2,2,2,141578,155000,0,1073185,false,false,0.047223543900124725
before,allWorld,invest,501,20,3,2,2,134808,205000,0,2796301,false,false,0.02004841462732207
before,allWorld,invest,502,20,4,4,4,250865,284000,0,2062770,false,false,0.0161848124493916
before,allWorld,invest,503,20,2,2,2,132940,155000,0,2767684,false,false,0.029293509384791826
before,allWorld,invest,504,20,3,3,3,223505,254000,0,1170474,false,false,0.028054918879529555
before,allWorld,invest,505,20,2,2,2,118650,135000,0,3089412,true,false,0.017528696493599814
before,allWorld,invest,506,20,2,2,2,76611,105000,0,2018258,false,false,0.02998458913684602
before,allWorld,invest,507,20,2,2,2,117243,121500,0,4216835,true,false,0.01885100340973061
before,allWorld,invest,508,20,3,3,3,251702,259000,0,1668478,false,false,0.018653894949933296
before,allWorld,invest,509,20,1,1,1,87835,99000,0,1258783,false,false,0.024303405820432132
before,allWorld,invest,510,20,1,1,1,100098,110000,0,2263691,false,false,0.02538616953795563
before,allWorld,invest,511,20,1,1,1,30097,45000,0,1810947,false,false,0.03346590015133547
before,allWorld,invest,512,20,2,1,1,46497,105000,0,2945184,false,false,0.02340990384849174
before,allWorld,invest,513,20,3,3,3,142066,162000,0,1850104,false,false,0.02443081505006451
before,allWorld,invest,514,20,1,1,1,20000,70000,0,1423300,false,false,0.025497474693120893
before,allWorld,invest,515,20,3,3,3,220522,240000,0,1298856,false,false,0.0226579604885111
before,allWorld,invest,516,20,2,2,2,138750,155000,0,2230115,false,false,0.02689090227261771
before,allWorld,invest,517,20,2,2,2,133495,144000,0,1688700,false,false,0.02721187050578715
before,allWorld,invest,518,20,1,1,1,70039,81000,0,971726,false,false,0.04474511213730596
before,allWorld,invest,519,20,1,1,1,77667,81000,0,2522152,false,false,0.025392021741676263
before,allWorld,invest,520,20,2,1,1,41853,135000,0,624845,false,false,0.04336852347045377
before,allWorld,invest,521,20,1,1,1,18605,45000,0,2252354,false,false,0.031753150951334
before,allWorld,invest,522,20,4,4,4,256403,285500,0,1119182,false,false,0.028315769711771667
before,allWorld,invest,523,20,2,2,2,91555,108000,0,2012560,false,false,0.02210686849764056
before,allWorld,invest,524,20,3,3,3,193719,212000,0,1513001,false,false,0.03219070611832223
before,allWorld,invest,525,20,0,0,0,0,0,0,648812,false,false,0.0533615264426614
before,allWorld,invest,526,20,4,4,4,238268,258000,0,378327,false,false,0.039791549557917666
before,allWorld,invest,527,20,3,3,3,185335,210000,0,1906703,false,false,0.018163154294496914
before,allWorld,invest,528,20,1,1,1,42625,45000,0,480593,false,false,0.0392109028314231
before,allWorld,invest,529,20,2,2,2,111272,130500,0,1785084,false,false,0.03012889814163681
before,allWorld,invest,530,20,4,4,4,262179,313000,0,1197427,false,false,0.04097050493043644
before,allWorld,invest,531,20,1,1,1,39375,45000,0,2800075,false,false,0.017659860275342883
before,allWorld,invest,532,20,2,2,2,120349,126000,0,813737,false,false,0.017636020289333677
before,allWorld,invest,533,20,1,1,1,41719,45000,0,2490146,false,false,0.029433382318422276
before,allWorld,invest,534,20,3,3,3,153320,200000,0,2715081,false,false,0.02353933489053803
before,allWorld,invest,535,20,2,2,2,76021,99000,0,1549013,false,false,0.021822987892789008
before,allWorld,invest,536,20,0,0,0,0,0,0,2245413,false,false,0.02953641007599908
before,allWorld,invest,537,20,1,1,1,67627,81000,0,2937338,false,false,0.036838464914372586
before,allWorld,invest,538,20,2,2,2,112667,126000,0,2532768,false,false,0.026751113791085985
before,allWorld,invest,539,20,1,1,1,98975,110000,0,5359780,true,false,0.022068786592371957
before,allWorld,invest,540,20,4,4,4,251163,304000,0,1262292,false,false,0.03839081095003985
before,allWorld,invest,541,20,3,3,3,143644,175500,0,3095695,true,false,0.01783690644559487
before,allWorld,invest,542,20,1,1,1,10000,60000,0,1108090,false,false,0.02133432738069274
before,allWorld,invest,543,20,4,4,4,170691,207000,0,1633269,false,false,0.023095577780075465
before,allWorld,invest,544,20,0,0,0,0,0,0,1934355,false,false,0.022337608316282502
before,allWorld,invest,545,20,2,2,2,158430,169000,0,1163126,false,false,0.039902925163411485
before,allWorld,invest,546,20,0,0,0,0,0,0,845348,false,false,0.032065738173253186
before,allWorld,invest,547,20,3,3,3,153155,166500,0,1438081,false,false,0.023206062552861402
before,allWorld,invest,548,20,2,2,2,144000,159000,0,2709166,false,false,0.017795095632675253
before,allWorld,invest,549,20,2,2,2,95503,110500,0,1455873,false,false,0.026557970080582815
before,allWorld,invest,550,20,2,2,2,47950,110500,0,1815513,false,false,0.022659626954543943
before,allWorld,invest,551,20,1,1,1,37500,50000,0,1552169,false,false,0.036901752941555704
before,allWorld,invest,552,20,2,2,2,91738,100500,0,2198559,false,false,0.027319034623806658
before,allWorld,invest,553,20,4,3,3,140464,245500,0,2612759,false,false,0.028629585654064447
before,allWorld,invest,554,20,3,3,3,180567,204000,0,1767361,false,false,0.02237413816980807
before,allWorld,invest,555,20,1,1,1,44951,45000,0,2119170,false,false,0.02598019381901359
before,allWorld,invest,556,20,0,0,0,0,0,0,3028208,true,false,0.019261407137494795
before,allWorld,invest,557,20,1,1,1,86875,90000,0,1100008,false,false,0.03624718176633596
before,allWorld,invest,558,20,2,2,2,185290,200000,0,875340,false,false,0.026659305267332935
before,allWorld,invest,559,20,1,1,1,66153,70000,0,2464001,false,false,0.022505505056736874
before,allWorld,invest,560,20,3,3,3,202138,219000,0,2623986,false,false,0.020956039971960144
before,allWorld,invest,561,20,0,0,0,0,0,0,2813890,false,false,0.03239242816861977
before,allWorld,invest,562,20,3,3,3,160002,198000,0,2146323,false,false,0.023702359062523427
before,allWorld,invest,563,20,0,0,0,0,0,0,1409256,false,false,0.02930728198167027
before,allWorld,invest,564,20,1,0,0,0,45000,0,856920,false,false,0.04302007860901058
before,allWorld,invest,565,20,4,4,4,227262,272000,0,1968490,false,false,0.034710134944649355
before,allWorld,invest,566,20,1,1,1,40488,40500,0,2833866,false,false,0.02227651477872117
before,allWorld,invest,567,20,2,2,2,133378,140000,0,925929,false,false,0.04909150024916637
before,allWorld,invest,568,20,1,1,1,41667,45000,0,3402903,true,false,0.02374130697344377
before,allWorld,invest,569,20,1,1,1,66875,70000,0,3907801,true,false,0.024785259370979192
before,allWorld,invest,570,20,1,1,1,56346,81000,0,1525739,false,false,0.03313465268265853
before,allWorld,invest,571,20,3,3,3,180004,214000,0,5699245,true,false,0.022269862864571544
before,allWorld,invest,572,20,4,4,4,201748,225500,0,1204213,false,false,0.030703743708671672
before,allWorld,invest,573,20,2,2,2,61736,90500,0,2115245,false,false,0.030690726189375052
before,allWorld,invest,574,20,1,1,1,60000,110000,0,1818667,false,false,0.01908676444128401
before,allWorld,invest,575,20,2,2,2,115647,131000,0,2221953,false,false,0.023741005667254015
before,allWorld,invest,576,20,2,2,2,168599,191000,0,907577,false,false,0.03187735341562923
before,allWorld,invest,577,20,2,2,2,138096,149000,0,1470556,false,false,0.03966031905683483
before,allWorld,invest,578,20,2,1,1,92311,149000,0,771535,false,false,0.027741621780598573
before,allWorld,invest,579,20,1,1,1,53988,54000,0,1933271,false,false,0.019802396005106804
before,allWorld,invest,580,20,0,0,0,0,0,0,1494979,false,false,0.03215926057541903
before,allWorld,invest,581,20,3,3,3,234290,250000,0,842741,false,false,0.027597781469683398
before,allWorld,invest,582,20,2,2,2,123309,169000,0,2252982,false,false,0.03765391916655157
before,allWorld,invest,583,20,3,3,3,127742,157500,0,1992023,false,false,0.026160797100423443
before,allWorld,invest,584,20,2,2,2,167226,180000,0,740348,false,false,0.03330188489060947
before,allWorld,invest,585,20,4,4,4,182893,268000,0,2434603,false,false,0.019933584751543533
before,allWorld,invest,586,20,1,1,1,62539,63000,0,2549862,false,false,0.028801748173072756
before,allWorld,invest,587,20,2,2,2,97788,160000,0,1126083,false,false,0.025107352422110474
before,allWorld,invest,588,20,2,2,2,177021,189000,0,1611761,false,false,0.03341309716196804
before,allWorld,invest,589,20,3,3,3,169903,205000,0,1874746,false,false,0.037269049583887257
before,allWorld,invest,590,20,3,3,3,116875,180000,0,2595646,false,false,0.019623333887004792
before,allWorld,invest,591,20,2,2,2,104770,123000,0,1022134,false,false,0.025883999373990364
before,allWorld,invest,592,20,4,4,4,238261,261000,0,1488175,false,false,0.031232730740424625
before,allWorld,invest,593,20,1,1,1,53830,81000,0,1739312,false,false,0.0229614765564195
before,allWorld,invest,594,20,3,3,3,160535,194000,0,904032,false,false,0.04463411700285232
before,allWorld,invest,595,20,1,1,1,65449,70000,0,1911679,false,false,0.042015557626365975
before,allWorld,invest,596,20,0,0,0,0,0,0,5526219,true,false,0.02944792061002118
before,allWorld,invest,597,20,2,2,2,177555,189000,0,1380181,false,false,0.023268594860048168
before,allWorld,invest,598,20,1,1,1,49898,54000,0,1174489,false,false,0.02643746170368071
before,allWorld,invest,599,20,2,2,2,79788,103500,0,2676242,false,false,0.022244688262179284
before,sp500,cash,0,20,2,0,0,0,135000,0,2300601,false,false,0.46850711425928704
before,sp500,cash,1,20,1,0,0,0,81000,0,2651859,false,false,0.44521799289853214
before,sp500,cash,2,20,1,0,0,0,99000,0,2324909,false,false,0.43183099288330595
before,sp500,cash,3,20,2,0,0,0,99000,0,1767103,false,false,0.4267393576405872
before,sp500,cash,4,20,1,0,0,0,70000,0,2031679,false,false,0.42592676272795355
before,sp500,cash,5,20,1,0,0,0,90000,0,1908332,false,false,0.43095050968887144
before,sp500,cash,6,20,3,0,0,0,200500,0,1557565,false,false,0.441854689062189
before,sp500,cash,7,20,3,0,0,0,184500,0,1379030,false,false,0.47460191356372017
before,sp500,cash,8,20,1,0,0,0,63000,0,1508500,false,false,0.46872838141244727
before,sp500,cash,9,20,2,0,0,0,139500,0,1821015,false,false,0.46530347716420223
before,sp500,cash,10,20,2,0,0,0,160000,0,1662642,false,false,0.45022325943045816
before,sp500,cash,11,20,2,0,0,0,110000,0,1238544,false,false,0.4636958053042141
before,sp500,cash,12,20,2,0,0,0,150500,0,1335847,false,false,0.4502101992383622
before,sp500,cash,13,20,2,0,0,0,90500,0,2751047,false,false,0.43675031302458234
before,sp500,cash,14,20,0,0,0,0,0,0,1720829,false,false,0.47696689392339026
before,sp500,cash,15,20,1,0,0,0,99000,0,1655576,false,false,0.49470619534956245
before,sp500,cash,16,20,2,0,0,0,94500,0,1599052,false,false,0.46805393130167594
before,sp500,cash,17,20,2,0,0,0,126000,0,2361369,false,false,0.4298028556875589
before,sp500,cash,18,20,4,0,0,0,234500,0,1976049,false,false,0.443959027506438
before,sp500,cash,19,20,2,0,0,0,99000,0,2548799,false,false,0.4586535266351315
before,sp500,cash,20,20,2,0,0,0,160000,0,1406241,false,false,0.41398008049012186
before,sp500,cash,21,20,3,0,0,0,155000,0,2242484,false,false,0.4282301695429518
before,sp500,cash,22,20,4,0,0,0,248000,0,1152741,false,false,0.44856537939378366
before,sp500,cash,23,20,1,0,0,0,40500,0,1771392,false,false,0.47233348245962403
before,sp500,cash,24,20,3,0,0,0,144000,0,2007611,false,false,0.4393550426036653
before,sp500,cash,25,20,1,0,0,0,50000,0,1850096,false,false,0.4755130180153551
before,sp500,cash,26,20,0,0,0,0,0,0,1489839,false,false,0.45395671201810617
before,sp500,cash,27,20,1,0,0,0,90000,0,1238427,false,false,0.5625372980279315
before,sp500,cash,28,20,2,0,0,0,169000,0,1104566,false,false,0.46637117732254724
before,sp500,cash,29,20,1,0,0,0,63000,0,1987579,false,false,0.44699899256010367
before,sp500,cash,30,20,1,0,0,0,81000,0,2111270,false,false,0.44022987241148026
before,sp500,cash,31,20,1,0,0,0,90000,0,1798867,false,false,0.4375004709063278
before,sp500,cash,32,20,4,0,0,0,252500,0,1292277,false,false,0.4890505234869643
before,sp500,cash,33,20,0,0,0,0,0,0,1575912,false,false,0.4896002331883692
before,sp500,cash,34,20,1,0,0,0,81000,0,1885402,false,false,0.441476197684714
before,sp500,cash,35,20,2,0,0,0,135000,0,1771620,false,false,0.480999446034891
before,sp500,cash,36,20,1,0,0,0,90000,0,1967006,false,false,0.45072865521824834
before,sp500,cash,37,20,1,0,0,0,45000,0,1462156,false,false,0.48339095852756186
before,sp500,cash,38,20,3,0,0,0,157500,0,1714718,false,false,0.45114911108518285
before,sp500,cash,39,20,2,0,0,0,135000,0,1052665,false,false,0.5214620952107973
before,sp500,cash,40,20,1,0,0,0,40500,0,1998505,false,false,0.5018660904409751
before,sp500,cash,41,20,2,0,0,0,173000,0,1585995,false,false,0.45963108468975744
before,sp500,cash,42,20,2,0,0,0,105000,0,1795161,false,false,0.45683280065096576
before,sp500,cash,43,20,3,0,0,0,204000,0,1582981,false,false,0.46992415068595
before,sp500,cash,44,20,2,0,0,0,164000,0,2550875,false,false,0.439234046697058
before,sp500,cash,45,20,3,0,0,0,220500,0,657969,false,false,0.5152377047076021
before,sp500,cash,46,20,2,0,0,0,124000,0,969100,false,false,0.5203509185787597
before,sp500,cash,47,20,1,0,0,0,54000,0,1681675,false,false,0.4504095335600879
before,sp500,cash,48,20,2,0,0,0,126000,0,1347498,false,false,0.44146108912999316
before,sp500,cash,49,20,3,0,0,0,166500,0,1042938,false,false,0.5316572913062965
before,sp500,cash,50,20,2,0,0,0,105000,0,2004218,false,false,0.4304368940585538
before,sp500,cash,51,20,0,0,0,0,0,0,2343548,false,false,0.426506409604675
before,sp500,cash,52,20,1,0,0,0,50000,0,1511967,false,false,0.42839276904063406
before,sp500,cash,53,20,2,0,0,0,164000,0,1567015,false,false,0.463009324544403
before,sp500,cash,54,20,2,0,0,0,150000,0,2241958,false,false,0.46083211950183206
before,sp500,cash,55,20,3,0,0,0,145500,0,1018468,false,false,0.4420850635698389
before,sp500,cash,56,20,1,0,0,0,63000,0,2298573,false,false,0.44800787604066433
before,sp500,cash,57,20,0,0,0,0,0,0,1434424,false,false,0.5111127391563305
before,sp500,cash,58,20,3,0,0,0,215000,0,1396974,false,false,0.4524262869197767
before,sp500,cash,59,20,2,0,0,0,105000,0,1976775,false,false,0.44924510998192185
before,sp500,cash,60,20,4,0,0,0,314000,0,2801638,false,false,0.40721462891263316
before,sp500,cash,61,20,4,0,0,0,290500,0,2411274,false,false,0.4319668871836247
before,sp500,cash,62,20,0,0,0,0,0,0,1760989,false,false,0.5015003271087914
before,sp500,cash,63,20,1,0,0,0,54000,0,1467598,false,false,0.46258440921386496
before,sp500,cash,64,20,2,0,0,0,135000,0,3335587,true,false,0.4102196638361294
before,sp500,cash,65,20,3,0,0,0,195000,0,2061793,false,false,0.4331614725451825
before,sp500,cash,66,20,1,0,0,0,45000,0,1697085,false,false,0.453593841653069
before,sp500,cash,67,20,2,0,0,0,155000,0,781141,false,false,0.557510535554974
before,sp500,cash,68,20,1,0,0,0,70000,0,2784792,false,false,0.42910122671895345
before,sp500,cash,69,20,3,0,0,0,162000,0,2078145,false,false,0.4324956740071622
before,sp500,cash,70,20,1,0,0,0,70000,0,1898102,false,false,0.44638786675872677
before,sp500,cash,71,20,4,0,0,0,209500,0,1443013,false,false,0.45378833581299044
before,sp500,cash,72,20,3,0,0,0,167000,0,2633094,false,false,0.42417203080882526
before,sp500,cash,73,20,2,0,0,0,95000,0,1497310,false,false,0.521876031095492
before,sp500,cash,74,20,3,0,0,0,205000,0,869023,false,false,0.5105039292690438
before,sp500,cash,75,20,1,0,0,0,40500,0,1570803,false,false,0.4685320397218125
before,sp500,cash,76,20,2,0,0,0,189000,0,1685286,false,false,0.4349664677872389
before,sp500,cash,77,20,2,0,0,0,151000,0,1899256,false,false,0.4693944573544872
before,sp500,cash,78,20,0,0,0,0,0,0,2930748,false,false,0.4472776987166386
before,sp500,cash,79,20,2,0,0,0,139500,0,922879,false,false,0.5687442894155557
before,sp500,cash,80,20,2,0,0,0,180000,0,1287171,false,false,0.4937582202334777
before,sp500,cash,81,20,3,0,0,0,203000,0,2708563,false,false,0.4314814265667746
before,sp500,cash,82,20,3,0,0,0,144500,0,1643529,false,false,0.4280046659428846
before,sp500,cash,83,20,2,0,0,0,162000,0,2299252,false,false,0.43842960300280376
before,sp500,cash,84,20,1,0,0,0,60000,0,2955938,false,false,0.4358272908706617
before,sp500,cash,85,20,3,0,0,0,162000,0,1061601,false,false,0.45340820994751335
before,sp500,cash,86,20,2,0,0,0,126000,0,1959477,false,false,0.43392274242696444
before,sp500,cash,87,20,2,0,0,0,144000,0,1632210,false,false,0.4876977076687208
before,sp500,cash,88,20,2,0,0,0,159000,0,2863054,false,false,0.45051522471973104
before,sp500,cash,89,20,2,0,0,0,121500,0,1869578,false,false,0.429485879294692
before,sp500,cash,90,20,1,0,0,0,110000,0,2018515,false,false,0.46156823682300263
before,sp500,cash,91,20,1,0,0,0,110000,0,1244374,false,false,0.5561202429340315
before,sp500,cash,92,20,3,0,0,0,214000,0,1075263,false,false,0.458057077456327
before,sp500,cash,93,20,2,0,0,0,117000,0,1090156,false,false,0.5294708915789841
before,sp500,cash,94,20,3,0,0,0,149000,0,1663001,false,false,0.4703299271643485
before,sp500,cash,95,20,0,0,0,0,0,0,2790861,false,false,0.44239044205936073
before,sp500,cash,96,20,1,0,0,0,70000,0,1826650,false,false,0.46172111713159997
before,sp500,cash,97,20,2,0,0,0,140000,0,2177260,false,false,0.44071257223218135
before,sp500,cash,98,20,1,0,0,0,70000,0,1747011,false,false,0.40208667413812493
before,sp500,cash,99,20,2,0,0,0,173000,0,1352723,false,false,0.5228605381367146
before,sp500,cash,100,20,3,0,0,0,250000,0,2280308,false,false,0.4244723630032093
before,sp500,cash,101,20,2,0,0,0,155000,0,2283873,false,false,0.431316363760679
before,sp500,cash,102,20,3,0,0,0,193500,0,1687511,false,false,0.49587408401252714
before,sp500,cash,103,20,3,0,0,0,169000,0,1067146,false,false,0.47863988091616044
before,sp500,cash,104,20,3,0,0,0,209500,0,1847059,false,false,0.46005894813287773
before,sp500,cash,105,20,3,0,0,0,231500,0,1840267,false,false,0.4161639461878493
before,sp500,cash,106,20,2,0,0,0,126000,0,1498247,false,false,0.4836403842448259
before,sp500,cash,107,20,2,0,0,0,135000,0,1606329,false,false,0.46231803496493146
before,sp500,cash,108,20,1,0,0,0,70000,0,2080537,false,false,0.4823061952549071
before,sp500,cash,109,20,2,0,0,0,123000,0,2215781,false,false,0.4501792649064945
before,sp500,cash,110,20,1,0,0,0,70000,0,2077634,false,false,0.48662740492568207
before,sp500,cash,111,20,2,0,0,0,149000,0,1959380,false,false,0.43310019559997803
before,sp500,cash,112,20,1,0,0,0,40500,0,2532570,false,false,0.42247544406196447
before,sp500,cash,113,20,2,0,0,0,105000,0,1032058,false,false,0.5253692447317236
before,sp500,cash,114,20,2,0,0,0,169000,0,2460783,false,false,0.42949894959575313
before,sp500,cash,115,20,1,0,0,0,40500,0,1749292,false,false,0.45813228129391825
before,sp500,cash,116,20,1,0,0,0,54000,0,1588221,false,false,0.4336742164809291
before,sp500,cash,117,20,1,0,0,0,70000,0,1440826,false,false,0.4573537590988427
before,sp500,cash,118,20,3,0,0,0,214000,0,690631,false,false,0.5440773095334028
before,sp500,cash,119,20,1,0,0,0,99000,0,3132825,true,false,0.4356880591994502
before,sp500,cash,120,20,2,0,0,0,95000,0,1906423,false,false,0.4412667660848769
before,sp500,cash,121,20,1,0,0,0,45000,0,1656643,false,false,0.49183772494295297
before,sp500,cash,122,20,3,0,0,0,243000,0,2843164,false,false,0.41472236481287095
before,sp500,cash,123,20,1,0,0,0,70000,0,1226859,false,false,0.5363316791917101
before,sp500,cash,124,20,1,0,0,0,63000,0,1329552,false,false,0.554456365795066
before,sp500,cash,125,20,1,0,0,0,54000,0,2641148,false,false,0.4123220275472132
before,sp500,cash,126,20,1,0,0,0,99000,0,2450519,false,false,0.427202072680814
before,sp500,cash,127,20,0,0,0,0,0,0,2339345,false,false,0.4547348470890188
before,sp500,cash,128,20,2,0,0,0,170000,0,1242364,false,false,0.44335619071525
before,sp500,cash,129,20,1,0,0,0,45000,0,922846,false,false,0.5480937854401401
before,sp500,cash,130,20,1,0,0,0,50000,0,1851736,false,false,0.4556166461252663
before,sp500,cash,131,20,2,0,0,0,124000,0,1114191,false,false,0.49079385186019886
before,sp500,cash,132,20,2,0,0,0,121500,0,1162098,false,false,0.47292648592875325
before,sp500,cash,133,20,1,0,0,0,110000,0,1784535,false,false,0.449974141471907
before,sp500,cash,134,20,1,0,0,0,110000,0,1576966,false,false,0.45742806960666654
before,sp500,cash,135,20,1,0,0,0,54000,0,2551554,false,false,0.4549920702610663
before,sp500,cash,136,20,4,0,0,0,304000,0,2011239,false,false,0.4272365403119568
before,sp500,cash,137,20,3,0,0,0,216000,0,2627140,false,false,0.4295589532438419
before,sp500,cash,138,20,1,0,0,0,45000,0,3323191,true,false,0.4298891101565479
before,sp500,cash,139,20,1,0,0,0,40500,0,2861281,false,false,0.42097358166359644
before,sp500,cash,140,20,2,0,0,0,170000,0,3616911,true,false,0.38359140363001276
before,sp500,cash,141,20,4,0,0,0,274000,0,1247652,false,false,0.4699861875663641
before,sp500,cash,142,20,2,0,0,0,104000,0,1339927,false,false,0.46940414538652453
before,sp500,cash,143,20,1,0,0,0,40500,0,1531159,false,false,0.5585208301863777
before,sp500,cash,144,20,4,0,0,0,255500,0,578587,false,false,0.45936354457095974
before,sp500,cash,145,20,1,0,0,0,60000,0,3508172,true,false,0.4094405382314924
before,sp500,cash,146,20,2,0,0,0,162000,0,1905643,false,false,0.4429682177311783
before,sp500,cash,147,20,3,0,0,0,184500,0,1812199,false,false,0.43559454404856546
before,sp500,cash,148,20,3,0,0,0,218000,0,1318453,false,false,0.4440359686211157
before,sp500,cash,149,20,2,0,0,0,126000,0,2306260,false,false,0.4650110702233497
before,sp500,cash,150,20,2,0,0,0,141000,0,1557664,false,false,0.42908932801830957
before,sp500,cash,151,20,3,0,0,0,231500,0,2125696,false,false,0.4299774854690762
before,sp500,cash,152,20,0,0,0,0,0,0,1294091,false,false,0.47857718868201304
before,sp500,cash,153,20,1,0,0,0,54000,0,1855789,false,false,0.46639221100716616
before,sp500,cash,154,20,3,0,0,0,195000,0,4206320,true,false,0.4075796301720036
before,sp500,cash,155,20,2,0,0,0,144000,0,2132736,false,false,0.42900074124127585
before,sp500,cash,156,20,3,0,0,0,254000,0,2501861,false,false,0.4141997268882195
before,sp500,cash,157,20,3,0,0,0,234000,0,1015750,false,false,0.48956089125629554
before,sp500,cash,158,20,4,0,0,0,304000,0,1352447,false,false,0.39627710901752466
before,sp500,cash,159,20,2,0,0,0,90500,0,1445749,false,false,0.5222266915678694
before,sp500,cash,160,20,2,0,0,0,164000,0,1299670,false,false,0.4649939944414399
before,sp500,cash,161,20,1,0,0,0,99000,0,2103681,false,false,0.4459505459830727
before,sp500,cash,162,20,0,0,0,0,0,0,2630314,false,false,0.4723064666004223
before,sp500,cash,163,20,0,0,0,0,0,0,4077960,true,false,0.41387836560948577
before,sp500,cash,164,20,2,0,0,0,150500,0,2215920,false,false,0.40522438751211504
before,sp500,cash,165,20,1,0,0,0,81000,0,1238150,false,false,0.45052842989297526
before,sp500,cash,166,20,4,0,0,0,249000,0,958954,false,false,0.48188844316533863
before,sp500,cash,167,20,2,0,0,0,126000,0,1079184,false,false,0.4991350130070482
before,sp500,cash,168,20,1,0,0,0,99000,0,2491245,false,false,0.4595666337422074
before,sp500,cash,169,20,1,0,0,0,99000,0,1850797,false,false,0.44919051979267843
before,sp500,cash,170,20,1,0,0,0,45000,0,2112165,false,false,0.4552592030081987
before,sp500,cash,171,20,1,0,0,0,45000,0,2365647,false,false,0.4518597691812287
before,sp500,cash,172,20,0,0,0,0,0,0,3020828,true,false,0.45514866291267186
before,sp500,cash,173,20,1,0,0,0,40500,0,1448612,false,false,0.46661889507588894
before,sp500,cash,174,20,3,0,0,0,175500,0,1471594,false,false,0.4880737950965043
before,sp500,cash,175,20,2,0,0,0,115000,0,872919,false,false,0.4918999020563799
before,sp500,cash,176,20,4,0,0,0,296000,0,1629587,false,false,0.4229691881657695
before,sp500,cash,177,20,3,0,0,0,169000,0,1843690,false,false,0.46807122614204594
before,sp500,cash,178,20,3,0,0,0,243000,0,989052,false,false,0.5006245442172125
before,sp500,cash,179,20,3,0,0,0,181500,0,1384343,false,false,0.519160397035036
before,sp500,cash,180,20,2,0,0,0,99000,0,2209956,false,false,0.4307602085710428
before,sp500,cash,181,20,3,0,0,0,214000,0,2675367,false,false,0.45110352108709695
before,sp500,cash,182,20,1,0,0,0,63000,0,2991931,false,false,0.4231298533459674
before,sp500,cash,183,20,3,0,0,0,200500,0,1787245,false,false,0.43934335763220983
before,sp500,cash,184,20,4,0,0,0,295000,0,577126,false,false,0.5928410741113208
before,sp500,cash,185,20,3,0,0,0,180000,0,2646883,false,false,0.43683811734023115
before,sp500,cash,186,20,3,0,0,0,234000,0,1418542,false,false,0.437487658470601
before,sp500,cash,187,20,2,0,0,0,130000,0,1871593,false,false,0.45535050679954814
before,sp500,cash,188,20,2,0,0,0,151000,0,1230391,false,false,0.4291705711447681
before,sp500,cash,189,20,2,0,0,0,160000,0,1831375,false,false,0.4685041094935308
before,sp500,cash,190,20,3,0,0,0,234000,0,1455938,false,false,0.5152441872757256
before,sp500,cash,191,20,3,0,0,0,164500,0,1353922,false,false,0.47120105426559944
before,sp500,cash,192,20,1,0,0,0,63000,0,1149011,false,false,0.5091706967287528
before,sp500,cash,193,20,2,0,0,0,151000,0,1598113,false,false,0.4680998560606491
before,sp500,cash,194,20,1,0,0,0,60000,0,1786499,false,false,0.4413530212489628
before,sp500,cash,195,20,3,0,0,0,210500,0,1479999,false,false,0.48466588614459355
before,sp500,cash,196,20,5,0,0,0,353500,0,1200754,false,false,0.4243670183282564
before,sp500,cash,197,20,3,0,0,0,180000,0,2837093,false,false,0.40790583754522725
before,sp500,cash,198,20,2,0,0,0,135000,0,742749,false,false,0.623863136441606
before,sp500,cash,199,20,3,0,0,0,220000,0,1317349,false,false,0.45876244378887765
before,sp500,cash,200,20,3,0,0,0,175500,0,1838001,false,false,0.43254369175239615
before,sp500,cash,201,20,1,0,0,0,110000,0,1480666,false,false,0.4668696482781969
before,sp500,cash,202,20,2,0,0,0,135000,0,2911352,false,false,0.41302560484303064
before,sp500,cash,203,20,1,0,0,0,99000,0,1443509,false,false,0.44582682053104683
before,sp500,cash,204,20,1,0,0,0,40500,0,1607997,false,false,0.47271293419589666
before,sp500,cash,205,20,2,0,0,0,144000,0,2836434,false,false,0.4225205758621412
before,sp500,cash,206,20,2,0,0,0,108000,0,2127552,false,false,0.4479273759438877
before,sp500,cash,207,20,3,0,0,0,234000,0,2155931,false,false,0.4221561852209198
before,sp500,cash,208,20,2,0,0,0,140000,0,3255595,true,false,0.41285035205932985
before,sp500,cash,209,20,1,0,0,0,45000,0,2192869,false,false,0.44245504759495996
before,sp500,cash,210,20,2,0,0,0,103500,0,1016602,false,false,0.565213943759356
before,sp500,cash,211,20,3,0,0,0,251000,0,773529,false,false,0.4764326101613131
before,sp500,cash,212,20,3,0,0,0,164500,0,2230309,false,false,0.4368812205773783
before,sp500,cash,213,20,3,0,0,0,214000,0,1076750,false,false,0.42532018341411304
before,sp500,cash,214,20,4,0,0,0,274000,0,1744269,false,false,0.4184166440011456
before,sp500,cash,215,20,2,0,0,0,121500,0,2398528,false,false,0.4781632720702686
before,sp500,cash,216,20,1,0,0,0,54000,0,1044590,false,false,0.5489502109467854
before,sp500,cash,217,20,1,0,0,0,50000,0,2257330,false,false,0.4242445509376565
before,sp500,cash,218,20,2,0,0,0,180000,0,2138478,false,false,0.4451340531158894
before,sp500,cash,219,20,1,0,0,0,50000,0,1352755,false,false,0.5095956026148744
before,sp500,cash,220,20,3,0,0,0,225000,0,2681556,false,false,0.44435410133511744
before,sp500,cash,221,20,2,0,0,0,149000,0,1686765,false,false,0.45516761835117947
before,sp500,cash,222,20,2,0,0,0,126000,0,1636994,false,false,0.44081506912698165
before,sp500,cash,223,20,1,0,0,0,45000,0,2339548,false,false,0.4111978051515318
before,sp500,cash,224,20,2,0,0,0,164000,0,1495463,false,false,0.4865227261418893
before,sp500,cash,225,20,3,0,0,0,211000,0,2568170,false,false,0.46024829784289956
before,sp500,cash,226,20,2,0,0,0,164000,0,2419075,false,false,0.4588477983881649
before,sp500,cash,227,20,2,0,0,0,189000,0,1990059,false,false,0.45864174257253254
before,sp500,cash,228,20,1,0,0,0,40500,0,1640520,false,false,0.44918610125406316
before,sp500,cash,229,20,2,0,0,0,200000,0,859352,false,false,0.4459899731782434
before,sp500,cash,230,20,2,0,0,0,85500,0,1559050,false,false,0.4540847953075172
before,sp500,cash,231,20,2,0,0,0,139500,0,1863795,false,false,0.41362922204555924
before,sp500,cash,232,20,4,0,0,0,317000,0,1459919,false,false,0.4310965944135695
before,sp500,cash,233,20,1,0,0,0,45000,0,1442413,false,false,0.5049267701569345
before,sp500,cash,234,20,2,0,0,0,169000,0,1701848,false,false,0.45207981075518705
before,sp500,cash,235,20,3,0,0,0,189000,0,1053251,false,false,0.5025401244524602
before,sp500,cash,236,20,0,0,0,0,0,0,1550591,false,false,0.524026495329793
before,sp500,cash,237,20,2,0,0,0,105000,0,2356450,false,false,0.45347568980047515
before,sp500,cash,238,20,3,0,0,0,198000,0,1181597,false,false,0.5229476103407726
before,sp500,cash,239,20,1,0,0,0,70000,0,1494121,false,false,0.48622832254396553
before,sp500,cash,240,20,1,0,0,0,81000,0,2304455,false,false,0.4532872275527867
before,sp500,cash,241,20,1,0,0,0,63000,0,1800006,false,false,0.4696622934082268
before,sp500,cash,242,20,2,0,0,0,159000,0,926459,false,false,0.5517315169444655
before,sp500,cash,243,20,3,0,0,0,245000,0,1346854,false,false,0.4579947519682689
before,sp500,cash,244,20,2,0,0,0,164000,0,1325599,false,false,0.45074246901682313
before,sp500,cash,245,20,3,0,0,0,184500,0,2208588,false,false,0.4295911774001717
before,sp500,cash,246,20,2,0,0,0,169000,0,1239927,false,false,0.47501911489174964
before,sp500,cash,247,20,2,0,0,0,105000,0,1449043,false,false,0.4802743807174042
before,sp500,cash,248,20,1,0,0,0,54000,0,2442452,false,false,0.4261464403814639
before,sp500,cash,249,20,2,0,0,0,155000,0,1671384,false,false,0.43450390444575665
before,sp500,cash,250,20,0,0,0,0,0,0,2112478,false,false,0.4478421848622756
before,sp500,cash,251,20,4,0,0,0,294500,0,816670,false,false,0.46321612276647234
before,sp500,cash,252,20,3,0,0,0,245000,0,1312849,false,false,0.4463909056186843
before,sp500,cash,253,20,0,0,0,0,0,0,1690394,false,false,0.4363734162259985
before,sp500,cash,254,20,2,0,0,0,90000,0,2529029,false,false,0.44631848167075727
before,sp500,cash,255,20,0,0,0,0,0,0,2047894,false,false,0.4705759957687657
before,sp500,cash,256,20,3,0,0,0,225000,0,2147194,false,false,0.4541712285113296
before,sp500,cash,257,20,2,0,0,0,164000,0,1670367,false,false,0.42505205392258427
before,sp500,cash,258,20,4,0,0,0,270500,0,1523295,false,false,0.41176809281566423
before,sp500,cash,259,20,2,0,0,0,169000,0,3063903,true,false,0.42760364145866847
before,sp500,cash,260,20,2,0,0,0,144000,0,1737593,false,false,0.47141444928233744
before,sp500,cash,261,20,2,0,0,0,191000,0,1164469,false,false,0.4466745041781023
before,sp500,cash,262,20,2,0,0,0,85500,0,1852639,false,false,0.4602355740663583
before,sp500,cash,263,20,4,0,0,0,238500,0,1166490,false,false,0.4084043999398118
before,sp500,cash,264,20,2,0,0,0,130500,0,933727,false,false,0.5072708196660373
before,sp500,cash,265,20,4,0,0,0,254500,0,1899370,false,false,0.42052487883400647
before,sp500,cash,266,20,2,0,0,0,149000,0,903943,false,false,0.492066576773645
before,sp500,cash,267,20,3,0,0,0,198000,0,1758527,false,false,0.46282967815135095
before,sp500,cash,268,20,3,0,0,0,191000,0,4699729,true,false,0.40414261417582653
before,sp500,cash,269,20,4,0,0,0,315000,0,2407076,false,false,0.4142834451064781
before,sp500,cash,270,20,3,0,0,0,205000,0,1814572,false,false,0.4469297374103031
before,sp500,cash,271,20,2,0,0,0,99000,0,1950790,false,false,0.4689818332665781
before,sp500,cash,272,20,1,0,0,0,110000,0,2444474,false,false,0.42839718735957033
before,sp500,cash,273,20,3,0,0,0,210000,0,1860956,false,false,0.39889403342545854
before,sp500,cash,274,20,1,0,0,0,60000,0,1582018,false,false,0.4644110110640316
before,sp500,cash,275,20,1,0,0,0,99000,0,1418788,false,false,0.5038361736415082
before,sp500,cash,276,20,2,0,0,0,123000,0,2155538,false,false,0.43957800093956606
before,sp500,cash,277,20,2,0,0,0,189000,0,1423642,false,false,0.44629577710589174
before,sp500,cash,278,20,2,0,0,0,141000,0,1335434,false,false,0.5030978051854461
before,sp500,cash,279,20,2,0,0,0,170000,0,2428247,false,false,0.44219564142816586
before,sp500,cash,280,20,2,0,0,0,141000,0,1095049,false,false,0.5172694140738366
before,sp500,cash,281,20,2,0,0,0,100500,0,2640905,false,false,0.4297296272997907
before,sp500,cash,282,20,1,0,0,0,45000,0,3761096,true,false,0.4124026358472658
before,sp500,cash,283,20,5,0,0,0,337500,0,875062,false,false,0.43475000137692454
before,sp500,cash,284,20,3,0,0,0,250000,0,1273459,false,false,0.4738630547278781
before,sp500,cash,285,20,2,0,0,0,191000,0,1590439,false,false,0.46275029318994987
before,sp500,cash,286,20,1,0,0,0,90000,0,1829110,false,false,0.4770730297415648
before,sp500,cash,287,20,2,0,0,0,124000,0,1518315,false,false,0.4662733620949499
before,sp500,cash,288,20,1,0,0,0,54000,0,1624081,false,false,0.49029177906699434
before,sp500,cash,289,20,3,0,0,0,215000,0,2274857,false,false,0.4150342731934412
before,sp500,cash,290,20,2,0,0,0,85500,0,2332071,false,false,0.42568549021864194
before,sp500,cash,291,20,3,0,0,0,231500,0,1328943,false,false,0.4702763427171579
before,sp500,cash,292,20,2,0,0,0,162000,0,799439,false,false,0.5200247679623626
before,sp500,cash,293,20,2,0,0,0,104000,0,2991280,false,false,0.44089246022104567
before,sp500,cash,294,20,2,0,0,0,141000,0,2138668,false,false,0.4441969913878445
before,sp500,cash,295,20,1,0,0,0,50000,0,1478052,false,false,0.46627317174130417
before,sp500,cash,296,20,3,0,0,0,163500,0,1903991,false,false,0.45241849967747605
before,sp500,cash,297,20,2,0,0,0,90000,0,1849899,false,false,0.4606442618434746
before,sp500,cash,298,20,1,0,0,0,60000,0,2891572,false,false,0.41359992579695276
before,sp500,cash,299,20,3,0,0,0,259000,0,1597228,false,false,0.4465513841512382
before,sp500,cash,300,20,2,0,0,0,130500,0,1488725,false,false,0.458903196891414
before,sp500,cash,301,20,2,0,0,0,124000,0,1869550,false,false,0.46431893982176875
before,sp500,cash,302,20,2,0,0,0,144000,0,1494753,false,false,0.4909342244937891
before,sp500,cash,303,20,2,0,0,0,85500,0,1179782,false,false,0.4739234820596776
before,sp500,cash,304,20,1,0,0,0,45000,0,2394964,false,false,0.4333160085882999
before,sp500,cash,305,20,1,0,0,0,81000,0,3599763,true,false,0.42041913095577865
before,sp500,cash,306,20,1,0,0,0,70000,0,1961361,false,false,0.4471937609502114
before,sp500,cash,307,20,2,0,0,0,90000,0,1766454,false,false,0.4326336011743006
before,sp500,cash,308,20,3,0,0,0,204000,0,1688518,false,false,0.4438941176838703
before,sp500,cash,309,20,3,0,0,0,139500,0,4114728,true,false,0.4078002936937201
before,sp500,cash,310,20,3,0,0,0,207000,0,1199533,false,false,0.49252040058584196
before,sp500,cash,311,20,1,0,0,0,54000,0,1203940,false,false,0.5188787168068256
before,sp500,cash,312,20,2,0,0,0,135000,0,1483818,false,false,0.4500764693617912
before,sp500,cash,313,20,3,0,0,0,233000,0,2065575,false,false,0.4557065808149529
before,sp500,cash,314,20,3,0,0,0,189000,0,1736416,false,false,0.4272162103446324
before,sp500,cash,315,20,0,0,0,0,0,0,1932827,false,false,0.45734970173378586
before,sp500,cash,316,20,2,0,0,0,117000,0,2282463,false,false,0.42700302285181574
before,sp500,cash,317,20,2,0,0,0,117000,0,1484384,false,false,0.4518805419905628
before,sp500,cash,318,20,2,0,0,0,150500,0,1084958,false,false,0.44444861646525186
before,sp500,cash,319,20,2,0,0,0,189000,0,1446053,false,false,0.4424923966610179
before,sp500,cash,320,20,3,0,0,0,205000,0,1277566,false,false,0.4308433392604785
before,sp500,cash,321,20,3,0,0,0,175000,0,3018654,true,false,0.4173199101536021
before,sp500,cash,322,20,4,0,0,0,252000,0,3096526,true,false,0.4108903195316402
before,sp500,cash,323,20,2,0,0,0,180000,0,1408126,false,false,0.43952159064704244
before,sp500,cash,324,20,3,0,0,0,234000,0,1964727,false,false,0.45106815363419583
before,sp500,cash,325,20,1,0,0,0,54000,0,2845629,false,false,0.4178669872458453
before,sp500,cash,326,20,2,0,0,0,95000,0,1325910,false,false,0.5417023696950665
before,sp500,cash,327,20,1,0,0,0,70000,0,1463187,false,false,0.479564930848011
before,sp500,cash,328,20,3,0,0,0,200500,0,1199971,false,false,0.4738801298123345
before,sp500,cash,329,20,2,0,0,0,144000,0,1657967,false,false,0.4568807535247517
before,sp500,cash,330,20,1,0,0,0,81000,0,1799338,false,false,0.5232085140013616
before,sp500,cash,331,20,2,0,0,0,121500,0,1036683,false,false,0.520490823016803
before,sp500,cash,332,20,3,0,0,0,198000,0,1398736,false,false,0.4902325694241575
before,sp500,cash,333,20,1,0,0,0,60000,0,1634031,false,false,0.43896866462365614
before,sp500,cash,334,20,2,0,0,0,94500,0,2065351,false,false,0.4605536485046787
before,sp500,cash,335,20,3,0,0,0,205000,0,2219632,false,false,0.4501379289984843
before,sp500,cash,336,20,1,0,0,0,50000,0,2236466,false,false,0.4441625924155798
before,sp500,cash,337,20,3,0,0,0,234000,0,1398520,false,false,0.4495428801002686
before,sp500,cash,338,20,3,0,0,0,218000,0,1617468,false,false,0.4233333774995328
before,sp500,cash,339,20,1,0,0,0,63000,0,2086926,false,false,0.4104003377999484
before,sp500,cash,340,20,0,0,0,0,0,0,1495985,false,false,0.4708217105835577
before,sp500,cash,341,20,2,0,0,0,144000,0,1892174,false,false,0.4457607222474052
before,sp500,cash,342,20,1,0,0,0,110000,0,1778085,false,false,0.46096721654456035
before,sp500,cash,343,20,3,0,0,0,149000,0,3244733,true,false,0.4189087243675247
before,sp500,cash,344,20,3,0,0,0,212000,0,2478985,false,false,0.4212815233899258
before,sp500,cash,345,20,2,0,0,0,130500,0,2253950,false,false,0.4599521450823187
before,sp500,cash,346,20,2,0,0,0,144000,0,1434759,false,false,0.47567754419213815
before,sp500,cash,347,20,2,0,0,0,135000,0,1652959,false,false,0.4629502740136681
before,sp500,cash,348,20,3,0,0,0,168000,0,1232736,false,false,0.48560560947652764
before,sp500,cash,349,20,2,0,0,0,144000,0,975864,false,false,0.49290748129894746
before,sp500,cash,350,20,2,0,0,0,149000,0,1802211,false,false,0.45351542786669025
before,sp500,cash,351,20,1,0,0,0,81000,0,1609211,false,false,0.4319266414590244
before,sp500,cash,352,20,4,0,0,0,246000,0,1011071,false,false,0.41360308231468174
before,sp500,cash,353,20,2,0,0,0,153000,0,2951586,false,false,0.42907047448876845
before,sp500,cash,354,20,2,0,0,0,160000,0,2143819,false,false,0.4046195701972125
before,sp500,cash,355,20,0,0,0,0,0,0,2049766,false,false,0.4794853731989428
before,sp500,cash,356,20,1,0,0,0,63000,0,2245824,false,false,0.44255440837245896
before,sp500,cash,357,20,1,0,0,0,110000,0,2084319,false,false,0.4703242841557932
before,sp500,cash,358,20,2,0,0,0,191000,0,1321918,false,false,0.4873974927039749
before,sp500,cash,359,20,2,0,0,0,144000,0,1059021,false,false,0.45970000063744204
before,sp500,cash,360,20,3,0,0,0,148500,0,2036145,false,false,0.4488878633145522
before,sp500,cash,361,20,5,0,0,0,288000,0,1342205,false,false,0.4717791204867047
before,sp500,cash,362,20,1,0,0,0,90000,0,1475711,false,false,0.518862469855206
before,sp500,cash,363,20,3,0,0,0,240000,0,1385647,false,false,0.4535933242385705
before,sp500,cash,364,20,3,0,0,0,189000,0,2377604,false,false,0.41723698703708817
before,sp500,cash,365,20,1,0,0,0,70000,0,2214798,false,false,0.4518392707458461
before,sp500,cash,366,20,2,0,0,0,153000,0,1607672,false,false,0.4827951820150872
before,sp500,cash,367,20,0,0,0,0,0,0,1989721,false,false,0.4505546932292345
before,sp500,cash,368,20,0,0,0,0,0,0,2110632,false,false,0.45803798155025977
before,sp500,cash,369,20,1,0,0,0,60000,0,1797853,false,false,0.46615316201465495
before,sp500,cash,370,20,2,0,0,0,189000,0,1511616,false,false,0.4171538490772024
before,sp500,cash,371,20,1,0,0,0,54000,0,2209212,false,false,0.4151706619616415
before,sp500,cash,372,20,2,0,0,0,139500,0,1109141,false,false,0.5305975841818261
before,sp500,cash,373,20,2,0,0,0,105000,0,1686824,false,false,0.46932366263431735
before,sp500,cash,374,20,3,0,0,0,199500,0,1645618,false,false,0.45218004419445695
before,sp500,cash,375,20,3,0,0,0,189000,0,1863108,false,false,0.49180678361312574
before,sp500,cash,376,20,1,0,0,0,110000,0,1833350,false,false,0.4630732775516807
before,sp500,cash,377,20,3,0,0,0,220500,0,758334,false,false,0.4876348469472407
before,sp500,cash,378,20,2,0,0,0,144000,0,1863892,false,false,0.44752862993974807
before,sp500,cash,379,20,2,0,0,0,144000,0,3639536,true,false,0.4341519580812728
before,sp500,cash,380,20,3,0,0,0,195000,0,1150977,false,false,0.4811246295416013
before,sp500,cash,381,20,2,0,0,0,115000,0,2198618,false,false,0.41703868223615254
before,sp500,cash,382,20,2,0,0,0,149000,0,2520310,false,false,0.43007001618358603
before,sp500,cash,383,20,2,0,0,0,160000,0,1739406,false,false,0.45391736912950503
before,sp500,cash,384,20,2,0,0,0,200000,0,917303,false,false,0.47219615280990945
before,sp500,cash,385,20,1,0,0,0,90000,0,1197001,false,false,0.44395740881778395
before,sp500,cash,386,20,1,0,0,0,45000,0,3035373,true,false,0.41981966626868256
before,sp500,cash,387,20,1,0,0,0,81000,0,2338043,false,false,0.43733530698597917
before,sp500,cash,388,20,1,0,0,0,60000,0,1849428,false,false,0.46858168546891454
before,sp500,cash,389,20,2,0,0,0,159000,0,1225696,false,false,0.4990304378193747
before,sp500,cash,390,20,1,0,0,0,63000,0,1044388,false,false,0.5588056457181805
before,sp500,cash,391,20,2,0,0,0,144000,0,2939586,false,false,0.41587465468559304
before,sp500,cash,392,20,1,0,0,0,45000,0,1538813,false,false,0.4858495395895172
before,sp500,cash,393,20,3,0,0,0,202500,0,1845656,false,false,0.461384244103703
before,sp500,cash,394,20,1,0,0,0,45000,0,3257336,true,false,0.44363483465044906
before,sp500,cash,395,20,1,0,0,0,54000,0,1244611,false,false,0.4834794936549988
before,sp500,cash,396,20,1,0,0,0,99000,0,1555301,false,false,0.4727607058038137
before,sp500,cash,397,20,1,0,0,0,81000,0,1916249,false,false,0.4894830109837538
before,sp500,cash,398,20,3,0,0,0,170500,0,2101127,false,false,0.4017267417489185
before,sp500,cash,399,20,2,0,0,0,115000,0,1242418,false,false,0.45971055632841534
before,sp500,cash,400,20,2,0,0,0,99000,0,2672780,false,false,0.40164694722745453
before,sp500,cash,401,20,1,0,0,0,110000,0,2478582,false,false,0.41913905212925223
before,sp500,cash,402,20,3,0,0,0,204000,0,1263183,false,false,0.5045183717231175
before,sp500,cash,403,20,3,0,0,0,175500,0,3210416,true,false,0.4088926284883555
before,sp500,cash,404,20,1,0,0,0,90000,0,2003329,false,false,0.4491825528839553
before,sp500,cash,405,20,1,0,0,0,45000,0,1090228,false,false,0.5977513559844657
before,sp500,cash,406,20,3,0,0,0,230000,0,2614837,false,false,0.43978809640387045
before,sp500,cash,407,20,4,0,0,0,229500,0,1816317,false,false,0.4880312222662898
before,sp500,cash,408,20,2,0,0,0,191000,0,1411694,false,false,0.42507398755470377
before,sp500,cash,409,20,0,0,0,0,0,0,1660203,false,false,0.4603904180656494
before,sp500,cash,410,20,2,0,0,0,135000,0,1604473,false,false,0.5110869879794515
before,sp500,cash,411,20,2,0,0,0,162000,0,1816715,false,false,0.4560456216703317
before,sp500,cash,412,20,1,0,0,0,40500,0,2258341,false,false,0.4308256213650902
before,sp500,cash,413,20,3,0,0,0,229000,0,1196794,false,false,0.4416673904475603
before,sp500,cash,414,20,1,0,0,0,110000,0,3855305,true,false,0.40723594059740087
before,sp500,cash,415,20,1,0,0,0,70000,0,2653130,false,false,0.4335946312712403
before,sp500,cash,416,20,1,0,0,0,70000,0,1966258,false,false,0.4452066924216275
before,sp500,cash,417,20,3,0,0,0,205000,0,1399062,false,false,0.44967953419258544
before,sp500,cash,418,20,2,0,0,0,135000,0,2318934,false,false,0.4368171323974216
before,sp500,cash,419,20,1,0,0,0,50000,0,1433672,false,false,0.5004682186908688
before,sp500,cash,420,20,4,0,0,0,285000,0,1805091,false,false,0.4567503445317159
before,sp500,cash,421,20,3,0,0,0,245000,0,903008,false,false,0.5076142524052412
before,sp500,cash,422,20,3,0,0,0,240500,0,679390,false,false,0.4454490634571389
before,sp500,cash,423,20,3,0,0,0,220500,0,842034,false,false,0.48241310114854896
before,sp500,cash,424,20,4,0,0,0,229500,0,1193665,false,false,0.4314246089377095
before,sp500,cash,425,20,2,0,0,0,153000,0,1550209,false,false,0.4681052910045924
before,sp500,cash,426,20,2,0,0,0,99000,0,3162691,true,false,0.4219042895980407
before,sp500,cash,427,20,1,0,0,0,110000,0,1312028,false,false,0.47481399557518184
before,sp500,cash,428,20,0,0,0,0,0,0,2261027,false,false,0.45681488225143096
before,sp500,cash,429,20,2,0,0,0,99000,0,1584558,false,false,0.4834208770105901
before,sp500,cash,430,20,3,0,0,0,171000,0,1608720,false,false,0.41732377226355244
before,sp500,cash,431,20,3,0,0,0,218000,0,1412291,false,false,0.43265479028819315
before,sp500,cash,432,20,1,0,0,0,99000,0,1715141,false,false,0.43931010043468327
before,sp500,cash,433,20,0,0,0,0,0,0,2303370,false,false,0.43725044288968384
before,sp500,cash,434,20,3,0,0,0,218000,0,1398494,false,false,0.44576416623830956
before,sp500,cash,435,20,1,0,0,0,45000,0,2138617,false,false,0.45402644612546733
before,sp500,cash,436,20,2,0,0,0,121500,0,1181541,false,false,0.5034861726512474
before,sp500,cash,437,20,1,0,0,0,70000,0,1218122,false,false,0.4976288715912977
before,sp500,cash,438,20,2,0,0,0,144000,0,1640152,false,false,0.4698029047294269
before,sp500,cash,439,20,4,0,0,0,290000,0,2577317,false,false,0.40362635262650687
before,sp500,cash,440,20,2,0,0,0,149000,0,1679812,false,false,0.5199309701837925
before,sp500,cash,441,20,3,0,0,0,240000,0,2441672,false,false,0.4107296710589196
before,sp500,cash,442,20,2,0,0,0,120000,0,1126946,false,false,0.46462656667391167
before,sp500,cash,443,20,2,0,0,0,139500,0,1205848,false,false,0.5302725167856984
before,sp500,cash,444,20,3,0,0,0,214000,0,1568655,false,false,0.4373940188029698
before,sp500,cash,445,20,0,0,0,0,0,0,2221789,false,false,0.4741874343654359
before,sp500,cash,446,20,5,0,0,0,288000,0,713018,false,false,0.4832867638057903
before,sp500,cash,447,20,1,0,0,0,110000,0,999404,false,false,0.5088009943847167
before,sp500,cash,448,20,3,0,0,0,205000,0,1073852,false,false,0.5360933257626058
before,sp500,cash,449,20,2,0,0,0,105000,0,964654,false,false,0.4992274716001101
before,sp500,cash,450,20,2,0,0,0,99000,0,1470056,false,false,0.49432066073800723
before,sp500,cash,451,20,2,0,0,0,150500,0,2029681,false,false,0.45861607359778117
before,sp500,cash,452,20,1,0,0,0,45000,0,1889544,false,false,0.46754984895663065
before,sp500,cash,453,20,2,0,0,0,85500,0,1885060,false,false,0.5131906935312066
before,sp500,cash,454,20,0,0,0,0,0,0,2175366,false,false,0.44613513134859684
before,sp500,cash,455,20,3,0,0,0,225000,0,2331146,false,false,0.4499418148167478
before,sp500,cash,456,20,2,0,0,0,95000,0,2625139,false,false,0.4172671865929261
before,sp500,cash,457,20,3,0,0,0,216000,0,1563203,false,false,0.45198522004002684
before,sp500,cash,458,20,3,0,0,0,252000,0,1300825,false,false,0.40652701470331787
before,sp500,cash,459,20,1,0,0,0,50000,0,1519171,false,false,0.476659691596837
before,sp500,cash,460,20,0,0,0,0,0,0,2822617,false,false,0.41365026683589895
before,sp500,cash,461,20,4,0,0,0,226500,0,2086372,false,false,0.41956398091071173
before,sp500,cash,462,20,2,0,0,0,108000,0,2901442,false,false,0.424177713155648
before,sp500,cash,463,20,2,0,0,0,104000,0,1648933,false,false,0.4334467773923795
before,sp500,cash,464,20,2,0,0,0,120000,0,1169019,false,false,0.4867489936128613
before,sp500,cash,465,20,2,0,0,0,141000,0,1718686,false,false,0.4533713236458327
before,sp500,cash,466,20,2,0,0,0,94500,0,1521517,false,false,0.440813854990939
before,sp500,cash,467,20,0,0,0,0,0,0,1603885,false,false,0.4353014315677627
before,sp500,cash,468,20,2,0,0,0,160000,0,2000865,false,false,0.41973966332960205
before,sp500,cash,469,20,3,0,0,0,245000,0,1285303,false,false,0.411064106519448
before,sp500,cash,470,20,2,0,0,0,130500,0,2461748,false,false,0.42020151498703023
before,sp500,cash,471,20,2,0,0,0,151000,0,1056789,false,false,0.5582344580790216
before,sp500,cash,472,20,3,0,0,0,212000,0,1377426,false,false,0.46871008555658894
before,sp500,cash,473,20,1,0,0,0,45000,0,2141717,false,false,0.44338743167125383
before,sp500,cash,474,20,2,0,0,0,110000,0,2052077,false,false,0.421012058868348
before,sp500,cash,475,20,2,0,0,0,123000,0,1518681,false,false,0.4347221354630224
before,sp500,cash,476,20,2,0,0,0,95000,0,2265909,false,false,0.4594343624465657
before,sp500,cash,477,20,2,0,0,0,200000,0,2225578,false,false,0.4516566644340311
before,sp500,cash,478,20,2,0,0,0,189000,0,882251,false,false,0.5115759123428048
before,sp500,cash,479,20,1,0,0,0,45000,0,1724487,false,false,0.44962884026627553
before,sp500,cash,480,20,2,0,0,0,153000,0,2570252,false,false,0.4160076346867772
before,sp500,cash,481,20,2,0,0,0,99000,0,2271292,false,false,0.4487637654692797
before,sp500,cash,482,20,3,0,0,0,223000,0,1725092,false,false,0.4883585576499513
before,sp500,cash,483,20,2,0,0,0,169000,0,1991975,false,false,0.45304149337336874
before,sp500,cash,484,20,2,0,0,0,164000,0,2024171,false,false,0.4417376898067801
before,sp500,cash,485,20,1,0,0,0,70000,0,2791886,false,false,0.43866257521356733
before,sp500,cash,486,20,3,0,0,0,223000,0,1322380,false,false,0.47519273058788236
before,sp500,cash,487,20,0,0,0,0,0,0,1991158,false,false,0.4365638280909582
before,sp500,cash,488,20,4,0,0,0,268000,0,1953074,false,false,0.472461866183061
before,sp500,cash,489,20,3,0,0,0,180000,0,2701738,false,false,0.4488759337615448
before,sp500,cash,490,20,4,0,0,0,320000,0,1704026,false,false,0.44764294529471316
before,sp500,cash,491,20,3,0,0,0,189000,0,1175537,false,false,0.47125533461474733
before,sp500,cash,492,20,4,0,0,0,300500,0,1592492,false,false,0.4454836308190656
before,sp500,cash,493,20,3,0,0,0,171000,0,1482573,false,false,0.4843958864304974
before,sp500,cash,494,20,2,0,0,0,153000,0,1479503,false,false,0.4480513098855905
before,sp500,cash,495,20,1,0,0,0,45000,0,1220683,false,false,0.5623787480199901
before,sp500,cash,496,20,2,0,0,0,159000,0,2825457,false,false,0.4151246716823424
before,sp500,cash,497,20,3,0,0,0,270000,0,2105902,false,false,0.44011942575594903
before,sp500,cash,498,20,3,0,0,0,191500,0,2213477,false,false,0.40820858230586976
before,sp500,cash,499,20,1,0,0,0,110000,0,1721373,false,false,0.46097054252614
before,sp500,cash,500,20,2,0,0,0,155000,0,1543259,false,false,0.475277792921139
before,sp500,cash,501,20,3,0,0,0,205000,0,2250016,false,false,0.4352349696109389
before,sp500,cash,502,20,4,0,0,0,284000,0,2047250,false,false,0.43581185424514485
before,sp500,cash,503,20,2,0,0,0,155000,0,2562460,false,false,0.42232123812403916
before,sp500,cash,504,20,3,0,0,0,254000,0,1092555,false,false,0.44411050608827346
before,sp500,cash,505,20,2,0,0,0,135000,0,2109124,false,false,0.4419107997934975
before,sp500,cash,506,20,2,0,0,0,105000,0,1981535,false,false,0.4541464332850117
before,sp500,cash,507,20,2,0,0,0,121500,0,3136894,true,false,0.44204406685706665
before,sp500,cash,508,20,3,0,0,0,259000,0,1372298,false,false,0.4544974787128747
before,sp500,cash,509,20,1,0,0,0,99000,0,1336061,false,false,0.4887300542561305
before,sp500,cash,510,20,1,0,0,0,110000,0,1800916,false,false,0.42149725653178105
before,sp500,cash,511,20,1,0,0,0,45000,0,1563937,false,false,0.4916233686589956
before,sp500,cash,512,20,2,0,0,0,105000,0,2539879,false,false,0.4836818501856869
before,sp500,cash,513,20,3,0,0,0,162000,0,1555788,false,false,0.42120428900299434
before,sp500,cash,514,20,1,0,0,0,70000,0,1692536,false,false,0.5081263662916553
before,sp500,cash,515,20,3,0,0,0,240000,0,1379745,false,false,0.45679172624302733
before,sp500,cash,516,20,2,0,0,0,155000,0,1903563,false,false,0.45622038206729193
before,sp500,cash,517,20,2,0,0,0,144000,0,1435380,false,false,0.47092532510531465
before,sp500,cash,518,20,1,0,0,0,81000,0,1172378,false,false,0.5452872896141762
before,sp500,cash,519,20,1,0,0,0,81000,0,2349921,false,false,0.4446867360987798
before,sp500,cash,520,20,2,0,0,0,135000,0,1113022,false,false,0.51063796437157
before,sp500,cash,521,20,1,0,0,0,45000,0,1788462,false,false,0.43575279791249144
before,sp500,cash,522,20,4,0,0,0,285500,0,1292035,false,false,0.43380464553122644
before,sp500,cash,523,20,2,0,0,0,108000,0,1719759,false,false,0.4504123828848483
before,sp500,cash,524,20,3,0,0,0,212000,0,1686409,false,false,0.4665418835210063
before,sp500,cash,525,20,0,0,0,0,0,0,905422,false,false,0.5088558732469094
before,sp500,cash,526,20,4,0,0,0,258000,0,692370,false,false,0.470692716042186
before,sp500,cash,527,20,3,0,0,0,210000,0,1944853,false,false,0.4277219401165369
before,sp500,cash,528,20,1,0,0,0,45000,0,763675,false,false,0.6189382004727946
before,sp500,cash,529,20,2,0,0,0,130500,0,1663526,false,false,0.436601793260664
before,sp500,cash,530,20,4,0,0,0,313000,0,1095809,false,false,0.509948641513169
before,sp500,cash,531,20,1,0,0,0,45000,0,2395022,false,false,0.42077205797128847
before,sp500,cash,532,20,2,0,0,0,126000,0,1113759,false,false,0.4565461440654661
before,sp500,cash,533,20,1,0,0,0,45000,0,2320461,false,false,0.4338268677302578
before,sp500,cash,534,20,3,0,0,0,200000,0,2313346,false,false,0.429048357979429
before,sp500,cash,535,20,2,0,0,0,99000,0,1689618,false,false,0.4709999856825865
before,sp500,cash,536,20,0,0,0,0,0,0,2267738,false,false,0.448700887873275
before,sp500,cash,537,20,1,0,0,0,81000,0,2652099,false,false,0.4331011979108824
before,sp500,cash,538,20,2,0,0,0,126000,0,2527501,false,false,0.43595414010551625
before,sp500,cash,539,20,1,0,0,0,110000,0,3590603,true,false,0.42368792738063704
before,sp500,cash,540,20,4,0,0,0,304000,0,1313472,false,false,0.43603159688583026
before,sp500,cash,541,20,3,0,0,0,175500,0,2439922,false,false,0.4372845482602763
before,sp500,cash,542,20,1,0,0,0,60000,0,1279610,false,false,0.5015000239216741
before,sp500,cash,543,20,4,0,0,0,207000,0,1449400,false,false,0.4746460536237439
before,sp500,cash,544,20,0,0,0,0,0,0,1861546,false,false,0.4523474109444197
before,sp500,cash,545,20,2,0,0,0,169000,0,1426466,false,false,0.457703846907734
before,sp500,cash,546,20,0,0,0,0,0,0,1070418,false,false,0.5882896076197145
before,sp500,cash,547,20,3,0,0,0,166500,0,1510041,false,false,0.473360401552587
before,sp500,cash,548,20,2,0,0,0,159000,0,2732940,false,false,0.40970339369186864
before,sp500,cash,549,20,2,0,0,0,110500,0,1458388,false,false,0.47029103339673606
before,sp500,cash,550,20,2,0,0,0,110500,0,1530376,false,false,0.4488744044501784
before,sp500,cash,551,20,1,0,0,0,50000,0,1611362,false,false,0.4374289837597113
before,sp500,cash,552,20,2,0,0,0,100500,0,3018832,true,false,0.4147527033794079
before,sp500,cash,553,20,4,0,0,0,245500,0,2510131,false,false,0.41423287971756056
before,sp500,cash,554,20,3,0,0,0,204000,0,1532226,false,false,0.441764495968261
before,sp500,cash,555,20,1,0,0,0,45000,0,1760946,false,false,0.47128239229960445
before,sp500,cash,556,20,0,0,0,0,0,0,2381546,false,false,0.43717857898940665
before,sp500,cash,557,20,1,0,0,0,90000,0,1323117,false,false,0.4507654113925306
before,sp500,cash,558,20,2,0,0,0,200000,0,1512915,false,false,0.4915207893996597
before,sp500,cash,559,20,1,0,0,0,70000,0,2434548,false,false,0.4421944123901316
before,sp500,cash,560,20,3,0,0,0,219000,0,1884063,false,false,0.42109605447506804
before,sp500,cash,561,20,0,0,0,0,0,0,2497519,false,false,0.42456434377392716
before,sp500,cash,562,20,3,0,0,0,198000,0,1636172,false,false,0.41650026282766295
before,sp500,cash,563,20,0,0,0,0,0,0,1507919,false,false,0.4735769376645472
before,sp500,cash,564,20,1,0,0,0,45000,0,1218275,false,false,0.5630141433578969
before,sp500,cash,565,20,4,0,0,0,272000,0,1930190,false,false,0.4232182740519351
before,sp500,cash,566,20,1,0,0,0,40500,0,3074238,true,false,0.45532269198567593
before,sp500,cash,567,20,2,0,0,0,140000,0,1023621,false,false,0.5145850017687815
before,sp500,cash,568,20,1,0,0,0,45000,0,2783545,false,false,0.43227574622636816
before,sp500,cash,569,20,1,0,0,0,70000,0,2789489,false,false,0.4410619427649018
before,sp500,cash,570,20,1,0,0,0,81000,0,1587594,false,false,0.5024844195719134
before,sp500,cash,571,20,3,0,0,0,214000,0,3582295,true,false,0.4046883202974779
before,sp500,cash,572,20,4,0,0,0,225500,0,1866356,false,false,0.4272546037799206
before,sp500,cash,573,20,2,0,0,0,90500,0,1905482,false,false,0.48483619567529923
before,sp500,cash,574,20,1,0,0,0,110000,0,1804031,false,false,0.42871574932012546
before,sp500,cash,575,20,2,0,0,0,131000,0,1989800,false,false,0.47691567580781696
before,sp500,cash,576,20,2,0,0,0,191000,0,962433,false,false,0.541887356061546
before,sp500,cash,577,20,2,0,0,0,149000,0,1829371,false,false,0.4449269385486992
before,sp500,cash,578,20,2,0,0,0,149000,0,1209303,false,false,0.5264633740261444
before,sp500,cash,579,20,1,0,0,0,54000,0,1952421,false,false,0.4348276020882066
before,sp500,cash,580,20,0,0,0,0,0,0,1620283,false,false,0.5061774475859935
before,sp500,cash,581,20,3,0,0,0,250000,0,1148494,false,false,0.4630700271504751
before,sp500,cash,582,20,2,0,0,0,169000,0,1575398,false,false,0.4381473454075221
before,sp500,cash,583,20,3,0,0,0,157500,0,1667920,false,false,0.5220739004174464
before,sp500,cash,584,20,2,0,0,0,180000,0,851104,false,false,0.52669484528823
before,sp500,cash,585,20,4,0,0,0,268000,0,1831599,false,false,0.42690558838888215
before,sp500,cash,586,20,1,0,0,0,63000,0,2064100,false,false,0.4431637996151835
before,sp500,cash,587,20,2,0,0,0,160000,0,1284956,false,false,0.45510994979999325
before,sp500,cash,588,20,2,0,0,0,189000,0,2100704,false,false,0.4095016354006691
before,sp500,cash,589,20,3,0,0,0,205000,0,1613247,false,false,0.4206579578611039
before,sp500,cash,590,20,3,0,0,0,180000,0,2488295,false,false,0.41698785982938985
before,sp500,cash,591,20,2,0,0,0,123000,0,1239755,false,false,0.5108334740735102
before,sp500,cash,592,20,4,0,0,0,261000,0,1360196,false,false,0.5154573803910707
before,sp500,cash,593,20,1,0,0,0,81000,0,2074280,false,false,0.43894990397970163
before,sp500,cash,594,20,3,0,0,0,194000,0,1004054,false,false,0.53853563865498
before,sp500,cash,595,20,1,0,0,0,70000,0,1855519,false,false,0.48322451858534465
before,sp500,cash,596,20,0,0,0,0,0,0,4087401,true,false,0.41576274585034706
before,sp500,cash,597,20,2,0,0,0,189000,0,1432458,false,false,0.46657216722862194
before,sp500,cash,598,20,1,0,0,0,54000,0,1283343,false,false,0.5318209241918933
before,sp500,cash,599,20,2,0,0,0,103500,0,2033420,false,false,0.41041408291313186
before,sp500,standard,0,20,2,0,0,0,135000,0,4287151,true,false,0.14176386736172547
before,sp500,standard,1,20,1,0,0,0,81000,0,6601386,true,false,0.1434411099279796
before,sp500,standard,2,20,1,0,0,0,99000,0,6379150,true,false,0.12567938574715276
before,sp500,standard,3,20,2,0,0,0,99000,0,2440765,false,false,0.15979035290665197
before,sp500,standard,4,20,1,0,0,0,70000,0,2458367,false,false,0.15655879509007858
before,sp500,standard,5,20,1,0,0,0,90000,0,2904379,false,false,0.18098335426864515
before,sp500,standard,6,20,3,0,0,0,200500,0,4936275,true,false,0.0877522694674609
before,sp500,standard,7,20,3,0,0,0,184500,0,4257409,true,false,0.07877221088650031
before,sp500,standard,8,20,1,0,0,0,63000,0,1727849,false,false,0.21782302767136988
before,sp500,standard,9,20,2,0,0,0,139500,0,6226646,true,false,0.11108839257953515
before,sp500,standard,10,20,2,0,0,0,160000,0,1983220,false,false,0.1833261536341157
before,sp500,standard,11,20,2,0,0,0,110000,0,1570007,false,false,0.1557767185273087
before,sp500,standard,12,20,2,0,0,0,150500,0,1470804,false,false,0.15348109215580846
before,sp500,standard,13,20,2,0,0,0,90500,0,4786915,true,false,0.1738558888316636
before,sp500,standard,14,20,0,0,0,0,0,0,1658994,false,false,0.19788473597335723
before,sp500,standard,15,20,1,0,0,0,99000,0,4532129,true,false,0.15403794489771389
before,sp500,standard,16,20,2,0,0,0,94500,0,4684507,true,false,0.134360564612702
before,sp500,standard,17,20,2,0,0,0,126000,0,7732244,true,false,0.12004230242297213
before,sp500,standard,18,20,4,0,0,0,234500,0,6444940,true,false,0.07817962052829557
before,sp500,standard,19,20,2,0,0,0,99000,0,7527026,true,false,0.10312256063780863
before,sp500,standard,20,20,2,0,0,0,160000,0,1449484,false,false,0.11040502221427832
before,sp500,standard,21,20,3,0,0,0,155000,0,4712218,true,false,0.12944071803161322
before,sp500,standard,22,20,4,0,0,0,248000,0,1977243,false,false,0.1461004935457928
before,sp500,standard,23,20,1,0,0,0,40500,0,3734762,true,false,0.14411584441590405
before,sp500,standard,24,20,3,0,0,0,144000,0,4889332,true,false,0.12015486944397998
before,sp500,standard,25,20,1,0,0,0,50000,0,3816800,true,false,0.1751205736732356
before,sp500,standard,26,20,0,0,0,0,0,0,3385147,true,false,0.17831355960795606
before,sp500,standard,27,20,1,0,0,0,90000,0,2422310,false,false,0.1833711781664096
before,sp500,standard,28,20,2,0,0,0,169000,0,2170323,false,false,0.17405519001699887
before,sp500,standard,29,20,1,0,0,0,63000,0,3552367,true,false,0.1849407221334957
before,sp500,standard,30,20,1,0,0,0,81000,0,3643868,true,false,0.15255298878402374
before,sp500,standard,31,20,1,0,0,0,90000,0,3774187,true,false,0.15459184469891135
before,sp500,standard,32,20,4,1,1,3339,252500,0,1635384,false,false,0.16330643138529055
before,sp500,standard,33,20,0,0,0,0,0,0,3628663,true,false,0.1281037254995526
before,sp500,standard,34,20,1,0,0,0,81000,0,4436083,true,false,0.13853533393368134
before,sp500,standard,35,20,2,0,0,0,135000,0,2893130,false,false,0.18841557317674545
before,sp500,standard,36,20,1,0,0,0,90000,0,4047612,true,false,0.17882797664180058
before,sp500,standard,37,20,1,0,0,0,45000,0,2006700,false,false,0.14872477778979354
before,sp500,standard,38,20,3,0,0,0,157500,0,3514473,true,false,0.14706675363419325
before,sp500,standard,39,20,2,0,0,0,135000,0,1811117,false,false,0.1714836619551867
before,sp500,standard,40,20,1,0,0,0,40500,0,8290554,true,false,0.12689857509522315
before,sp500,standard,41,20,2,0,0,0,173000,0,3721659,true,false,0.12158022078070438
before,sp500,standard,42,20,2,0,0,0,105000,0,2554140,false,false,0.16665699142405538
before,sp500,standard,43,20,3,0,0,0,204000,0,5205399,true,false,0.11293974063195196
before,sp500,standard,44,20,2,0,0,0,164000,0,8353974,true,false,0.09687139519724204
before,sp500,standard,45,20,3,1,1,63689,220500,0,800972,false,false,0.1725620094373153
before,sp500,standard,46,20,2,0,0,0,124000,0,632159,false,false,0.21878323062380037
before,sp500,standard,47,20,1,0,0,0,54000,0,2427225,false,false,0.14785779772885446
before,sp500,standard,48,20,2,0,0,0,126000,0,2339081,false,false,0.14367531793505722
before,sp500,standard,49,20,3,0,0,0,166500,0,1291114,false,false,0.19111382087953815
before,sp500,standard,50,20,2,0,0,0,105000,0,5596076,true,false,0.12466260538596555
before,sp500,standard,51,20,0,0,0,0,0,0,4836346,true,false,0.1329200032768652
before,sp500,standard,52,20,1,0,0,0,50000,0,3006254,true,false,0.1389585486737839
before,sp500,standard,53,20,2,0,0,0,164000,0,3163213,true,false,0.11085931851585654
before,sp500,standard,54,20,2,0,0,0,150000,0,11296683,true,false,0.09790031978033678
before,sp500,standard,55,20,3,0,0,0,145500,0,1042859,false,false,0.20698191971742275
before,sp500,standard,56,20,1,0,0,0,63000,0,4908779,true,false,0.13947240634218197
before,sp500,standard,57,20,0,0,0,0,0,0,2609644,false,false,0.18410647127184576
before,sp500,standard,58,20,3,0,0,0,215000,0,1515929,false,false,0.14490580377632323
before,sp500,standard,59,20,2,0,0,0,105000,0,9678969,true,false,0.16409010870229854
before,sp500,standard,60,20,4,0,0,0,314000,0,6824611,true,false,0.14554127247012366
before,sp500,standard,61,20,4,1,1,11261,290500,0,9263025,true,false,0.05208375841992317
before,sp500,standard,62,20,0,0,0,0,0,0,4270872,true,false,0.13353194775142269
before,sp500,standard,63,20,1,0,0,0,54000,0,4051776,true,false,0.15978997851128032
before,sp500,standard,64,20,2,0,0,0,135000,0,15801171,true,false,0.11369807552430355
before,sp500,standard,65,20,3,0,0,0,195000,0,6337764,true,false,0.14714142805079405
before,sp500,standard,66,20,1,0,0,0,45000,0,1828556,false,false,0.23261017403448822
before,sp500,standard,67,20,2,0,0,0,155000,0,849774,false,false,0.23799960250798802
before,sp500,standard,68,20,1,0,0,0,70000,0,9206444,true,false,0.11727928659017535
before,sp500,standard,69,20,3,0,0,0,162000,0,4038547,true,false,0.15124126123045536
before,sp500,standard,70,20,1,0,0,0,70000,0,3570750,true,false,0.15037688457043524
before,sp500,standard,71,20,4,0,0,0,209500,0,2684293,false,false,0.16969629516410464
before,sp500,standard,72,20,3,0,0,0,167000,0,7575601,true,false,0.18507429851991458
before,sp500,standard,73,20,2,0,0,0,95000,0,1730448,false,false,0.14803633063379057
before,sp500,standard,74,20,3,0,0,0,205000,0,1421450,false,false,0.16158410052785127
before,sp500,standard,75,20,1,0,0,0,40500,0,3543782,true,false,0.1423128039068583
before,sp500,standard,76,20,2,0,0,0,189000,0,4238816,true,false,0.11832073764628145
before,sp500,standard,77,20,2,0,0,0,151000,0,2755558,false,false,0.15844555388475778
before,sp500,standard,78,20,0,0,0,0,0,0,8746432,true,false,0.1369004397348592
before,sp500,standard,79,20,2,1,1,18258,139500,0,777235,false,false,0.15140167463910334
before,sp500,standard,80,20,2,0,0,0,180000,0,3642870,true,false,0.18748904798753258
before,sp500,standard,81,20,3,0,0,0,203000,0,7356929,true,false,0.1332955211100047
before,sp500,standard,82,20,3,0,0,0,144500,0,3549017,true,false,0.15425551288211445
before,sp500,standard,83,20,2,0,0,0,162000,0,5563220,true,false,0.10686422412386713
before,sp500,standard,84,20,1,0,0,0,60000,0,16348396,true,false,0.11797925064875539
before,sp500,standard,85,20,3,0,0,0,162000,0,2834266,false,false,0.1514631555114741
before,sp500,standard,86,20,2,0,0,0,126000,0,6119111,true,false,0.10012905093891396
before,sp500,standard,87,20,2,0,0,0,144000,0,2969631,false,false,0.15491919014928474
before,sp500,standard,88,20,2,0,0,0,159000,0,11058874,true,false,0.1019806606640826
before,sp500,standard,89,20,2,0,0,0,121500,0,2495386,false,false,0.16223380360923484
before,sp500,standard,90,20,1,0,0,0,110000,0,3445076,true,false,0.1644487231289853
before,sp500,standard,91,20,1,0,0,0,110000,0,2124417,false,false,0.14551120337107154
before,sp500,standard,92,20,3,1,1,27668,214000,0,1423254,false,false,0.16470198661233906
before,sp500,standard,93,20,2,0,0,0,117000,0,1499874,false,false,0.280688364441692
before,sp500,standard,94,20,3,0,0,0,149000,0,4057957,true,false,0.11727587823923906
before,sp500,standard,95,20,0,0,0,0,0,0,12114637,true,false,0.1164364227222134
before,sp500,standard,96,20,1,0,0,0,70000,0,3300749,true,false,0.13779920208504493
before,sp500,standard,97,20,2,0,0,0,140000,0,6547213,true,false,0.13960297322212695
before,sp500,standard,98,20,1,0,0,0,70000,0,3489762,true,false,0.13403751856725526
before,sp500,standard,99,20,2,0,0,0,173000,0,1602138,false,false,0.2977549564918785
before,sp500,standard,100,20,3,0,0,0,250000,0,7825589,true,false,0.09043598762156053
before,sp500,standard,101,20,2,0,0,0,155000,0,4391492,true,false,0.13393014624639626
before,sp500,standard,102,20,3,1,1,33965,193500,0,5198908,true,false,0.12982012606539559
before,sp500,standard,103,20,3,2,2,61934,169000,0,1216323,false,false,0.11327687280157392
before,sp500,standard,104,20,3,0,0,0,209500,0,4588561,true,false,0.1314648740194421
before,sp500,standard,105,20,3,0,0,0,231500,0,4944596,true,false,0.07702373874125587
before,sp500,standard,106,20,2,0,0,0,126000,0,2360264,false,false,0.1621777252771502
before,sp500,standard,107,20,2,0,0,0,135000,0,2578358,false,false,0.1538567771751438
before,sp500,standard,108,20,1,0,0,0,70000,0,7240172,true,false,0.11285179916796
before,sp500,standard,109,20,2,0,0,0,123000,0,4120618,true,false,0.17993089719340885
before,sp500,standard,110,20,1,0,0,0,70000,0,5397506,true,false,0.1416704007602058
before,sp500,standard,111,20,2,0,0,0,149000,0,3667237,true,false,0.15570075764025929
before,sp500,standard,112,20,1,0,0,0,40500,0,8361575,true,false,0.11650330510373227
before,sp500,standard,113,20,2,0,0,0,105000,0,1491477,false,false,0.1871192184972138
before,sp500,standard,114,20,2,0,0,0,169000,0,9048875,true,false,0.12853896529790595
before,sp500,standard,115,20,1,0,0,0,40500,0,3300899,true,false,0.17033267231552834
before,sp500,standard,116,20,1,0,0,0,54000,0,2386134,false,false,0.16576229213916405
before,sp500,standard,117,20,1,0,0,0,70000,0,2382574,false,false,0.11908845266665335
before,sp500,standard,118,20,3,0,0,0,214000,0,814540,false,false,0.19154265857002012
before,sp500,standard,119,20,1,0,0,0,99000,0,10030307,true,false,0.10822947126058394
before,sp500,standard,120,20,2,0,0,0,95000,0,5565983,true,false,0.18938524429343337
before,sp500,standard,121,20,1,0,0,0,45000,0,5927940,true,false,0.12392304804300322
before,sp500,standard,122,20,3,0,0,0,243000,0,7303070,true,false,0.15137156306854288
before,sp500,standard,123,20,1,0,0,0,70000,0,3261285,true,false,0.12995343385511673
before,sp500,standard,124,20,1,0,0,0,63000,0,2672781,false,false,0.24167412939118513
before,sp500,standard,125,20,1,0,0,0,54000,0,8383279,true,false,0.12804704622040178
before,sp500,standard,126,20,1,0,0,0,99000,0,6292184,true,false,0.09718044781669807
before,sp500,standard,127,20,0,0,0,0,0,0,6942017,true,false,0.12381087083255309
before,sp500,standard,128,20,2,0,0,0,170000,0,1754205,false,false,0.13016929452530632
before,sp500,standard,129,20,1,0,0,0,45000,0,1342677,false,false,0.30495613809377
before,sp500,standard,130,20,1,0,0,0,50000,0,3324920,true,false,0.13621417437986255
before,sp500,standard,131,20,2,0,0,0,124000,0,2732770,false,false,0.14726724792799945
before,sp500,standard,132,20,2,0,0,0,121500,0,1952455,false,false,0.22931498082605778
before,sp500,standard,133,20,1,0,0,0,110000,0,3042907,true,false,0.23653917304752983
before,sp500,standard,134,20,1,0,0,0,110000,0,2544560,false,false,0.21991287148539557
before,sp500,standard,135,20,1,0,0,0,54000,0,6952254,true,false,0.12038226920205317
before,sp500,standard,136,20,4,0,0,0,304000,0,3096511,true,false,0.10459928531081016
before,sp500,standard,137,20,3,0,0,0,216000,0,7789689,true,false,0.11693057545440008
before,sp500,standard,138,20,1,0,0,0,45000,0,9810569,true,false,0.10884275890373296
before,sp500,standard,139,20,1,0,0,0,40500,0,12192696,true,false,0.1128281437851564
before,sp500,standard,140,20,2,0,0,0,170000,0,11790043,true,false,0.08458916652333179
before,sp500,standard,141,20,4,0,0,0,274000,0,2197947,false,false,0.09842751902100064
before,sp500,standard,142,20,2,0,0,0,104000,0,1871111,false,false,0.07686163844472123
before,sp500,standard,143,20,1,0,0,0,40500,0,3590790,true,false,0.18430827623640195
before,sp500,standard,144,20,4,0,0,0,255500,0,908131,false,false,0.11038414959289303
before,sp500,standard,145,20,1,0,0,0,60000,0,21281950,true,false,0.09428087284730616
before,sp500,standard,146,20,2,0,0,0,162000,0,3975969,true,false,0.13221246276564141
before,sp500,standard,147,20,3,0,0,0,184500,0,6141499,true,false,0.09122938945148756
before,sp500,standard,148,20,3,0,0,0,218000,0,2072286,false,false,0.11840533787083529
before,sp500,standard,149,20,2,0,0,0,126000,0,5558385,true,false,0.1208838889729407
before,sp500,standard,150,20,2,0,0,0,141000,0,2425426,false,false,0.1861531994184291
before,sp500,standard,151,20,3,0,0,0,231500,0,2754068,false,false,0.18390752859824896
before,sp500,standard,152,20,0,0,0,0,0,0,2116402,false,false,0.14820718161155158
before,sp500,standard,153,20,1,0,0,0,54000,0,4255652,true,false,0.11630454045895795
before,sp500,standard,154,20,3,0,0,0,195000,0,23208500,true,false,0.12612239761164512
before,sp500,standard,155,20,2,0,0,0,144000,0,6581982,true,false,0.14965315913228097
before,sp500,standard,156,20,3,1,1,60000,254000,0,4537226,true,false,0.10047952670237663
before,sp500,standard,157,20,3,1,1,11536,234000,0,2221754,false,false,0.10310308034183158
before,sp500,standard,158,20,4,0,0,0,304000,0,1666050,false,false,0.19789325317639497
before,sp500,standard,159,20,2,0,0,0,90500,0,2299587,false,false,0.20712052220498509
before,sp500,standard,160,20,2,0,0,0,164000,0,1755772,false,false,0.18351980265453144
before,sp500,standard,161,20,1,0,0,0,99000,0,4461719,true,false,0.15518007999262912
before,sp500,standard,162,20,0,0,0,0,0,0,10834774,true,false,0.11848255502414347
before,sp500,standard,163,20,0,0,0,0,0,0,15182251,true,false,0.1542116858910409
before,sp500,standard,164,20,2,0,0,0,150500,0,5975211,true,false,0.16122897011042472
before,sp500,standard,165,20,1,0,0,0,81000,0,2565132,false,false,0.136107563150707
before,sp500,standard,166,20,4,0,0,0,249000,0,1476330,false,false,0.14708882842352383
before,sp500,standard,167,20,2,0,0,0,126000,0,1808198,false,false,0.16067382161961458
before,sp500,standard,168,20,1,0,0,0,99000,0,7238452,true,false,0.175875959678875
before,sp500,standard,169,20,1,0,0,0,99000,0,6446071,true,false,0.14632011255206057
before,sp500,standard,170,20,1,0,0,0,45000,0,3822767,true,false,0.15391350488824246
before,sp500,standard,171,20,1,0,0,0,45000,0,5126508,true,false,0.17812346886658018
before,sp500,standard,172,20,0,0,0,0,0,0,8839003,true,false,0.2181172458604061
before,sp500,standard,173,20,1,0,0,0,40500,0,2875839,false,false,0.1602728527769835
before,sp500,standard,174,20,3,0,0,0,175500,0,3151810,true,false,0.09877232753525864
before,sp500,standard,175,20,2,0,0,0,115000,0,708614,false,false,0.1478752717048543
before,sp500,standard,176,20,4,0,0,0,296000,0,3854209,true,false,0.11664134028147796
before,sp500,standard,177,20,3,0,0,0,169000,0,4366235,true,false,0.13721268675241258
before,sp500,standard,178,20,3,0,0,0,243000,0,1524941,false,false,0.19166709863213643
before,sp500,standard,179,20,3,0,0,0,181500,0,2115701,false,false,0.22311884604451
before,sp500,standard,180,20,2,0,0,0,99000,0,4840096,true,false,0.1562211328203845
before,sp500,standard,181,20,3,0,0,0,214000,0,5663992,true,false,0.1626511254828908
before,sp500,standard,182,20,1,0,0,0,63000,0,8706026,true,false,0.11920312586468629
before,sp500,standard,183,20,3,0,0,0,200500,0,3122371,true,false,0.13805584686391062
before,sp500,standard,184,20,4,1,1,26054,295000,0,308840,false,false,0.20013855939549524
before,sp500,standard,185,20,3,0,0,0,180000,0,7736444,true,false,0.11076412420338011
before,sp500,standard,186,20,3,0,0,0,234000,0,2263875,false,false,0.1562040114690511
before,sp500,standard,187,20,2,0,0,0,130000,0,3491839,true,false,0.17637440553847308
before,sp500,standard,188,20,2,0,0,0,151000,0,1205884,false,false,0.1800999343686176
before,sp500,standard,189,20,2,1,1,33828,160000,0,3960905,true,false,0.15103702603433422
before,sp500,standard,190,20,3,0,0,0,234000,0,2790542,false,false,0.16528891602543405
before,sp500,standard,191,20,3,0,0,0,164500,0,2409508,false,false,0.24902460957546838
before,sp500,standard,192,20,1,0,0,0,63000,0,1290349,false,false,0.1752486458839443
before,sp500,standard,193,20,2,0,0,0,151000,0,3144854,true,false,0.17453306590418177
before,sp500,standard,194,20,1,0,0,0,60000,0,3594945,true,false,0.23791138138401555
before,sp500,standard,195,20,3,1,1,29147,210500,0,3149379,true,false,0.10250370795154636
before,sp500,standard,196,20,5,3,3,130360,353500,0,1793690,false,false,0.09293204289733342
before,sp500,standard,197,20,3,0,0,0,180000,0,14581975,true,false,0.076945624002592
before,sp500,standard,198,20,2,0,0,0,135000,0,725288,false,false,0.22052776633656251
before,sp500,standard,199,20,3,0,0,0,220000,0,1598406,false,false,0.14139215421254514
before,sp500,standard,200,20,3,0,0,0,175500,0,4540228,true,false,0.16739032448818725
before,sp500,standard,201,20,1,0,0,0,110000,0,3209564,true,false,0.1755886984651591
before,sp500,standard,202,20,2,0,0,0,135000,0,9708181,true,false,0.0783771639482257
before,sp500,standard,203,20,1,0,0,0,99000,0,3179298,true,false,0.1413911284492319
before,sp500,standard,204,20,1,0,0,0,40500,0,2224012,false,false,0.15902599696266118
before,sp500,standard,205,20,2,0,0,0,144000,0,11263482,true,false,0.10903748681555896
before,sp500,standard,206,20,2,0,0,0,108000,0,5160579,true,false,0.1392606664700063
before,sp500,standard,207,20,3,0,0,0,234000,0,6901475,true,false,0.11676183723111158
before,sp500,standard,208,20,2,0,0,0,140000,0,15124854,true,false,0.10164001322979836
before,sp500,standard,209,20,1,0,0,0,45000,0,4668622,true,false,0.17678898446795818
before,sp500,standard,210,20,2,0,0,0,103500,0,2007133,false,false,0.19862707245597755
before,sp500,standard,211,20,3,0,0,0,251000,0,838845,false,false,0.20465062713822474
before,sp500,standard,212,20,3,0,0,0,164500,0,8884961,true,false,0.11979108607030331
before,sp500,standard,213,20,3,2,2,66498,214000,0,3573415,true,false,0.07329404182160414
before,sp500,standard,214,20,4,0,0,0,274000,0,4763022,true,false,0.15367165325619075
before,sp500,standard,215,20,2,0,0,0,121500,0,5905067,true,false,0.19575112481961507
before,sp500,standard,216,20,1,0,0,0,54000,0,955473,false,false,0.20766596981349802
before,sp500,standard,217,20,1,0,0,0,50000,0,3667937,true,false,0.1447834264822772
before,sp500,standard,218,20,2,0,0,0,180000,0,3759038,true,false,0.12938073182291238
before,sp500,standard,219,20,1,0,0,0,50000,0,2431790,false,false,0.21682225591033993
before,sp500,standard,220,20,3,0,0,0,225000,0,6533988,true,false,0.16792696124611647
before,sp500,standard,221,20,2,0,0,0,149000,0,2801862,false,false,0.16691649939420375
before,sp500,standard,222,20,2,0,0,0,126000,0,2508382,false,false,0.18030969301331135
before,sp500,standard,223,20,1,0,0,0,45000,0,5041289,true,false,0.15598150046939321
before,sp500,standard,224,20,2,0,0,0,164000,0,2068057,false,false,0.14115671313401634
before,sp500,standard,225,20,3,0,0,0,211000,0,16438874,true,false,0.12097152930268718
before,sp500,standard,226,20,2,0,0,0,164000,0,5413733,true,false,0.13613184292512776
before,sp500,standard,227,20,2,0,0,0,189000,0,3835681,true,false,0.13489596795982337
before,sp500,standard,228,20,1,0,0,0,40500,0,2437817,false,false,0.16986699208518719
before,sp500,standard,229,20,2,0,0,0,200000,0,1088028,false,false,0.09884571236641296
before,sp500,standard,230,20,2,0,0,0,85500,0,2228046,false,false,0.14133012200729828
before,sp500,standard,231,20,2,0,0,0,139500,0,5172635,true,false,0.12082541981855317
before,sp500,standard,232,20,4,0,0,0,317000,0,2914483,false,false,0.1471278554439618
before,sp500,standard,233,20,1,0,0,0,45000,0,1931311,false,false,0.20656630519224692
before,sp500,standard,234,20,2,0,0,0,169000,0,2465395,false,false,0.16175371296206315
before,sp500,standard,235,20,3,0,0,0,189000,0,1769773,false,false,0.10973972192364549
before,sp500,standard,236,20,0,0,0,0,0,0,2429346,false,false,0.13329405260835253
before,sp500,standard,237,20,2,0,0,0,105000,0,6180401,true,false,0.13012781634853426
before,sp500,standard,238,20,3,0,0,0,198000,0,1287306,false,false,0.19049916440772413
before,sp500,standard,239,20,1,0,0,0,70000,0,3801338,true,false,0.14093346644772314
before,sp500,standard,240,20,1,0,0,0,81000,0,5634119,true,false,0.15038448343294525
before,sp500,standard,241,20,1,0,0,0,63000,0,2788029,false,false,0.18476407164961528
before,sp500,standard,242,20,2,0,0,0,159000,0,761076,false,false,0.35390055695876566
before,sp500,standard,243,20,3,1,1,8141,245000,0,3074450,true,false,0.125634305045749
before,sp500,standard,244,20,2,0,0,0,164000,0,3021941,true,false,0.15974594406714088
before,sp500,standard,245,20,3,0,0,0,184500,0,7888119,true,false,0.14974379914051847
before,sp500,standard,246,20,2,0,0,0,169000,0,2021455,false,false,0.17078544757516814
before,sp500,standard,247,20,2,0,0,0,105000,0,3062513,true,false,0.18580748671750774
before,sp500,standard,248,20,1,0,0,0,54000,0,3938870,true,false,0.19489206190484692
before,sp500,standard,249,20,2,0,0,0,155000,0,3640010,true,false,0.12083650523167047
before,sp500,standard,250,20,0,0,0,0,0,0,4227985,true,false,0.1787933256242314
before,sp500,standard,251,20,4,2,2,77368,294500,0,761019,false,false,0.0886986558362042
before,sp500,standard,252,20,3,0,0,0,245000,0,1919783,false,false,0.1418398642288946
before,sp500,standard,253,20,0,0,0,0,0,0,4914266,true,false,0.13618064364590907
before,sp500,standard,254,20,2,0,0,0,90000,0,6709746,true,false,0.15993045032962133
before,sp500,standard,255,20,0,0,0,0,0,0,3426909,true,false,0.207665014722103
before,sp500,standard,256,20,3,0,0,0,225000,0,4575955,true,false,0.16418345675048926
before,sp500,standard,257,20,2,0,0,0,164000,0,2423771,false,false,0.14147375093380407
before,sp500,standard,258,20,4,0,0,0,270500,0,6107211,true,false,0.09998769217408145
before,sp500,standard,259,20,2,0,0,0,169000,0,9096633,true,false,0.1549236214336522
before,sp500,standard,260,20,2,0,0,0,144000,0,3379984,true,false,0.1519154435552532
before,sp500,standard,261,20,2,0,0,0,191000,0,1417669,false,false,0.24921392968190986
before,sp500,standard,262,20,2,0,0,0,85500,0,4250435,true,false,0.15501903817523152
before,sp500,standard,263,20,4,2,2,30963,238500,0,1746360,false,false,0.07196761045794095
before,sp500,standard,264,20,2,0,0,0,130500,0,1209510,false,false,0.20045551127405975
before,sp500,standard,265,20,4,0,0,0,254500,0,2886632,false,false,0.11790949111769697
before,sp500,standard,266,20,2,0,0,0,149000,0,1468323,false,false,0.19692460354364597
before,sp500,standard,267,20,3,0,0,0,198000,0,3018404,true,false,0.16319698899464916
before,sp500,standard,268,20,3,0,0,0,191000,0,19733237,true,false,0.09620577263852764
before,sp500,standard,269,20,4,0,0,0,315000,0,7667898,true,false,0.11535721021436898
before,sp500,standard,270,20,3,0,0,0,205000,0,4904697,true,false,0.10882681548466347
before,sp500,standard,271,20,2,0,0,0,99000,0,3222662,true,false,0.14537995704013515
before,sp500,standard,272,20,1,0,0,0,110000,0,5244183,true,false,0.13188777028641147
before,sp500,standard,273,20,3,0,0,0,210000,0,6027962,true,false,0.11703764577996982
before,sp500,standard,274,20,1,0,0,0,60000,0,2486868,false,false,0.16071239679625865
before,sp500,standard,275,20,1,0,0,0,99000,0,2415648,false,false,0.21667964897874364
before,sp500,standard,276,20,2,0,0,0,123000,0,5497154,true,false,0.11976885622788355
before,sp500,standard,277,20,2,0,0,0,189000,0,2538566,false,false,0.15268650807026857
before,sp500,standard,278,20,2,0,0,0,141000,0,2049742,false,false,0.1596610243626696
before,sp500,standard,279,20,2,0,0,0,170000,0,5641491,true,false,0.13415688991934907
before,sp500,standard,280,20,2,0,0,0,141000,0,641234,false,false,0.16209768895688165
before,sp500,standard,281,20,2,0,0,0,100500,0,4689750,true,false,0.1550681966971269
before,sp500,standard,282,20,1,0,0,0,45000,0,15764316,true,false,0.11181415091539866
before,sp500,standard,283,20,5,0,0,0,337500,0,1480084,false,false,0.17661122018809297
before,sp500,standard,284,20,3,0,0,0,250000,0,1983752,false,false,0.10869581793409355
before,sp500,standard,285,20,2,0,0,0,191000,0,5585543,true,false,0.12838226302342468
before,sp500,standard,286,20,1,0,0,0,90000,0,3581279,true,false,0.12136164424037436
before,sp500,standard,287,20,2,0,0,0,124000,0,1473159,false,false,0.16127798767437093
before,sp500,standard,288,20,1,0,0,0,54000,0,3600115,true,false,0.14622111838175897
before,sp500,standard,289,20,3,0,0,0,215000,0,12327156,true,false,0.1119577635440264
before,sp500,standard,290,20,2,0,0,0,85500,0,3519142,true,false,0.15719209496562384
before,sp500,standard,291,20,3,0,0,0,231500,0,2130837,false,false,0.14344660916139748
before,sp500,standard,292,20,2,0,0,0,162000,0,1005255,false,false,0.2642269073605581
before,sp500,standard,293,20,2,0,0,0,104000,0,18458003,true,false,0.08431000591984464
before,sp500,standard,294,20,2,0,0,0,141000,0,2661304,false,false,0.2041495882323739
before,sp500,standard,295,20,1,0,0,0,50000,0,2172940,false,false,0.18701412701057085
before,sp500,standard,296,20,3,0,0,0,163500,0,7599784,true,false,0.11373582390867543
before,sp500,standard,297,20,2,0,0,0,90000,0,2764066,false,false,0.14133246283367498
before,sp500,standard,298,20,1,0,0,0,60000,0,9890935,true,false,0.09691241991438396
before,sp500,standard,299,20,3,0,0,0,259000,0,3904416,true,false,0.18120489673304316
before,sp500,standard,300,20,2,0,0,0,130500,0,2673997,false,false,0.17664816107904596
before,sp500,standard,301,20,2,0,0,0,124000,0,4581687,true,false,0.13146944782691722
before,sp500,standard,302,20,2,0,0,0,144000,0,2219070,false,false,0.22585028504816868
before,sp500,standard,303,20,2,0,0,0,85500,0,1451351,false,false,0.2348529715304156
before,sp500,standard,304,20,1,0,0,0,45000,0,10298551,true,false,0.15062704699163604
before,sp500,standard,305,20,1,0,0,0,81000,0,19026286,true,false,0.13000466188979182
before,sp500,standard,306,20,1,0,0,0,70000,0,5228376,true,false,0.1235745575692176
before,sp500,standard,307,20,2,0,0,0,90000,0,2778382,false,false,0.15545291249977095
before,sp500,standard,308,20,3,0,0,0,204000,0,5783854,true,false,0.13873085398165236
before,sp500,standard,309,20,3,0,0,0,139500,0,20137837,true,false,0.11067326575358893
before,sp500,standard,310,20,3,0,0,0,207000,0,2248961,false,false,0.1502524147602503
before,sp500,standard,311,20,1,0,0,0,54000,0,1202730,false,false,0.20786163559800483
before,sp500,standard,312,20,2,0,0,0,135000,0,2083461,false,false,0.1425441843087875
before,sp500,standard,313,20,3,0,0,0,233000,0,4188333,true,false,0.1291467437359172
before,sp500,standard,314,20,3,0,0,0,189000,0,2634892,false,false,0.13560149562260143
before,sp500,standard,315,20,0,0,0,0,0,0,3096224,true,false,0.1839495804930244
before,sp500,standard,316,20,2,0,0,0,117000,0,5364446,true,false,0.14260088975498547
before,sp500,standard,317,20,2,0,0,0,117000,0,2655229,false,false,0.19301898260645897
before,sp500,standard,318,20,2,1,1,50440,150500,0,1545863,false,false,0.14343422292626837
before,sp500,standard,319,20,2,0,0,0,189000,0,3445391,true,false,0.12362562541789632
before,sp500,standard,320,20,3,0,0,0,205000,0,1867835,false,false,0.16012128233812664
before,sp500,standard,321,20,3,0,0,0,175000,0,9976226,true,false,0.1102096776303102
before,sp500,standard,322,20,4,0,0,0,252000,0,9083731,true,false,0.08386413423497806
before,sp500,standard,323,20,2,0,0,0,180000,0,3073900,true,false,0.132743121036263
before,sp500,standard,324,20,3,0,0,0,234000,0,4777802,true,false,0.11972318618390047
before,sp500,standard,325,20,1,0,0,0,54000,0,4784166,true,false,0.11408870495283926
before,sp500,standard,326,20,2,0,0,0,95000,0,1358121,false,false,0.21391259604561347
before,sp500,standard,327,20,1,0,0,0,70000,0,1664083,false,false,0.2015971674109311
before,sp500,standard,328,20,3,0,0,0,200500,0,2408576,false,false,0.17541108534349742
before,sp500,standard,329,20,2,0,0,0,144000,0,2982250,false,false,0.09577024513349926
before,sp500,standard,330,20,1,0,0,0,81000,0,2930947,false,false,0.20118024603942178
before,sp500,standard,331,20,2,0,0,0,121500,0,1254264,false,false,0.1782354068919071
before,sp500,standard,332,20,3,0,0,0,198000,0,1439647,false,false,0.1821592858102689
before,sp500,standard,333,20,1,1,1,10000,60000,0,2067259,false,false,0.12420281696685562
before,sp500,standard,334,20,2,0,0,0,94500,0,5836325,true,false,0.17217489255796667
before,sp500,standard,335,20,3,0,0,0,205000,0,10683308,true,false,0.10846524167754976
before,sp500,standard,336,20,1,0,0,0,50000,0,2624898,false,false,0.2103192468146327
before,sp500,standard,337,20,3,0,0,0,234000,0,2400908,false,false,0.12824062002328585
before,sp500,standard,338,20,3,0,0,0,218000,0,3014814,true,false,0.09366503294382518
before,sp500,standard,339,20,1,0,0,0,63000,0,5401248,true,false,0.13141706350997065
before,sp500,standard,340,20,0,0,0,0,0,0,2420024,false,false,0.16084388535667304
before,sp500,standard,341,20,2,0,0,0,144000,0,2909564,false,false,0.20942465643242625
before,sp500,standard,342,20,1,0,0,0,110000,0,1970212,false,false,0.16689835569769002
before,sp500,standard,343,20,3,0,0,0,149000,0,9185551,true,false,0.12661433023127167
before,sp500,standard,344,20,3,0,0,0,212000,0,7673036,true,false,0.10694897176302184
before,sp500,standard,345,20,2,0,0,0,130500,0,10695711,true,false,0.08433610937334915
before,sp500,standard,346,20,2,0,0,0,144000,0,3059056,true,false,0.1551255111989946
before,sp500,standard,347,20,2,1,1,3883,135000,0,5152932,true,false,0.07178152549363964
before,sp500,standard,348,20,3,0,0,0,168000,0,2049632,false,false,0.16593038052039863
before,sp500,standard,349,20,2,1,1,7614,144000,0,2023877,false,false,0.15148811308081453
before,sp500,standard,350,20,2,0,0,0,149000,0,2647276,false,false,0.16897398328407867
before,sp500,standard,351,20,1,0,0,0,81000,0,2908103,false,false,0.19669603313340925
before,sp500,standard,352,20,4,0,0,0,246000,0,1417147,false,false,0.1028523363613163
before,sp500,standard,353,20,2,0,0,0,153000,0,12448951,true,false,0.1397213707616088
before,sp500,standard,354,20,2,1,1,8298,160000,0,6317053,true,false,0.1167803855950749
before,sp500,standard,355,20,0,0,0,0,0,0,4251440,true,false,0.18010351304518724
before,sp500,standard,356,20,1,0,0,0,63000,0,2905662,false,false,0.13755159550829296
before,sp500,standard,357,20,1,0,0,0,110000,0,5382555,true,false,0.11309029454063038
before,sp500,standard,358,20,2,0,0,0,191000,0,2237736,false,false,0.1583022261744689
before,sp500,standard,359,20,2,0,0,0,144000,0,1465774,false,false,0.14340936353878667
before,sp500,standard,360,20,3,0,0,0,148500,0,6979933,true,false,0.1384419768726803
before,sp500,standard,361,20,5,0,0,0,288000,0,3627187,true,false,0.10658046501594624
before,sp500,standard,362,20,1,0,0,0,90000,0,2134583,false,false,0.16145913699983638
before,sp500,standard,363,20,3,0,0,0,240000,0,2900847,false,false,0.2476762409300095
before,sp500,standard,364,20,3,0,0,0,189000,0,9456060,true,false,0.15543819139934645
before,sp500,standard,365,20,1,0,0,0,70000,0,2880590,false,false,0.17451615113820126
before,sp500,standard,366,20,2,0,0,0,153000,0,4798171,true,false,0.10008394420652107
before,sp500,standard,367,20,0,0,0,0,0,0,3195367,true,false,0.15487978041558847
before,sp500,standard,368,20,0,0,0,0,0,0,4199013,true,false,0.1930575442437153
before,sp500,standard,369,20,1,0,0,0,60000,0,4038237,true,false,0.20728450319042463
before,sp500,standard,370,20,2,0,0,0,189000,0,4920710,true,false,0.10813205159461614
before,sp500,standard,371,20,1,0,0,0,54000,0,3733061,true,false,0.2077371980387487
before,sp500,standard,372,20,2,0,0,0,139500,0,1852298,false,false,0.23817226431934008
before,sp500,standard,373,20,2,0,0,0,105000,0,2500538,false,false,0.16569170105200848
before,sp500,standard,374,20,3,0,0,0,199500,0,5392673,true,false,0.12492119296376869
before,sp500,standard,375,20,3,0,0,0,189000,0,2591308,false,false,0.15493815006969477
before,sp500,standard,376,20,1,0,0,0,110000,0,4673120,true,false,0.17683254958693678
before,sp500,standard,377,20,3,2,2,46717,220500,0,929561,false,false,0.19382510493339203
before,sp500,standard,378,20,2,0,0,0,144000,0,3649292,true,false,0.18012326782548096
before,sp500,standard,379,20,2,0,0,0,144000,0,11110880,true,false,0.14849693637286457
before,sp500,standard,380,20,3,0,0,0,195000,0,2128954,false,false,0.3484910641402734
before,sp500,standard,381,20,2,0,0,0,115000,0,3107141,true,false,0.12305920452037475
before,sp500,standard,382,20,2,0,0,0,149000,0,9100044,true,false,0.11010689845485108
before,sp500,standard,383,20,2,0,0,0,160000,0,2920452,false,false,0.18538665878556476
before,sp500,standard,384,20,2,0,0,0,200000,0,1769060,false,false,0.10908580208558769
before,sp500,standard,385,20,1,0,0,0,90000,0,1549006,false,false,0.2026214582890585
before,sp500,standard,386,20,1,0,0,0,45000,0,12229419,true,false,0.15776778672730332
before,sp500,standard,387,20,1,0,0,0,81000,0,5964811,true,false,0.16339137833880227
before,sp500,standard,388,20,1,0,0,0,60000,0,3300642,true,false,0.16869255980411407
before,sp500,standard,389,20,2,0,0,0,159000,0,1877663,false,false,0.19584198055549668
before,sp500,standard,390,20,1,0,0,0,63000,0,1832150,false,false,0.16484514911389542
before,sp500,standard,391,20,2,0,0,0,144000,0,6902242,true,false,0.13503024461986096
before,sp500,standard,392,20,1,0,0,0,45000,0,2831181,false,false,0.14014999949354892
before,sp500,standard,393,20,3,0,0,0,202500,0,5817857,true,false,0.12803189123906805
before,sp500,standard,394,20,1,0,0,0,45000,0,15563605,true,false,0.1276197530014728
before,sp500,standard,395,20,1,0,0,0,54000,0,968053,false,false,0.20860395337737514
before,sp500,standard,396,20,1,0,0,0,99000,0,2953336,false,false,0.14382131954216681
before,sp500,standard,397,20,1,0,0,0,81000,0,3595152,true,false,0.1441860767708695
before,sp500,standard,398,20,3,0,0,0,170500,0,4943757,true,false,0.12116012605088233
before,sp500,standard,399,20,2,0,0,0,115000,0,1773296,false,false,0.1845500990473195
before,sp500,standard,400,20,2,0,0,0,99000,0,12913111,true,false,0.1278311336900594
before,sp500,standard,401,20,1,0,0,0,110000,0,7951847,true,false,0.15049407142553323
before,sp500,standard,402,20,3,1,1,1000,204000,0,2989591,false,false,0.07550873142030781
before,sp500,standard,403,20,3,0,0,0,175500,0,20158658,true,false,0.08028879005885968
before,sp500,standard,404,20,1,0,0,0,90000,0,3755532,true,false,0.17939738752928988
before,sp500,standard,405,20,1,0,0,0,45000,0,1439094,false,false,0.14324594635204377
before,sp500,standard,406,20,3,0,0,0,230000,0,10525880,true,false,0.1180077601834982
before,sp500,standard,407,20,4,0,0,0,229500,0,5582242,true,false,0.12520001371075512
before,sp500,standard,408,20,2,2,2,33059,191000,0,3851947,true,false,0.08939612689644506
before,sp500,standard,409,20,0,0,0,0,0,0,2669892,false,false,0.16132951977798807
before,sp500,standard,410,20,2,0,0,0,135000,0,2679467,false,false,0.12237897487211857
before,sp500,standard,411,20,2,0,0,0,162000,0,3595827,true,false,0.17223897265532082
before,sp500,standard,412,20,1,0,0,0,40500,0,6104629,true,false,0.14313143850449528
before,sp500,standard,413,20,3,0,0,0,229000,0,2420870,false,false,0.12106608584189882
before,sp500,standard,414,20,1,0,0,0,110000,0,20119801,true,false,0.12209666004870465
before,sp500,standard,415,20,1,0,0,0,70000,0,6158322,true,false,0.16053571349606918
before,sp500,standard,416,20,1,0,0,0,70000,0,4712714,true,false,0.14308375666631695
before,sp500,standard,417,20,3,0,0,0,205000,0,2232282,false,false,0.18688649882583297
before,sp500,standard,418,20,2,0,0,0,135000,0,7172775,true,false,0.11302793058208116
before,sp500,standard,419,20,1,0,0,0,50000,0,1115172,false,false,0.1417762454553571
before,sp500,standard,420,20,4,0,0,0,285000,0,3664611,true,false,0.1965997425009011
before,sp500,standard,421,20,3,0,0,0,245000,0,784743,false,false,0.18095843075952406
before,sp500,standard,422,20,3,0,0,0,240500,0,495736,false,false,0.16287082450668075
before,sp500,standard,423,20,3,2,2,31838,220500,0,963902,false,false,0.11932683545246574
before,sp500,standard,424,20,4,0,0,0,229500,0,1592662,false,false,0.14493967613473552
before,sp500,standard,425,20,2,0,0,0,153000,0,2383591,false,false,0.15676384376652602
before,sp500,standard,426,20,2,0,0,0,99000,0,23165461,true,false,0.10562709810426532
before,sp500,standard,427,20,1,0,0,0,110000,0,1354739,false,false,0.1840045026125644
before,sp500,standard,428,20,0,0,0,0,0,0,5520939,true,false,0.1532810603012675
before,sp500,standard,429,20,2,0,0,0,99000,0,2878733,false,false,0.15173379370276038
before,sp500,standard,430,20,3,0,0,0,171000,0,4062035,true,false,0.1520991075531723
before,sp500,standard,431,20,3,0,0,0,218000,0,2124418,false,false,0.17383912629201664
before,sp500,standard,432,20,1,0,0,0,99000,0,2407091,false,false,0.21145731472262724
before,sp500,standard,433,20,0,0,0,0,0,0,5995034,true,false,0.12608667770488824
before,sp500,standard,434,20,3,0,0,0,218000,0,3428977,true,false,0.10853334145719037
before,sp500,standard,435,20,1,0,0,0,45000,0,7499494,true,false,0.12113980157359723
before,sp500,standard,436,20,2,0,0,0,121500,0,1451369,false,false,0.21797280531326582
before,sp500,standard,437,20,1,0,0,0,70000,0,1759120,false,false,0.22318069872807503
before,sp500,standard,438,20,2,0,0,0,144000,0,3311941,true,false,0.16712053415418943
before,sp500,standard,439,20,4,0,0,0,290000,0,8220240,true,false,0.08963988487690014
before,sp500,standard,440,20,2,0,0,0,149000,0,4600737,true,false,0.15460913341000432
before,sp500,standard,441,20,3,0,0,0,240000,0,6427667,true,false,0.15674670752973024
before,sp500,standard,442,20,2,0,0,0,120000,0,1003004,false,false,0.15264443337259656
before,sp500,standard,443,20,2,0,0,0,139500,0,1662160,false,false,0.23154114235345707
before,sp500,standard,444,20,3,0,0,0,214000,0,2948882,false,false,0.130617031790369
before,sp500,standard,445,20,0,0,0,0,0,0,5227798,true,false,0.1983037062465247
before,sp500,standard,446,20,5,1,1,1719,288000,0,740524,false,false,0.11739163391135907
before,sp500,standard,447,20,1,0,0,0,110000,0,795334,false,false,0.17351095510997128
before,sp500,standard,448,20,3,0,0,0,205000,0,1441908,false,false,0.12592369672264977
before,sp500,standard,449,20,2,0,0,0,105000,0,1922803,false,false,0.1610547219227685
before,sp500,standard,450,20,2,0,0,0,99000,0,1763851,false,false,0.19700366840200362
before,sp500,standard,451,20,2,0,0,0,150500,0,4644524,true,false,0.13315292568316694
before,sp500,standard,452,20,1,0,0,0,45000,0,3106771,true,false,0.13438618994065413
before,sp500,standard,453,20,2,0,0,0,85500,0,7084709,true,false,0.14418369743209616
before,sp500,standard,454,20,0,0,0,0,0,0,3986875,true,false,0.19853360435341616
before,sp500,standard,455,20,3,0,0,0,225000,0,6848117,true,false,0.1537281205943477
before,sp500,standard,456,20,2,0,0,0,95000,0,5647441,true,false,0.19113356778336965
before,sp500,standard,457,20,3,0,0,0,216000,0,3435543,true,false,0.06591037260027678
before,sp500,standard,458,20,3,0,0,0,252000,0,1806723,false,false,0.1264166064671657
before,sp500,standard,459,20,1,0,0,0,50000,0,2775488,false,false,0.1978388079796516
before,sp500,standard,460,20,0,0,0,0,0,0,9669401,true,false,0.1471344544009556
before,sp500,standard,461,20,4,0,0,0,226500,0,3661027,true,false,0.16754005526674554
before,sp500,standard,462,20,2,0,0,0,108000,0,12736454,true,false,0.11538696298191416
before,sp500,standard,463,20,2,0,0,0,104000,0,2458021,false,false,0.15396530155757407
before,sp500,standard,464,20,2,0,0,0,120000,0,1456239,false,false,0.1851156989213732
before,sp500,standard,465,20,2,0,0,0,141000,0,2416199,false,false,0.1511831264506342
before,sp500,standard,466,20,2,0,0,0,94500,0,1649206,false,false,0.16311377124435877
before,sp500,standard,467,20,0,0,0,0,0,0,1517283,false,false,0.21920266283543927
before,sp500,standard,468,20,2,0,0,0,160000,0,2685213,false,false,0.15550318124772358
before,sp500,standard,469,20,3,0,0,0,245000,0,2286843,false,false,0.07627812142597368
before,sp500,standard,470,20,2,0,0,0,130500,0,7063621,true,false,0.11534072209443683
before,sp500,standard,471,20,2,0,0,0,151000,0,1521406,false,false,0.1819916234150602
before,sp500,standard,472,20,3,0,0,0,212000,0,2850080,false,false,0.1618328960728586
before,sp500,standard,473,20,1,0,0,0,45000,0,5183246,true,false,0.17200002002326503
before,sp500,standard,474,20,2,0,0,0,110000,0,4105179,true,false,0.16364396878910356
before,sp500,standard,475,20,2,0,0,0,123000,0,2729176,false,false,0.18096534517174198
before,sp500,standard,476,20,2,0,0,0,95000,0,7666214,true,false,0.1141051857040805
before,sp500,standard,477,20,2,0,0,0,200000,0,7416677,true,false,0.12383154717441143
before,sp500,standard,478,20,2,0,0,0,189000,0,1887191,false,false,0.1514497497331225
before,sp500,standard,479,20,1,0,0,0,45000,0,3092160,true,false,0.13791161862544962
before,sp500,standard,480,20,2,0,0,0,153000,0,7578712,true,false,0.16218263482799594
before,sp500,standard,481,20,2,0,0,0,99000,0,6028862,true,false,0.1407082406262831
before,sp500,standard,482,20,3,0,0,0,223000,0,4287003,true,false,0.1352349371479192
before,sp500,standard,483,20,2,0,0,0,169000,0,10068648,true,false,0.08678842115425922
before,sp500,standard,484,20,2,0,0,0,164000,0,5332752,true,false,0.13670095605905802
before,sp500,standard,485,20,1,0,0,0,70000,0,9195789,true,false,0.12358193834683136
before,sp500,standard,486,20,3,1,1,10453,223000,0,2889319,false,false,0.18533857208351084
before,sp500,standard,487,20,0,0,0,0,0,0,5870101,true,false,0.11587195291959293
before,sp500,standard,488,20,4,0,0,0,268000,0,5488032,true,false,0.1419493414562943
before,sp500,standard,489,20,3,0,0,0,180000,0,14577481,true,false,0.09705914025727301
before,sp500,standard,490,20,4,0,0,0,320000,0,2155804,false,false,0.15375392623174516
before,sp500,standard,491,20,3,0,0,0,189000,0,1405377,false,false,0.11769651309399365
before,sp500,standard,492,20,4,0,0,0,300500,0,4542508,true,false,0.0898355582192846
before,sp500,standard,493,20,3,0,0,0,171000,0,2049114,false,false,0.2062938285173519
before,sp500,standard,494,20,2,0,0,0,153000,0,3337957,true,false,0.15540268913292182
before,sp500,standard,495,20,1,0,0,0,45000,0,1436178,false,false,0.18386782895285378
before,sp500,standard,496,20,2,0,0,0,159000,0,11240978,true,false,0.12877194752793683
before,sp500,standard,497,20,3,0,0,0,270000,0,7249394,true,false,0.1430521855935678
before,sp500,standard,498,20,3,0,0,0,191500,0,3472599,true,false,0.09548128928551415
before,sp500,standard,499,20,1,0,0,0,110000,0,2721692,false,false,0.1268521432739925
before,sp500,standard,500,20,2,0,0,0,155000,0,2335158,false,false,0.11669116189870339
before,sp500,standard,501,20,3,0,0,0,205000,0,4878900,true,false,0.12097829106702532
before,sp500,standard,502,20,4,0,0,0,284000,0,4418632,true,false,0.12847084330013064
before,sp500,standard,503,20,2,0,0,0,155000,0,7609163,true,false,0.15799570075801544
before,sp500,standard,504,20,3,0,0,0,254000,0,1625217,false,false,0.13511090698116895
before,sp500,standard,505,20,2,0,0,0,135000,0,3071139,true,false,0.18833646636029375
before,sp500,standard,506,20,2,0,0,0,105000,0,3655320,true,false,0.179474869131831
before,sp500,standard,507,20,2,0,0,0,121500,0,11908879,true,false,0.0929641303775266
before,sp500,standard,508,20,3,0,0,0,259000,0,3310606,true,false,0.10144642160852284
before,sp500,standard,509,20,1,0,0,0,99000,0,2794785,false,false,0.15775976093338728
before,sp500,standard,510,20,1,0,0,0,110000,0,4472467,true,false,0.15776925577524298
before,sp500,standard,511,20,1,0,0,0,45000,0,1910268,false,false,0.20047007503103503
before,sp500,standard,512,20,2,0,0,0,105000,0,5654636,true,false,0.1439106599720419
before,sp500,standard,513,20,3,0,0,0,162000,0,1335487,false,false,0.15176737336073023
before,sp500,standard,514,20,1,0,0,0,70000,0,4607047,true,false,0.16521464423115217
before,sp500,standard,515,20,3,0,0,0,240000,0,2973275,false,false,0.13833326566441265
before,sp500,standard,516,20,2,1,1,42742,155000,0,3108687,true,false,0.13718602911329164
before,sp500,standard,517,20,2,0,0,0,144000,0,2577546,false,false,0.15616619394035708
before,sp500,standard,518,20,1,0,0,0,81000,0,1005478,false,false,0.21301466834763283
before,sp500,standard,519,20,1,0,0,0,81000,0,5494919,true,false,0.1394979800827245
before,sp500,standard,520,20,2,0,0,0,135000,0,959310,false,false,0.1767587787942691
before,sp500,standard,521,20,1,0,0,0,45000,0,4419125,true,false,0.1491692896089729
before,sp500,standard,522,20,4,1,1,20000,285500,0,2260148,false,false,0.09628493271675878
before,sp500,standard,523,20,2,0,0,0,108000,0,2713201,false,false,0.17636600098292374
before,sp500,standard,524,20,3,0,0,0,212000,0,2947775,false,false,0.14458000591093303
before,sp500,standard,525,20,0,0,0,0,0,0,1295779,false,false,0.1924922808989012
before,sp500,standard,526,20,4,1,1,43859,258000,0,1193231,false,false,0.06700093143408932
before,sp500,standard,527,20,3,0,0,0,210000,0,5134201,true,false,0.10676048419694369
before,sp500,standard,528,20,1,0,0,0,45000,0,498103,false,false,0.21329863755477022
before,sp500,standard,529,20,2,0,0,0,130500,0,2362165,false,false,0.10705544789567775
before,sp500,standard,530,20,4,0,0,0,313000,0,1484259,false,false,0.16639508517298582
before,sp500,standard,531,20,1,0,0,0,45000,0,6739238,true,false,0.12980720301626736
before,sp500,standard,532,20,2,0,0,0,126000,0,1161942,false,false,0.2062083470908584
before,sp500,standard,533,20,1,0,0,0,45000,0,4498800,true,false,0.18532276398247907
before,sp500,standard,534,20,3,0,0,0,200000,0,6797582,true,false,0.12799587955911187
before,sp500,standard,535,20,2,0,0,0,99000,0,1338661,false,false,0.15920387315286755
before,sp500,standard,536,20,0,0,0,0,0,0,4491410,true,false,0.15650904482224637
before,sp500,standard,537,20,1,0,0,0,81000,0,7851307,true,false,0.1854452284090494
before,sp500,standard,538,20,2,0,0,0,126000,0,7509540,true,false,0.16737691411612582
before,sp500,standard,539,20,1,0,0,0,110000,0,14257379,true,false,0.1360832051113458
before,sp500,standard,540,20,4,0,0,0,304000,0,2867713,false,false,0.17893896310818838
before,sp500,standard,541,20,3,0,0,0,175500,0,12933947,true,false,0.10192618826760427
before,sp500,standard,542,20,1,0,0,0,60000,0,2386152,false,false,0.14610725508990735
before,sp500,standard,543,20,4,0,0,0,207000,0,3180016,true,false,0.15450094964527344
before,sp500,standard,544,20,0,0,0,0,0,0,4109301,true,false,0.13800519626436472
before,sp500,standard,545,20,2,0,0,0,169000,0,1584655,false,false,0.17933155318706123
before,sp500,standard,546,20,0,0,0,0,0,0,1506841,false,false,0.28386359596554417
before,sp500,standard,547,20,3,0,0,0,166500,0,2619511,false,false,0.1652009837995154
before,sp500,standard,548,20,2,0,0,0,159000,0,5963331,true,false,0.11137662345641552
before,sp500,standard,549,20,2,0,0,0,110500,0,2388529,false,false,0.18804285858358735
before,sp500,standard,550,20,2,0,0,0,110500,0,2453114,false,false,0.1383046970131316
before,sp500,standard,551,20,1,0,0,0,50000,0,2338166,false,false,0.2623424405153626
before,sp500,standard,552,20,2,0,0,0,100500,0,3773066,true,false,0.15988782869867887
before,sp500,standard,553,20,4,0,0,0,245500,0,9016602,true,false,0.10711129397740116
before,sp500,standard,554,20,3,0,0,0,204000,0,6003220,true,false,0.09991702279946671
before,sp500,standard,555,20,1,0,0,0,45000,0,2394458,false,false,0.12594890711063925
before,sp500,standard,556,20,0,0,0,0,0,0,5564431,true,false,0.16082019255371421
before,sp500,standard,557,20,1,0,0,0,90000,0,2928762,false,false,0.1553019689071971
before,sp500,standard,558,20,2,0,0,0,200000,0,4224189,true,false,0.09203576529448818
before,sp500,standard,559,20,1,0,0,0,70000,0,3827292,true,false,0.13813856400084862
before,sp500,standard,560,20,3,0,0,0,219000,0,3420103,true,false,0.11714652751877339
before,sp500,standard,561,20,0,0,0,0,0,0,7205968,true,false,0.1126463412245654
before,sp500,standard,562,20,3,0,0,0,198000,0,3611106,true,false,0.15309162392454237
before,sp500,standard,563,20,0,0,0,0,0,0,1879662,false,false,0.22962962232523956
before,sp500,standard,564,20,1,0,0,0,45000,0,1605110,false,false,0.2224379865292736
before,sp500,standard,565,20,4,0,0,0,272000,0,5293005,true,false,0.12887716885742292
before,sp500,standard,566,20,1,0,0,0,40500,0,8590543,true,false,0.13382132852936976
before,sp500,standard,567,20,2,1,1,46028,140000,0,2125497,false,false,0.16427487181680217
before,sp500,standard,568,20,1,0,0,0,45000,0,6422074,true,false,0.13284400439469765
before,sp500,standard,569,20,1,0,0,0,70000,0,8514705,true,false,0.15674474110713507
before,sp500,standard,570,20,1,0,0,0,81000,0,1938563,false,false,0.21755878488788766
before,sp500,standard,571,20,3,0,0,0,214000,0,16036223,true,false,0.13291386133914038
before,sp500,standard,572,20,4,1,1,3497,225500,0,6136705,true,false,0.05551655429797495
before,sp500,standard,573,20,2,0,0,0,90500,0,6129432,true,false,0.13908044609517234
before,sp500,standard,574,20,1,0,0,0,110000,0,3572205,true,false,0.12944904608304902
before,sp500,standard,575,20,2,0,0,0,131000,0,5914459,true,false,0.14720104430340109
before,sp500,standard,576,20,2,0,0,0,191000,0,1232256,false,false,0.17230291369315712
before,sp500,standard,577,20,2,0,0,0,149000,0,4243961,true,false,0.16915734065313912
before,sp500,standard,578,20,2,0,0,0,149000,0,1322768,false,false,0.1781202686275416
before,sp500,standard,579,20,1,0,0,0,54000,0,3114407,true,false,0.17754146499759907
before,sp500,standard,580,20,0,0,0,0,0,0,3869083,true,false,0.1442227512961432
before,sp500,standard,581,20,3,0,0,0,250000,0,2159952,false,false,0.17749678626751492
before,sp500,standard,582,20,2,0,0,0,169000,0,2709834,false,false,0.28191032172371894
before,sp500,standard,583,20,3,0,0,0,157500,0,2822589,false,false,0.1425393461064207
before,sp500,standard,584,20,2,0,0,0,180000,0,2160749,false,false,0.17453711255907717
before,sp500,standard,585,20,4,0,0,0,268000,0,5107724,true,false,0.12120595743675533
before,sp500,standard,586,20,1,0,0,0,63000,0,4211137,true,false,0.11876129151090362
before,sp500,standard,587,20,2,0,0,0,160000,0,1244548,false,false,0.14902705676601807
before,sp500,standard,588,20,2,0,0,0,189000,0,5153306,true,false,0.1432682679390905
before,sp500,standard,589,20,3,0,0,0,205000,0,3314443,true,false,0.12134964580120897
before,sp500,standard,590,20,3,0,0,0,180000,0,8051257,true,false,0.11415394949852657
before,sp500,standard,591,20,2,0,0,0,123000,0,1805869,false,false,0.2162306434085483
before,sp500,standard,592,20,4,0,0,0,261000,0,2823112,false,false,0.18218873833360688
before,sp500,standard,593,20,1,0,0,0,81000,0,3684542,true,false,0.12397999409313756
before,sp500,standard,594,20,3,0,0,0,194000,0,1286660,false,false,0.15156319125211382
before,sp500,standard,595,20,1,0,0,0,70000,0,3444926,true,false,0.2081990633068163
before,sp500,standard,596,20,0,0,0,0,0,0,16640180,true,false,0.1128147349871667
before,sp500,standard,597,20,2,0,0,0,189000,0,2516353,false,false,0.12199211572980166
before,sp500,standard,598,20,1,0,0,0,54000,0,2403624,false,false,0.14648407668880495
before,sp500,standard,599,20,2,0,0,0,103500,0,5299874,true,false,0.12461308904604282
before,sp500,invest,0,20,2,2,2,107482,135000,0,3185832,true,false,0.029737866851045534
before,sp500,invest,1,20,1,1,1,57258,81000,0,5833499,true,false,0.026429276688636753
before,sp500,invest,2,20,1,1,1,89213,99000,0,4583469,true,false,0.02516362667544385
before,sp500,invest,3,20,2,2,2,76158,99000,0,2283019,false,false,0.02041875459907369
before,sp500,invest,4,20,1,1,1,57500,70000,0,3980828,true,false,0.027331718899279593
before,sp500,invest,5,20,1,1,1,81017,90000,0,2986836,false,false,0.024848909008269283
before,sp500,invest,6,20,3,3,3,148000,200500,0,1526641,false,false,0.015121655292347968
before,sp500,invest,7,20,3,3,3,177860,184500,0,648252,false,false,0.03641961258532757
before,sp500,invest,8,20,1,1,1,47976,63000,0,1537195,false,false,0.03288222355862318
before,sp500,invest,9,20,2,2,2,121469,139500,0,2727338,false,false,0.020015759289733828
before,sp500,invest,10,20,2,2,2,151818,160000,0,1703891,false,false,0.036199617082047844
before,sp500,invest,11,20,2,2,2,82138,110000,0,910351,false,false,0.0445048050792396
before,sp500,invest,12,20,2,2,2,124545,150500,0,970481,false,false,0.024114682621945726
before,sp500,invest,13,20,2,2,2,74003,90500,0,4923418,true,false,0.025292346950935397
before,sp500,invest,14,20,0,0,0,0,0,0,1624627,false,false,0.03279553796775222
before,sp500,invest,15,20,1,1,1,78284,99000,0,1935269,false,false,0.025015213592554507
before,sp500,invest,16,20,2,2,2,77654,94500,0,1690612,false,false,0.024823896785422316
before,sp500,invest,17,20,2,2,2,115448,126000,0,4352340,true,false,0.02010759794108399
before,sp500,invest,18,20,4,4,4,149768,234500,0,2623118,false,false,0.01774919592610821
before,sp500,invest,19,20,2,2,2,67279,99000,0,4008288,true,false,0.01636947372971367
before,sp500,invest,20,20,2,2,2,148030,160000,0,925131,false,false,0.03859057029032262
before,sp500,invest,21,20,3,2,2,94688,155000,0,3713167,true,false,0.028824735966340213
before,sp500,invest,22,20,4,4,4,218089,248000,0,1475882,false,false,0.01604700718277812
before,sp500,invest,23,20,1,1,1,26543,40500,0,2636195,false,false,0.0218622291840226
before,sp500,invest,24,20,3,1,1,36806,144000,0,4078288,true,false,0.03516246718282492
before,sp500,invest,25,20,1,1,1,46719,50000,0,1811235,false,false,0.024884782211419997
before,sp500,invest,26,20,0,0,0,0,0,0,1165095,false,false,0.0614716381596512
before,sp500,invest,27,20,1,1,1,88594,90000,0,1107323,false,false,0.024052132753125684
before,sp500,invest,28,20,2,2,2,160558,169000,0,1106336,false,false,0.020835522816637288
before,sp500,invest,29,20,1,1,1,30082,63000,0,2311721,false,false,0.025049773796258834
before,sp500,invest,30,20,1,1,1,24005,81000,0,3358270,true,false,0.02439821801017309
before,sp500,invest,31,20,1,1,1,89219,90000,0,2529473,false,false,0.022099958100430018
before,sp500,invest,32,20,4,4,4,183999,252500,0,759003,false,false,0.04660091296109757
before,sp500,invest,33,20,0,0,0,0,0,0,1607923,false,false,0.02534284783906927
before,sp500,invest,34,20,1,1,1,68621,81000,0,1952738,false,false,0.01875871022221653
before,sp500,invest,35,20,2,2,2,119018,135000,0,2055327,false,false,0.02281041508019041
before,sp500,invest,36,20,1,1,1,86875,90000,0,2330830,false,false,0.023442278896363616
before,sp500,invest,37,20,1,1,1,35840,45000,0,1277033,false,false,0.02085943846139731
before,sp500,invest,38,20,3,3,3,99803,157500,0,2436643,false,false,0.02722875229173078
before,sp500,invest,39,20,2,2,2,112783,135000,0,1123591,false,false,0.05167220039759046
before,sp500,invest,40,20,1,1,1,23872,40500,0,4467526,true,false,0.023466896357931644
before,sp500,invest,41,20,2,1,1,59874,173000,0,2076252,false,false,0.03290545092748865
before,sp500,invest,42,20,2,2,2,64979,105000,0,1514726,false,false,0.025581847017363303
before,sp500,invest,43,20,3,3,3,167401,204000,0,2203680,false,false,0.02260426083791498
before,sp500,invest,44,20,2,2,2,144552,164000,0,3891722,true,false,0.017042378663134215
before,sp500,invest,45,20,3,3,3,207999,220500,0,522293,false,false,0.04401695306629839
before,sp500,invest,46,20,2,2,2,106524,124000,0,363069,false,false,0.04940646256103549
before,sp500,invest,47,20,1,1,1,38707,54000,0,1886675,false,false,0.02818093309171956
before,sp500,invest,48,20,2,2,2,114164,126000,0,1671308,false,false,0.025906944215925144
before,sp500,invest,49,20,3,3,3,148908,166500,0,741189,false,false,0.03934584112029209
before,sp500,invest,50,20,2,2,2,71265,105000,0,3484822,true,false,0.020172842637023364
before,sp500,invest,51,20,0,0,0,0,0,0,4387513,true,false,0.020237743430561984
before,sp500,invest,52,20,1,0,0,0,50000,0,2030573,false,false,0.031223283807308135
before,sp500,invest,53,20,2,1,1,38653,164000,0,2196146,false,false,0.023087752698141457
before,sp500,invest,54,20,2,2,2,137500,150000,0,4169742,true,false,0.02095343442283621
before,sp500,invest,55,20,3,3,3,116351,145500,0,775330,false,false,0.05216190737360308
before,sp500,invest,56,20,1,1,1,31542,63000,0,3381679,true,false,0.020140793303066708
before,sp500,invest,57,20,0,0,0,0,0,0,1697137,false,false,0.03590127650038548
before,sp500,invest,58,20,3,3,3,190986,215000,0,1670186,false,false,0.028598673038445745
before,sp500,invest,59,20,2,2,2,48286,105000,0,4906763,true,false,0.02485959366300714
before,sp500,invest,60,20,4,3,3,169749,314000,0,6168143,true,false,0.026205411689720005
before,sp500,invest,61,20,4,2,2,131746,290500,0,4376472,true,false,0.02377066322782003
before,sp500,invest,62,20,0,0,0,0,0,0,2963924,false,false,0.032402553568393465
before,sp500,invest,63,20,1,1,1,47549,54000,0,1524682,false,false,0.0372913480718519
before,sp500,invest,64,20,2,2,2,103031,135000,0,9156534,true,false,0.027634414484088994
before,sp500,invest,65,20,3,3,3,168732,195000,0,3233559,true,false,0.02596095200407622
before,sp500,invest,66,20,1,1,1,41667,45000,0,1811481,false,false,0.023669376842959156
before,sp500,invest,67,20,2,2,2,144614,155000,0,305166,false,false,0.08803602277724623
before,sp500,invest,68,20,1,1,1,66719,70000,0,7399146,true,false,0.030367563832372886
before,sp500,invest,69,20,3,3,3,96193,162000,0,2600123,false,false,0.02588150914826722
before,sp500,invest,70,20,1,1,1,66687,70000,0,2046986,false,false,0.02628534803577362
before,sp500,invest,71,20,4,4,4,195050,209500,0,1793991,false,false,0.02694517326721333
before,sp500,invest,72,20,3,3,3,121106,167000,0,6352972,true,false,0.019791254357268837
before,sp500,invest,73,20,2,2,2,81713,95000,0,1469293,false,false,0.02519500192291534
before,sp500,invest,74,20,3,3,3,128861,205000,0,665856,false,false,0.028823066766766207
before,sp500,invest,75,20,1,1,1,24533,40500,0,2065757,false,false,0.029128249402054034
before,sp500,invest,76,20,2,2,2,160395,189000,0,2201653,false,false,0.029015217311784452
before,sp500,invest,77,20,2,2,2,141211,151000,0,3046607,true,false,0.02757035658355057
before,sp500,invest,78,20,0,0,0,0,0,0,5374459,true,false,0.01977923146826555
before,sp500,invest,79,20,2,2,2,127341,139500,0,589199,false,false,0.04578041552040284
before,sp500,invest,80,20,2,2,2,152162,180000,0,1320654,false,false,0.04779830631989246
before,sp500,invest,81,20,3,2,2,116267,203000,0,5058336,true,false,0.01954583541484609
before,sp500,invest,82,20,3,2,2,68709,144500,0,1182200,false,false,0.04505874997760589
before,sp500,invest,83,20,2,2,2,131770,162000,0,4635744,true,false,0.020509123503887013
before,sp500,invest,84,20,1,1,1,59219,60000,0,4630222,true,false,0.022735284123549117
before,sp500,invest,85,20,3,3,3,134557,162000,0,1300493,false,false,0.03240224331238349
before,sp500,invest,86,20,2,2,2,103573,126000,0,2875724,false,false,0.022304407100865044
before,sp500,invest,87,20,2,2,2,134620,144000,0,1064668,false,false,0.03197434710565989
before,sp500,invest,88,20,2,2,2,87728,159000,0,6052841,true,false,0.014833518394582319
before,sp500,invest,89,20,2,2,2,105849,121500,0,1900796,false,false,0.03479480694888528
before,sp500,invest,90,20,1,1,1,106680,110000,0,4080376,true,false,0.03543063789260806
before,sp500,invest,91,20,1,1,1,60000,110000,0,1281133,false,false,0.03525064729540796
before,sp500,invest,92,20,3,3,3,170091,214000,0,968181,false,false,0.028132634598765232
before,sp500,invest,93,20,2,2,2,93420,117000,0,569539,false,false,0.03269322467424966
before,sp500,invest,94,20,3,3,3,129600,149000,0,1821997,false,false,0.02429057046709069
before,sp500,invest,95,20,0,0,0,0,0,0,5986099,true,false,0.01935847029781134
before,sp500,invest,96,20,1,1,1,20000,70000,0,1699405,false,false,0.029510232016974936
before,sp500,invest,97,20,2,2,2,100648,140000,0,3514965,true,false,0.021560380381958358
before,sp500,invest,98,20,1,1,1,57500,70000,0,1212314,false,false,0.042775870062963926
before,sp500,invest,99,20,2,2,2,111257,173000,0,1433591,false,false,0.030070930256017953
before,sp500,invest,100,20,3,3,3,115899,250000,0,3411675,true,false,0.0274038867471062
before,sp500,invest,101,20,2,2,2,131077,155000,0,2668803,false,false,0.019447567517641706
before,sp500,invest,102,20,3,3,3,177565,193500,0,1094270,false,false,0.05009464274022607
before,sp500,invest,103,20,3,3,3,132340,169000,0,1162658,false,false,0.03135616838201688
before,sp500,invest,104,20,3,3,3,161623,209500,0,2564649,false,false,0.02303817094176122
before,sp500,invest,105,20,3,2,2,87474,231500,0,3318182,true,false,0.023921915734587164
before,sp500,invest,106,20,2,2,2,117100,126000,0,1901255,false,false,0.030950519441960655
before,sp500,invest,107,20,2,2,2,117783,135000,0,1451882,false,false,0.02174476691629264
before,sp500,invest,108,20,1,1,1,20000,70000,0,3185192,true,false,0.02053529531828471
before,sp500,invest,109,20,2,2,2,99712,123000,0,3243440,true,false,0.03573841159006301
before,sp500,invest,110,20,1,1,1,45547,70000,0,3505244,true,false,0.023220536273889612
before,sp500,invest,111,20,2,2,2,124393,149000,0,2642905,false,false,0.021511535548427725
before,sp500,invest,112,20,1,1,1,19423,40500,0,4492488,true,false,0.014626850707402366
before,sp500,invest,113,20,2,2,2,86243,105000,0,679971,false,false,0.04604674353532883
before,sp500,invest,114,20,2,2,2,156500,169000,0,4029197,true,false,0.01445526520720477
before,sp500,invest,115,20,1,1,1,37180,40500,0,736035,false,false,0.03559895031914384
before,sp500,invest,116,20,1,1,1,44573,54000,0,1935876,false,false,0.028583761479402857
before,sp500,invest,117,20,1,1,1,66680,70000,0,1199244,false,false,0.03654510793508331
before,sp500,invest,118,20,3,3,3,209250,214000,0,267003,false,false,0.03589764025688254
before,sp500,invest,119,20,1,1,1,70946,99000,0,8587962,true,false,0.02594739381705182
before,sp500,invest,120,20,2,2,2,72606,95000,0,2562830,false,false,0.03530296041964365
before,sp500,invest,121,20,1,1,1,33848,45000,0,2682358,false,false,0.019057237618806865
before,sp500,invest,122,20,3,3,3,187508,243000,0,5525306,true,false,0.018436533834340206
before,sp500,invest,123,20,1,1,1,63021,70000,0,951463,false,false,0.04793561267531078
before,sp500,invest,124,20,1,1,1,51410,63000,0,1862806,false,false,0.03616586468484213
before,sp500,invest,125,20,1,1,1,26790,54000,0,3743509,true,false,0.0247260632697745
before,sp500,invest,126,20,1,1,1,96497,99000,0,2503486,false,false,0.022599529980993252
before,sp500,invest,127,20,0,0,0,0,0,0,3298436,true,false,0.022178709810705726
before,sp500,invest,128,20,2,2,2,120000,170000,0,1184449,false,false,0.030084664137329815
before,sp500,invest,129,20,1,1,1,28507,45000,0,522516,false,false,0.045404984691985735
before,sp500,invest,130,20,1,1,1,31936,50000,0,2719353,false,false,0.023032095318656
before,sp500,invest,131,20,2,2,2,108243,124000,0,1000474,false,false,0.022674357101800303
before,sp500,invest,132,20,2,2,2,105783,121500,0,1042406,false,false,0.034194056923262876
before,sp500,invest,133,20,1,1,1,101973,110000,0,2143150,false,false,0.036860449937154406
before,sp500,invest,134,20,1,1,1,106599,110000,0,2138801,false,false,0.02606504422424661
before,sp500,invest,135,20,1,1,1,24446,54000,0,3850688,true,false,0.017937140249113484
before,sp500,invest,136,20,4,4,4,253327,304000,0,1760065,false,false,0.021933608178213174
before,sp500,invest,137,20,3,3,3,146353,216000,0,4826692,true,false,0.0187653887097771
before,sp500,invest,138,20,1,0,0,0,45000,0,6334590,true,false,0.020011740936620337
before,sp500,invest,139,20,1,1,1,32167,40500,0,5253673,true,false,0.016908368055762475
before,sp500,invest,140,20,2,2,2,77748,170000,0,7184683,true,false,0.01798279251657949
before,sp500,invest,141,20,4,3,3,183576,274000,0,557418,false,false,0.05898298428099623
before,sp500,invest,142,20,2,2,2,103805,104000,0,1348617,false,false,0.016436227893227802
before,sp500,invest,143,20,1,1,1,33802,40500,0,1501575,false,false,0.0266905359157245
before,sp500,invest,144,20,4,4,4,177921,255500,0,519713,false,false,0.031159650372451074
before,sp500,invest,145,20,1,1,1,48806,60000,0,8102014,true,false,0.017107666126420784
before,sp500,invest,146,20,2,2,2,137807,162000,0,3126446,true,false,0.02842451593965466
before,sp500,invest,147,20,3,3,3,143641,184500,0,2291824,false,false,0.018846470067141352
before,sp500,invest,148,20,3,3,3,154979,218000,0,1165278,false,false,0.019778519069292445
before,sp500,invest,149,20,2,1,1,77667,126000,0,3196135,true,false,0.030421139562931594
before,sp500,invest,150,20,2,2,2,131452,141000,0,1651638,false,false,0.018372782521073716
before,sp500,invest,151,20,3,3,3,201344,231500,0,1812779,false,false,0.02776596712551596
before,sp500,invest,152,20,0,0,0,0,0,0,931848,false,false,0.04595808332675796
before,sp500,invest,153,20,1,1,1,50625,54000,0,2097511,false,false,0.021308784823569286
before,sp500,invest,154,20,3,2,2,22084,195000,0,15722492,true,false,0.019934594036106267
before,sp500,invest,155,20,2,2,2,110799,144000,0,3503121,true,false,0.039782484204923106
before,sp500,invest,156,20,3,3,3,180170,254000,0,4056923,true,false,0.02444631213515778
before,sp500,invest,157,20,3,3,3,209383,234000,0,945307,false,false,0.04341364587631814
before,sp500,invest,158,20,4,4,4,269599,304000,0,1438282,false,false,0.02504368271330063
before,sp500,invest,159,20,2,2,2,83889,90500,0,1329509,false,false,0.03320813849488559
before,sp500,invest,160,20,2,2,2,151051,164000,0,1103808,false,false,0.02923850810001381
before,sp500,invest,161,20,1,1,1,92364,99000,0,2464038,false,false,0.03925553741620728
before,sp500,invest,162,20,0,0,0,0,0,0,4198991,true,false,0.027129857767888094
before,sp500,invest,163,20,0,0,0,0,0,0,10033721,true,false,0.020667793648020433
before,sp500,invest,164,20,2,2,2,136503,150500,0,2878526,false,false,0.025916523915569888
before,sp500,invest,165,20,1,1,1,58891,81000,0,1559161,false,false,0.0401459976701911
before,sp500,invest,166,20,4,4,4,230048,249000,0,187510,false,false,0.07351194136831848
before,sp500,invest,167,20,2,2,2,115686,126000,0,1114112,false,false,0.025159429229681028
before,sp500,invest,168,20,1,1,1,92645,99000,0,6406311,true,false,0.0226942654624385
before,sp500,invest,169,20,1,1,1,73596,99000,0,3219425,true,false,0.038412096313839364
before,sp500,invest,170,20,1,1,1,41869,45000,0,3564013,true,false,0.030904526420136004
before,sp500,invest,171,20,1,1,1,12090,45000,0,5198601,true,false,0.025076754570647057
before,sp500,invest,172,20,0,0,0,0,0,0,4855334,true,false,0.024778210699398513
before,sp500,invest,173,20,1,1,1,30986,40500,0,1287510,false,false,0.025896124076231243
before,sp500,invest,174,20,3,3,3,147420,175500,0,1333128,false,false,0.024590653380842133
before,sp500,invest,175,20,2,2,2,74128,115000,0,592434,false,false,0.03831219018207467
before,sp500,invest,176,20,4,4,4,268025,296000,0,1949315,false,false,0.019546155944757924
before,sp500,invest,177,20,3,3,3,134068,169000,0,1898025,false,false,0.021869736051066187
before,sp500,invest,178,20,3,3,3,234970,243000,0,637726,false,false,0.035420853812664216
before,sp500,invest,179,20,3,3,3,142498,181500,0,893778,false,false,0.028638502012399463
before,sp500,invest,180,20,2,2,2,53346,99000,0,3428089,true,false,0.020222850826229703
before,sp500,invest,181,20,3,3,3,118718,214000,0,4949979,true,false,0.01960571225201853
before,sp500,invest,182,20,1,1,1,62951,63000,0,5007421,true,false,0.016431814693514863
before,sp500,invest,183,20,3,3,3,165832,200500,0,1935285,false,false,0.026838087389486075
before,sp500,invest,184,20,4,4,4,261439,295000,0,238405,false,false,0.06029141303984907
before,sp500,invest,185,20,3,3,3,153629,180000,0,4650013,true,false,0.017985261668166712
before,sp500,invest,186,20,3,3,3,196666,234000,0,1387139,false,false,0.02519659180079518
before,sp500,invest,187,20,2,2,2,108887,130000,0,2596119,false,false,0.02813438035937249
before,sp500,invest,188,20,2,2,2,70435,151000,0,885393,false,false,0.041898206117997855
before,sp500,invest,189,20,2,2,2,142013,160000,0,1936876,false,false,0.03991749703929891
before,sp500,invest,190,20,3,3,3,211244,234000,0,963647,false,false,0.03239841978828217
before,sp500,invest,191,20,3,3,3,137493,164500,0,1461995,false,false,0.024044148938150173
before,sp500,invest,192,20,1,1,1,56179,63000,0,904646,false,false,0.024528179658622223
before,sp500,invest,193,20,2,2,2,125337,151000,0,2095502,false,false,0.02792336404675208
before,sp500,invest,194,20,1,1,1,47356,60000,0,2296331,false,false,0.04120106384086519
before,sp500,invest,195,20,3,3,3,191207,210500,0,1567055,false,false,0.02613462825628926
before,sp500,invest,196,20,5,5,5,290869,353500,0,1353129,false,false,0.03783646222278317
before,sp500,invest,197,20,3,2,2,101268,180000,0,6092911,true,false,0.015831831470121065
before,sp500,invest,198,20,2,2,2,121910,135000,0,192430,false,false,0.06203497163252227
before,sp500,invest,199,20,3,2,2,148574,220000,0,849111,false,false,0.0329655998168827
before,sp500,invest,200,20,3,3,3,161705,175500,0,2053804,false,false,0.021090538205487706
before,sp500,invest,201,20,1,1,1,106875,110000,0,2578392,false,false,0.028047655572578246
before,sp500,invest,202,20,2,2,2,58273,135000,0,6419682,true,false,0.017500426374007
before,sp500,invest,203,20,1,1,1,98903,99000,0,1288319,false,false,0.04609829893254328
before,sp500,invest,204,20,1,1,1,40305,40500,0,1976344,false,false,0.021109818640285594
before,sp500,invest,205,20,2,1,1,94781,144000,0,4615573,true,false,0.019516494955046038
before,sp500,invest,206,20,2,2,2,103763,108000,0,2934807,false,false,0.023581003478243778
before,sp500,invest,207,20,3,3,3,167517,234000,0,3263021,true,false,0.02342741573727737
before,sp500,invest,208,20,2,1,1,75757,140000,0,8112867,true,false,0.023525642606964638
before,sp500,invest,209,20,1,1,1,33410,45000,0,3347064,true,false,0.028170357898967914
before,sp500,invest,210,20,2,2,2,96821,103500,0,554788,false,false,0.060738012271182654
before,sp500,invest,211,20,3,3,3,228748,251000,0,186690,false,false,0.048540845586201364
before,sp500,invest,212,20,3,3,3,131080,164500,0,4037611,true,false,0.03224209644364155
before,sp500,invest,213,20,3,3,3,194107,214000,0,978298,false,false,0.038848399626761225
before,sp500,invest,214,20,4,4,4,255200,274000,0,2297883,false,false,0.024345745086642338
before,sp500,invest,215,20,2,2,2,87491,121500,0,4045537,true,false,0.029171823066987103
before,sp500,invest,216,20,1,1,1,27332,54000,0,836978,false,false,0.049340986363758985
before,sp500,invest,217,20,1,1,1,38794,50000,0,3592642,true,false,0.02055747050063838
before,sp500,invest,218,20,2,2,2,161719,180000,0,2794724,false,false,0.021798090833313195
before,sp500,invest,219,20,1,0,0,0,50000,0,1285022,false,false,0.027414361936409115
before,sp500,invest,220,20,3,3,3,132147,225000,0,5061698,true,false,0.031212965006703598
before,sp500,invest,221,20,2,2,2,134450,149000,0,1562409,false,false,0.025282857719012498
before,sp500,invest,222,20,2,1,1,71754,126000,0,2091063,false,false,0.024601405050788585
before,sp500,invest,223,20,1,1,1,38347,45000,0,3541265,true,false,0.022966621447573474
before,sp500,invest,224,20,2,2,2,132201,164000,0,1141026,false,false,0.024248960440822073
before,sp500,invest,225,20,3,3,3,139327,211000,0,6317257,true,false,0.032694497418192914
before,sp500,invest,226,20,2,2,2,156476,164000,0,4368441,true,false,0.022679412548665474
before,sp500,invest,227,20,2,2,2,182496,189000,0,2306642,false,false,0.023524973087063892
before,sp500,invest,228,20,1,1,1,24153,40500,0,1931454,false,false,0.030286844540814456
before,sp500,invest,229,20,2,2,2,192774,200000,0,847562,false,false,0.04209635756357717
before,sp500,invest,230,20,2,2,2,75552,85500,0,1426594,false,false,0.023053117648353716
before,sp500,invest,231,20,2,2,2,110904,139500,0,3186707,true,false,0.02997448367220114
before,sp500,invest,232,20,4,4,4,250508,317000,0,907711,false,false,0.030167834663976927
before,sp500,invest,233,20,1,1,1,39097,45000,0,1338130,false,false,0.0283184454735263
before,sp500,invest,234,20,2,2,2,154957,169000,0,2227118,false,false,0.019530664892136704
before,sp500,invest,235,20,3,3,3,120614,189000,0,953669,false,false,0.02902661570114498
before,sp500,invest,236,20,0,0,0,0,0,0,1494792,false,false,0.05500898601836964
before,sp500,invest,237,20,2,1,1,49703,105000,0,3423660,true,false,0.02254574796459844
before,sp500,invest,238,20,3,3,3,181069,198000,0,1131363,false,false,0.025056419653191747
before,sp500,invest,239,20,1,1,1,65588,70000,0,593756,false,false,0.06102893474516249
before,sp500,invest,240,20,1,1,1,59164,81000,0,3719763,true,false,0.023564873240637878
before,sp500,invest,241,20,1,1,1,49358,63000,0,2606659,false,false,0.02279451301168162
before,sp500,invest,242,20,2,2,2,127807,159000,0,764940,false,false,0.04874638719982294
before,sp500,invest,243,20,3,3,3,214353,245000,0,1762730,false,false,0.04063524319945596
before,sp500,invest,244,20,2,2,2,110502,164000,0,975269,false,false,0.030186434613827168
before,sp500,invest,245,20,3,3,3,149990,184500,0,3328186,true,false,0.029019120433111324
before,sp500,invest,246,20,2,2,2,157895,169000,0,1275752,false,false,0.02560656935424475
before,sp500,invest,247,20,2,2,2,89219,105000,0,1719853,false,false,0.03753022880467801
before,sp500,invest,248,20,1,1,1,29050,54000,0,3608833,true,false,0.027757217094847776
before,sp500,invest,249,20,2,1,1,107188,155000,0,2226305,false,false,0.02956787984243739
before,sp500,invest,250,20,0,0,0,0,0,0,3052705,true,false,0.031321998998067646
before,sp500,invest,251,20,4,4,4,274129,294500,0,621105,false,false,0.03135072159961994
before,sp500,invest,252,20,3,3,3,235625,245000,0,750752,false,false,0.03084115862574654
before,sp500,invest,253,20,0,0,0,0,0,0,1947854,false,false,0.024910309309257358
before,sp500,invest,254,20,2,2,2,64455,90000,0,4041804,true,false,0.02089074580533949
before,sp500,invest,255,20,0,0,0,0,0,0,2790426,false,false,0.025535736689341983
before,sp500,invest,256,20,3,3,3,185030,225000,0,2596530,false,false,0.026664242746115376
before,sp500,invest,257,20,2,2,2,103580,164000,0,2301372,false,false,0.014244079755565789
before,sp500,invest,258,20,4,4,4,219870,270500,0,3121596,true,false,0.029047254537052043
before,sp500,invest,259,20,2,2,2,118691,169000,0,7415604,true,false,0.025316081537962498
before,sp500,invest,260,20,2,2,2,123445,144000,0,2084493,false,false,0.020646404555670312
before,sp500,invest,261,20,2,2,2,165934,191000,0,1578438,false,false,0.02135376567638769
before,sp500,invest,262,20,2,2,2,54662,85500,0,2418395,false,false,0.021422628414189467
before,sp500,invest,263,20,4,4,4,214538,238500,0,1082562,false,false,0.02938730936971811
before,sp500,invest,264,20,2,2,2,99669,130500,0,911030,false,false,0.030710094815573546
before,sp500,invest,265,20,4,4,4,224753,254500,0,2380428,false,false,0.02535262053105879
before,sp500,invest,266,20,2,2,2,125428,149000,0,427260,false,false,0.032512658937960924
before,sp500,invest,267,20,3,3,3,159594,198000,0,1960315,false,false,0.02583399773936946
before,sp500,invest,268,20,3,3,3,169335,191000,0,13218120,true,false,0.01761322209441017
before,sp500,invest,269,20,4,4,4,260269,315000,0,3632347,true,false,0.019626626360789844
before,sp500,invest,270,20,3,2,2,113281,205000,0,5049747,true,false,0.027169693674239874
before,sp500,invest,271,20,2,2,2,86500,99000,0,2790055,false,false,0.023716848101312603
before,sp500,invest,272,20,1,1,1,87834,110000,0,3856449,true,false,0.022143916541027264
before,sp500,invest,273,20,3,2,2,124056,210000,0,2905059,false,false,0.022323596353599883
before,sp500,invest,274,20,1,1,1,51686,60000,0,1378481,false,false,0.032088925272693566
before,sp500,invest,275,20,1,1,1,85629,99000,0,868113,false,false,0.05670636928971362
before,sp500,invest,276,20,2,2,2,103307,123000,0,2813224,false,false,0.018145315577248907
before,sp500,invest,277,20,2,2,2,172112,189000,0,1457286,false,false,0.021420421125986477
before,sp500,invest,278,20,2,2,2,107934,141000,0,1355947,false,false,0.02399746106245514
before,sp500,invest,279,20,2,2,2,157566,170000,0,3848175,true,false,0.021930684298700816
before,sp500,invest,280,20,2,2,2,126854,141000,0,795589,false,false,0.03471070057662297
before,sp500,invest,281,20,2,2,2,47453,100500,0,3877352,true,false,0.02243406913875622
before,sp500,invest,282,20,1,1,1,44219,45000,0,8208028,true,false,0.015753718284472903
before,sp500,invest,283,20,5,5,5,306296,337500,0,775545,false,false,0.025520057312549332
before,sp500,invest,284,20,3,2,2,194375,250000,0,467207,false,false,0.047875853139696146
before,sp500,invest,285,20,2,2,2,169540,191000,0,2963492,false,false,0.019660404710870952
before,sp500,invest,286,20,1,1,1,68629,90000,0,2534836,false,false,0.03908225354540622
before,sp500,invest,287,20,2,2,2,107021,124000,0,1535142,false,false,0.028500517179329894
before,sp500,invest,288,20,1,1,1,47334,54000,0,2447301,false,false,0.035180727254952644
before,sp500,invest,289,20,3,3,3,179211,215000,0,4187009,true,false,0.023474825276131744
before,sp500,invest,290,20,2,2,2,54553,85500,0,2991611,false,false,0.019294995403986805
before,sp500,invest,291,20,3,3,3,159241,231500,0,1614750,false,false,0.021919411694498778
before,sp500,invest,292,20,2,2,2,140587,162000,0,321457,false,false,0.03576311637944128
before,sp500,invest,293,20,2,2,2,78878,104000,0,7249285,true,false,0.017749518383984524
before,sp500,invest,294,20,2,2,2,115322,141000,0,2516458,false,false,0.03546169527978201
before,sp500,invest,295,20,1,0,0,0,50000,0,1197495,false,false,0.03828489528720896
before,sp500,invest,296,20,3,3,3,95279,163500,0,3554961,true,false,0.018499422865790434
before,sp500,invest,297,20,2,2,2,82764,90000,0,1629653,false,false,0.037256972281766935
before,sp500,invest,298,20,1,1,1,47500,60000,0,6845937,true,false,0.017404249521658026
before,sp500,invest,299,20,3,3,3,248091,259000,0,2179738,false,false,0.020606541150260605
before,sp500,invest,300,20,2,2,2,64899,130500,0,1477476,false,false,0.03244333497697972
before,sp500,invest,301,20,2,2,2,104997,124000,0,2820342,false,false,0.021003163267228404
before,sp500,invest,302,20,2,2,2,110399,144000,0,1401631,false,false,0.023286021452671973
before,sp500,invest,303,20,2,2,2,81657,85500,0,920089,false,false,0.021485039553594033
before,sp500,invest,304,20,1,1,1,40327,45000,0,6974978,true,false,0.019294761388192874
before,sp500,invest,305,20,1,1,1,77669,81000,0,7667541,true,false,0.018414605677623548
before,sp500,invest,306,20,1,1,1,61074,70000,0,2812886,false,false,0.02320528663488149
before,sp500,invest,307,20,2,2,2,80758,90000,0,2080424,false,false,0.01826420285991949
before,sp500,invest,308,20,3,3,3,139597,204000,0,2193111,false,false,0.0250846888728941
before,sp500,invest,309,20,3,2,2,31686,139500,0,9742894,true,false,0.018633993888951275
before,sp500,invest,310,20,3,3,3,162235,207000,0,936317,false,false,0.0230515318489407
before,sp500,invest,311,20,1,1,1,34736,54000,0,1198931,false,false,0.03205864140052426
before,sp500,invest,312,20,2,2,2,109287,135000,0,1223245,false,false,0.024949321151357076
before,sp500,invest,313,20,3,3,3,161966,233000,0,2892079,false,false,0.023637960520548736
before,sp500,invest,314,20,3,2,2,132177,189000,0,2091497,false,false,0.027695534796457012
before,sp500,invest,315,20,0,0,0,0,0,0,2030129,false,false,0.02315320999402326
before,sp500,invest,316,20,2,2,2,102002,117000,0,3424433,true,false,0.023477063197311267
before,sp500,invest,317,20,2,2,2,98168,117000,0,1193736,false,false,0.03852219784192159
before,sp500,invest,318,20,2,2,2,144042,150500,0,881858,false,false,0.05152271798375172
before,sp500,invest,319,20,2,2,2,179447,189000,0,1741004,false,false,0.022647148063981645
before,sp500,invest,320,20,3,3,3,197762,205000,0,1278159,false,false,0.027767516267704444
before,sp500,invest,321,20,3,2,2,99561,175000,0,7993625,true,false,0.017312881412333232
before,sp500,invest,322,20,4,4,4,98044,252000,0,4738194,true,false,0.018371566695592745
before,sp500,invest,323,20,2,2,2,170661,180000,0,1782459,false,false,0.029457093877755414
before,sp500,invest,324,20,3,3,3,179193,234000,0,2673111,false,false,0.023570603774201736
before,sp500,invest,325,20,1,1,1,53932,54000,0,4512060,true,false,0.017937180885490695
before,sp500,invest,326,20,2,2,2,82445,95000,0,1220913,false,false,0.0403264610971385
before,sp500,invest,327,20,1,1,1,66680,70000,0,1317785,false,false,0.037736080591418295
before,sp500,invest,328,20,3,3,3,176899,200500,0,1327087,false,false,0.028192874741657097
before,sp500,invest,329,20,2,2,2,130765,144000,0,2246917,false,false,0.03360246839435969
before,sp500,invest,330,20,1,1,1,62974,81000,0,2263576,false,false,0.028861510763650816
before,sp500,invest,331,20,2,2,2,107775,121500,0,737972,false,false,0.030964174005867578
before,sp500,invest,332,20,3,3,3,172753,198000,0,1415418,false,false,0.03446457108867094
before,sp500,invest,333,20,1,1,1,56875,60000,0,1436078,false,false,0.03865024005516567
before,sp500,invest,334,20,2,1,1,33824,94500,0,2812490,false,false,0.033294325676702034
before,sp500,invest,335,20,3,2,2,114384,205000,0,5069455,true,false,0.02310846273556885
before,sp500,invest,336,20,1,1,1,34836,50000,0,3637106,true,false,0.024292613228519933
before,sp500,invest,337,20,3,3,3,190752,234000,0,1366661,false,false,0.020610552887553785
before,sp500,invest,338,20,3,3,3,173028,218000,0,1864084,false,false,0.02565286874207162
before,sp500,invest,339,20,1,1,1,44314,63000,0,3981250,true,false,0.02155025411684814
before,sp500,invest,340,20,0,0,0,0,0,0,1292719,false,false,0.03353974884508214
before,sp500,invest,341,20,2,2,2,124496,144000,0,2341743,false,false,0.02994266154390964
before,sp500,invest,342,20,1,1,1,103437,110000,0,1688819,false,false,0.02815140043052055
before,sp500,invest,343,20,3,2,2,66139,149000,0,6912664,true,false,0.02604402437501388
before,sp500,invest,344,20,3,3,3,160613,212000,0,3765245,true,false,0.02285411887644176
before,sp500,invest,345,20,2,2,2,107404,130500,0,3614007,true,false,0.017723520362930963
before,sp500,invest,346,20,2,2,2,124078,144000,0,1013079,false,false,0.02438200564520711
before,sp500,invest,347,20,2,2,2,127592,135000,0,2090893,false,false,0.03320442656539077
before,sp500,invest,348,20,3,3,3,145183,168000,0,388828,false,false,0.06080602865799277
before,sp500,invest,349,20,2,2,2,127337,144000,0,650976,false,false,0.02938067120043126
before,sp500,invest,350,20,2,2,2,131391,149000,0,2116090,false,false,0.02602014619876784
before,sp500,invest,351,20,1,1,1,70679,81000,0,2440671,false,false,0.0435764124522247
before,sp500,invest,352,20,4,4,4,233492,246000,0,1129490,false,false,0.02287799999416722
before,sp500,invest,353,20,2,2,2,77432,153000,0,6149780,true,false,0.049257696474330155
before,sp500,invest,354,20,2,2,2,149838,160000,0,4121644,true,false,0.019749171874253898
before,sp500,invest,355,20,0,0,0,0,0,0,2760331,false,false,0.021849294328255223
before,sp500,invest,356,20,1,1,1,47878,63000,0,2937282,false,false,0.01876432562391079
before,sp500,invest,357,20,1,1,1,86710,110000,0,4281298,true,false,0.028210543041829537
before,sp500,invest,358,20,2,2,2,171712,191000,0,1796619,false,false,0.041715458797091924
before,sp500,invest,359,20,2,2,2,131477,144000,0,926690,false,false,0.03688558650204719
before,sp500,invest,360,20,3,3,3,118087,148500,0,2735957,false,false,0.024620681291431593
before,sp500,invest,361,20,5,5,5,258295,288000,0,1561463,false,false,0.025188851691117932
before,sp500,invest,362,20,1,1,1,60930,90000,0,1497775,false,false,0.036524550612770275
before,sp500,invest,363,20,3,3,3,213635,240000,0,2023627,false,false,0.026415142425890492
before,sp500,invest,364,20,3,3,3,153002,189000,0,4391663,true,false,0.02011693872362529
before,sp500,invest,365,20,1,1,1,47910,70000,0,2859770,false,false,0.023579593242080605
before,sp500,invest,366,20,2,2,2,122805,153000,0,1590054,false,false,0.033475044016412554
before,sp500,invest,367,20,0,0,0,0,0,0,2193059,false,false,0.02521550569621634
before,sp500,invest,368,20,0,0,0,0,0,0,2417179,false,false,0.041851289788032583
before,sp500,invest,369,20,1,1,1,49405,60000,0,1905040,false,false,0.02916131319843518
before,sp500,invest,370,20,2,2,2,96917,189000,0,1318285,false,false,0.027871436004560057
before,sp500,invest,371,20,1,1,1,42238,54000,0,2645181,false,false,0.02549259041706225
before,sp500,invest,372,20,2,2,2,113395,139500,0,1016147,false,false,0.03979871029766106
before,sp500,invest,373,20,2,1,1,29545,105000,0,1859392,false,false,0.030305498951735843
before,sp500,invest,374,20,3,3,3,175792,199500,0,2280097,false,false,0.020437780003416874
before,sp500,invest,375,20,3,3,3,85340,189000,0,2462022,false,false,0.025198933779050074
before,sp500,invest,376,20,1,1,1,91322,110000,0,1966272,false,false,0.03535648648988065
before,sp500,invest,377,20,3,3,3,204933,220500,0,578577,false,false,0.07784138444784092
before,sp500,invest,378,20,2,2,2,93058,144000,0,2645406,false,false,0.02130257862697986
before,sp500,invest,379,20,2,2,2,109348,144000,0,7937819,true,false,0.031665811361732604
before,sp500,invest,380,20,3,3,3,131637,195000,0,885580,false,false,0.029334288390186425
before,sp500,invest,381,20,2,2,2,83975,115000,0,3353856,true,false,0.028384697756574047
before,sp500,invest,382,20,2,2,2,101894,149000,0,6839958,true,false,0.030298056946424096
before,sp500,invest,383,20,2,2,2,139710,160000,0,2065139,false,false,0.026465895369036346
before,sp500,invest,384,20,2,2,2,137769,200000,0,985110,false,false,0.035100578837308404
before,sp500,invest,385,20,1,1,1,75863,90000,0,1433813,false,false,0.0412693849025831
before,sp500,invest,386,20,1,1,1,26187,45000,0,6870493,true,false,0.017859592409902
before,sp500,invest,387,20,1,1,1,71079,81000,0,3854365,true,false,0.02979752093026595
before,sp500,invest,388,20,1,1,1,10000,60000,0,1052462,false,false,0.033482385231317066
before,sp500,invest,389,20,2,2,2,119253,159000,0,1495228,false,false,0.0349582084068366
before,sp500,invest,390,20,1,1,1,59577,63000,0,659086,false,false,0.02518866099416847
before,sp500,invest,391,20,2,2,2,104619,144000,0,5581291,true,false,0.021834215449563314
before,sp500,invest,392,20,1,1,1,44951,45000,0,750912,false,false,0.03542119557264893
before,sp500,invest,393,20,3,3,3,156093,202500,0,1062732,false,false,0.041604996694026126
before,sp500,invest,394,20,1,1,1,21894,45000,0,7098140,true,false,0.03377583382151731
before,sp500,invest,395,20,1,1,1,45052,54000,0,868001,false,false,0.04232017526490436
before,sp500,invest,396,20,1,1,1,93124,99000,0,589504,false,false,0.08859617342467241
before,sp500,invest,397,20,1,1,1,67354,81000,0,1706957,false,false,0.02839969995052823
before,sp500,invest,398,20,3,3,3,139144,170500,0,2621910,false,false,0.024476800656861208
before,sp500,invest,399,20,2,2,2,100000,115000,0,1184430,false,false,0.029304880005610823
before,sp500,invest,400,20,2,0,0,0,99000,0,6485711,true,false,0.0345926169997644
before,sp500,invest,401,20,1,0,0,0,110000,0,4370726,true,false,0.02681075761425687
before,sp500,invest,402,20,3,3,3,188457,204000,0,515497,false,false,0.042296059701429294
before,sp500,invest,403,20,3,3,3,145170,175500,0,5603301,true,false,0.01634135971182406
before,sp500,invest,404,20,1,1,1,84158,90000,0,1967014,false,false,0.037672951767332055
before,sp500,invest,405,20,1,1,1,44968,45000,0,965034,false,false,0.035846426290855146
before,sp500,invest,406,20,3,3,3,162691,230000,0,4441109,true,false,0.018522575819784667
before,sp500,invest,407,20,4,4,4,166460,229500,0,2305822,false,false,0.016897554101539543
before,sp500,invest,408,20,2,2,2,183229,191000,0,1475628,false,false,0.021015367854129302
before,sp500,invest,409,20,0,0,0,0,0,0,2394398,false,false,0.03403822336375961
before,sp500,invest,410,20,2,2,2,85000,135000,0,1611522,false,false,0.020732731741102094
before,sp500,invest,411,20,2,2,2,140530,162000,0,2758842,false,false,0.021647179072394947
before,sp500,invest,412,20,1,1,1,33413,40500,0,3296277,true,false,0.02033067894287283
before,sp500,invest,413,20,3,3,3,202494,229000,0,1420413,false,false,0.020727391387437576
before,sp500,invest,414,20,1,1,1,99703,110000,0,7427932,true,false,0.0230768328140357
before,sp500,invest,415,20,1,1,1,39976,70000,0,4926519,true,false,0.023809312691664596
before,sp500,invest,416,20,1,1,1,57500,70000,0,2191739,false,false,0.029264732853663933
before,sp500,invest,417,20,3,3,3,172969,205000,0,1394889,false,false,0.031602271317588346
before,sp500,invest,418,20,2,2,2,111356,135000,0,3052490,true,false,0.019091969054442427
before,sp500,invest,419,20,1,1,1,43010,50000,0,862443,false,false,0.05733352096655094
before,sp500,invest,420,20,4,4,4,241185,285000,0,1556892,false,false,0.020155936410196258
before,sp500,invest,421,20,3,3,3,232149,245000,0,539339,false,false,0.0334754941692824
before,sp500,invest,422,20,3,3,3,187168,240500,0,536790,false,false,0.0515157762082988
before,sp500,invest,423,20,3,3,3,208564,220500,0,532322,false,false,0.03206545354526545
before,sp500,invest,424,20,4,4,4,201987,229500,0,825098,false,false,0.02430170175104978
before,sp500,invest,425,20,2,1,1,13904,153000,0,1481800,false,false,0.03719996131284683
before,sp500,invest,426,20,2,2,2,54556,99000,0,7187706,true,false,0.0234052269617755
before,sp500,invest,427,20,1,1,1,60000,110000,0,1212346,false,false,0.03164959418399253
before,sp500,invest,428,20,0,0,0,0,0,0,3475964,true,false,0.017575323985069998
before,sp500,invest,429,20,2,2,2,77494,99000,0,1378129,false,false,0.03458558371800861
before,sp500,invest,430,20,3,2,2,114829,171000,0,1896075,false,false,0.025568790036144755
before,sp500,invest,431,20,3,3,3,187440,218000,0,1602562,false,false,0.03429989549897869
before,sp500,invest,432,20,1,1,1,76683,99000,0,1890322,false,false,0.027139080167411133
before,sp500,invest,433,20,0,0,0,0,0,0,3951693,true,false,0.02835257969990957
before,sp500,invest,434,20,3,3,3,154875,218000,0,1838892,false,false,0.022230465575048805
before,sp500,invest,435,20,1,1,1,26042,45000,0,3099917,true,false,0.03636793377781999
before,sp500,invest,436,20,2,2,2,98440,121500,0,772221,false,false,0.026776922193789937
before,sp500,invest,437,20,1,1,1,62430,70000,0,1169001,false,false,0.04255225439330248
before,sp500,invest,438,20,2,2,2,112758,144000,0,1600637,false,false,0.023388213932899707
before,sp500,invest,439,20,4,4,4,263112,290000,0,5383279,true,false,0.019030377170110212
before,sp500,invest,440,20,2,2,2,129052,149000,0,1874334,false,false,0.03530410866740747
before,sp500,invest,441,20,3,3,3,208930,240000,0,4445349,true,false,0.028849967109876994
before,sp500,invest,442,20,2,1,1,34149,120000,0,869728,false,false,0.03771097413224038
before,sp500,invest,443,20,2,2,2,102773,139500,0,688521,false,false,0.04924300806881725
before,sp500,invest,444,20,3,3,3,151966,214000,0,1324841,false,false,0.042364414236277556
before,sp500,invest,445,20,0,0,0,0,0,0,2466423,false,false,0.02675220195699407
before,sp500,invest,446,20,5,5,5,244445,288000,0,317781,false,false,0.042255927472393484
before,sp500,invest,447,20,1,1,1,106345,110000,0,679940,false,false,0.03320932999289476
before,sp500,invest,448,20,3,3,3,128378,205000,0,1189810,false,false,0.019297024373624325
before,sp500,invest,449,20,2,2,2,91273,105000,0,794906,false,false,0.037328990122589716
before,sp500,invest,450,20,2,2,2,55297,99000,0,1620978,false,false,0.0381253001155258
before,sp500,invest,451,20,2,2,2,65332,150500,0,2547156,false,false,0.021667881951436617
before,sp500,invest,452,20,1,1,1,31994,45000,0,2300429,false,false,0.02623890769492872
before,sp500,invest,453,20,2,2,2,59960,85500,0,3017001,true,false,0.024058605484200527
before,sp500,invest,454,20,0,0,0,0,0,0,2897647,false,false,0.03207825510166365
before,sp500,invest,455,20,3,3,3,201799,225000,0,3649026,true,false,0.01899901559776935
before,sp500,invest,456,20,2,2,2,45633,95000,0,4684506,true,false,0.026188920553742855
before,sp500,invest,457,20,3,3,3,190545,216000,0,2316943,false,false,0.018518298167007792
before,sp500,invest,458,20,3,3,3,192203,252000,0,1753628,false,false,0.016369645894952746
before,sp500,invest,459,20,1,1,1,46875,50000,0,1605052,false,false,0.03410366617267334
before,sp500,invest,460,20,0,0,0,0,0,0,3636932,true,false,0.019298005712111273
before,sp500,invest,461,20,4,4,4,153617,226500,0,2402517,false,false,0.017594365724580226
before,sp500,invest,462,20,2,2,2,60898,108000,0,6248951,true,false,0.01726801072168362
before,sp500,invest,463,20,2,2,2,71624,104000,0,1548736,false,false,0.0469985992552833
before,sp500,invest,464,20,2,2,2,90147,120000,0,1033649,false,false,0.033703124197103515
before,sp500,invest,465,20,2,1,1,52051,141000,0,2158563,false,false,0.029413920224732947
before,sp500,invest,466,20,2,2,2,81302,94500,0,1409933,false,false,0.028948885593088187
before,sp500,invest,467,20,0,0,0,0,0,0,1785342,false,false,0.02558240501470524
before,sp500,invest,468,20,2,2,2,128205,160000,0,2365105,false,false,0.02460673273735266
before,sp500,invest,469,20,3,3,3,192170,245000,0,1823689,false,false,0.017562705720632323
before,sp500,invest,470,20,2,2,2,124875,130500,0,2928297,false,false,0.020987563197263075
before,sp500,invest,471,20,2,2,2,122361,151000,0,844193,false,false,0.040529054961342986
before,sp500,invest,472,20,3,2,2,146465,212000,0,1360983,false,false,0.028317063671296827
before,sp500,invest,473,20,1,1,1,35066,45000,0,2871134,false,false,0.0242301210024685
before,sp500,invest,474,20,2,2,2,45480,110000,0,3365347,true,false,0.031824730290401615
before,sp500,invest,475,20,2,2,2,94983,123000,0,1416038,false,false,0.04005907768368107
before,sp500,invest,476,20,2,2,2,62385,95000,0,3915871,true,false,0.031220579722760305
before,sp500,invest,477,20,2,2,2,174219,200000,0,3481600,true,false,0.04035395213783798
before,sp500,invest,478,20,2,2,2,127929,189000,0,197656,false,false,0.03179850399855773
before,sp500,invest,479,20,1,1,1,36816,45000,0,1788862,false,false,0.029071307062766054
before,sp500,invest,480,20,2,2,2,149717,153000,0,5137188,true,false,0.01770145204925755
before,sp500,invest,481,20,2,2,2,80662,99000,0,2290432,false,false,0.017819721336722244
before,sp500,invest,482,20,3,3,3,180193,223000,0,2404572,false,false,0.021463323083828124
before,sp500,invest,483,20,2,2,2,115035,169000,0,2351469,false,false,0.024663748706841553
before,sp500,invest,484,20,2,2,2,132671,164000,0,3152431,true,false,0.023254833091380475
before,sp500,invest,485,20,1,1,1,61635,70000,0,5549465,true,false,0.03226387114986652
before,sp500,invest,486,20,3,3,3,200222,223000,0,1334094,false,false,0.057911828707538235
before,sp500,invest,487,20,0,0,0,0,0,0,2403388,false,false,0.022859309661503763
before,sp500,invest,488,20,4,4,4,231681,268000,0,2058536,false,false,0.03164827020973318
before,sp500,invest,489,20,3,3,3,152966,180000,0,5686235,true,false,0.019069242851385924
before,sp500,invest,490,20,4,3,3,230237,320000,0,1553673,false,false,0.02402342230748119
before,sp500,invest,491,20,3,2,2,139028,189000,0,1114726,false,false,0.02656673753915656
before,sp500,invest,492,20,4,4,4,217886,300500,0,2109570,false,false,0.020713129845649693
before,sp500,invest,493,20,3,3,3,139963,171000,0,1267039,false,false,0.029083776996153127
before,sp500,invest,494,20,2,1,1,48177,153000,0,2109326,false,false,0.0300469485538938
before,sp500,invest,495,20,1,1,1,41863,45000,0,736491,false,false,0.04621128450938147
before,sp500,invest,496,20,2,2,2,118416,159000,0,4709263,true,false,0.01745756103712442
before,sp500,invest,497,20,3,3,3,204974,270000,0,2913576,false,false,0.02827506222952623
before,sp500,invest,498,20,3,3,3,156143,191500,0,3473632,true,false,0.021456547278185495
before,sp500,invest,499,20,1,1,1,97500,110000,0,1598155,false,false,0.02658063580942231
before,sp500,invest,500,20,2,2,2,141578,155000,0,862522,false,false,0.05830302664965155
before,sp500,invest,501,20,3,2,2,128836,205000,0,3909741,true,false,0.018125595750916313
before,sp500,invest,502,20,4,4,4,243658,284000,0,2936027,false,false,0.01584347841405208
before,sp500,invest,503,20,2,2,2,131263,155000,0,3729799,true,false,0.027783110947809598
before,sp500,invest,504,20,3,3,3,223505,254000,0,1192069,false,false,0.027756302197869415
before,sp500,invest,505,20,2,2,2,113365,135000,0,4462226,true,false,0.01658960112263852
before,sp500,invest,506,20,2,2,2,76431,105000,0,2400673,false,false,0.030156050198141836
before,sp500,invest,507,20,2,2,2,117243,121500,0,6332622,true,false,0.017575625828389226
before,sp500,invest,508,20,3,3,3,251702,259000,0,2126992,false,false,0.017544630076719758
before,sp500,invest,509,20,1,1,1,87894,99000,0,1301761,false,false,0.02453336052414177
before,sp500,invest,510,20,1,1,1,99097,110000,0,2946424,false,false,0.024465881606692427
before,sp500,invest,511,20,1,1,1,29843,45000,0,1931835,false,false,0.03279215184376415
before,sp500,invest,512,20,2,1,1,44950,105000,0,4066017,true,false,0.021229857089782856
before,sp500,invest,513,20,3,3,3,142066,162000,0,2240265,false,false,0.02237244230641856
before,sp500,invest,514,20,1,1,1,20000,70000,0,1431877,false,false,0.027028421650662094
before,sp500,invest,515,20,3,3,3,219424,240000,0,1556212,false,false,0.022147964825826545
before,sp500,invest,516,20,2,2,2,138750,155000,0,2634462,false,false,0.025816194796375213
before,sp500,invest,517,20,2,2,2,133819,144000,0,1752995,false,false,0.02810609435146691
before,sp500,invest,518,20,1,1,1,70504,81000,0,856355,false,false,0.0474768459072578
before,sp500,invest,519,20,1,1,1,77667,81000,0,3214366,true,false,0.024430999408813228
before,sp500,invest,520,20,2,1,1,41852,135000,0,421530,false,false,0.0522501923613938
before,sp500,invest,521,20,1,1,1,17454,45000,0,3046408,true,false,0.029511632906702993
before,sp500,invest,522,20,4,4,4,256815,285500,0,1118242,false,false,0.02884680616429334
before,sp500,invest,523,20,2,2,2,91555,108000,0,2324189,false,false,0.020865442464659906
before,sp500,invest,524,20,3,3,3,193719,212000,0,1694409,false,false,0.031330556684141544
before,sp500,invest,525,20,0,0,0,0,0,0,495850,false,false,0.06492823066212984
before,sp500,invest,526,20,4,4,4,239163,258000,0,263029,false,false,0.049562177791488866
before,sp500,invest,527,20,3,3,3,178794,210000,0,2598119,false,false,0.017208338786435233
before,sp500,invest,528,20,1,1,1,42998,45000,0,381166,false,false,0.04575109757498344
before,sp500,invest,529,20,2,2,2,110160,130500,0,1999688,false,false,0.029918120524152186
before,sp500,invest,530,20,4,4,4,262192,313000,0,1161380,false,false,0.04101212253167829
before,sp500,invest,531,20,1,1,1,39375,45000,0,4234355,true,false,0.016291256220868834
before,sp500,invest,532,20,2,2,2,120368,126000,0,777945,false,false,0.017540631666613772
before,sp500,invest,533,20,1,1,1,41719,45000,0,3072765,true,false,0.027535610607730195
before,sp500,invest,534,20,3,3,3,148607,200000,0,3681369,true,false,0.02252426298817637
before,sp500,invest,535,20,2,2,2,72751,99000,0,1869355,false,false,0.020409299493551174
before,sp500,invest,536,20,0,0,0,0,0,0,2697130,false,false,0.02864765693263438
before,sp500,invest,537,20,1,1,1,67627,81000,0,4335737,true,false,0.034817941489029405
before,sp500,invest,538,20,2,2,2,111385,126000,0,3414664,true,false,0.02534228827536031
before,sp500,invest,539,20,1,1,1,98131,110000,0,9127350,true,false,0.019974516593111575
before,sp500,invest,540,20,4,4,4,250433,304000,0,1364014,false,false,0.03907161086570891
before,sp500,invest,541,20,3,3,3,132221,175500,0,4849797,true,false,0.01661057781800588
before,sp500,invest,542,20,1,1,1,10000,60000,0,1157422,false,false,0.021015616526027424
before,sp500,invest,543,20,4,4,4,168148,207000,0,1825782,false,false,0.022277450166629947
before,sp500,invest,544,20,0,0,0,0,0,0,2075110,false,false,0.021944842644441364
before,sp500,invest,545,20,2,2,2,158401,169000,0,1120537,false,false,0.04067941777250332
before,sp500,invest,546,20,0,0,0,0,0,0,735155,false,false,0.03471662957621729
before,sp500,invest,547,20,3,3,3,152532,166500,0,1595806,false,false,0.02306131009512246
before,sp500,invest,548,20,2,2,2,144000,159000,0,3780725,true,false,0.01641504907151308
before,sp500,invest,549,20,2,2,2,95344,110500,0,1430849,false,false,0.026252825611202447
before,sp500,invest,550,20,2,2,2,47664,110500,0,2025529,false,false,0.022450209342487485
before,sp500,invest,551,20,1,1,1,37500,50000,0,1599300,false,false,0.03676677993197745
before,sp500,invest,552,20,2,2,2,91738,100500,0,2892611,false,false,0.02531624636811704
before,sp500,invest,553,20,4,3,3,134541,245500,0,3577879,true,false,0.027238929736192068
before,sp500,invest,554,20,3,3,3,177180,204000,0,2273928,false,false,0.02114350987038028
before,sp500,invest,555,20,1,1,1,44951,45000,0,2377832,false,false,0.02587955025688989
before,sp500,invest,556,20,0,0,0,0,0,0,4190463,true,false,0.018295463457503373
before,sp500,invest,557,20,1,1,1,86875,90000,0,945917,false,false,0.03985178340489835
before,sp500,invest,558,20,2,2,2,181880,200000,0,725692,false,false,0.029087153219158102
before,sp500,invest,559,20,1,1,1,66153,70000,0,3160862,true,false,0.020513118158004752
before,sp500,invest,560,20,3,3,3,202138,219000,0,3158537,true,false,0.019475551324793193
before,sp500,invest,561,20,0,0,0,0,0,0,3374721,true,false,0.0326908944202703
before,sp500,invest,562,20,3,3,3,155340,198000,0,2524206,false,false,0.022975083674348355
before,sp500,invest,563,20,0,0,0,0,0,0,1508342,false,false,0.02901704846073878
before,sp500,invest,564,20,1,0,0,0,45000,0,733961,false,false,0.05262212392413942
before,sp500,invest,565,20,4,4,4,223268,272000,0,2398466,false,false,0.03351350799694623
before,sp500,invest,566,20,1,1,1,40488,40500,0,3799158,true,false,0.021085300164122512
before,sp500,invest,567,20,2,2,2,133943,140000,0,762173,false,false,0.05700308992823135
before,sp500,invest,568,20,1,1,1,41667,45000,0,4374647,true,false,0.022775749324008686
before,sp500,invest,569,20,1,1,1,66875,70000,0,5836593,true,false,0.023374808308072377
before,sp500,invest,570,20,1,1,1,55555,81000,0,1636260,false,false,0.031502808401262385
before,sp500,invest,571,20,3,3,3,170434,214000,0,9719052,true,false,0.02077149989712155
before,sp500,invest,572,20,4,4,4,203536,225500,0,950709,false,false,0.032517218911454274
before,sp500,invest,573,20,2,2,2,59044,90500,0,2675360,false,false,0.02898289863294052
before,sp500,invest,574,20,1,1,1,60000,110000,0,2011934,false,false,0.018773088161514406
before,sp500,invest,575,20,2,2,2,114995,131000,0,2739563,false,false,0.022581811731860586
before,sp500,invest,576,20,2,2,2,169025,191000,0,822697,false,false,0.03323458175661741
before,sp500,invest,577,20,2,2,2,138096,149000,0,1578586,false,false,0.03857914496848864
before,sp500,invest,578,20,2,1,1,92589,149000,0,702525,false,false,0.031404260760548815
before,sp500,invest,579,20,1,1,1,53988,54000,0,2310702,false,false,0.019074833012285422
before,sp500,invest,580,20,0,0,0,0,0,0,1793562,false,false,0.03138414952436565
before,sp500,invest,581,20,3,3,3,235101,250000,0,759310,false,false,0.028848300440960362
before,sp500,invest,582,20,2,2,2,121158,169000,0,2633960,false,false,0.03633243187805065
before,sp500,invest,583,20,3,3,3,126630,157500,0,2192550,false,false,0.02549332338096086
before,sp500,invest,584,20,2,2,2,168160,180000,0,627600,false,false,0.0374534622879153
before,sp500,invest,585,20,4,4,4,178308,268000,0,3103638,true,false,0.019308044028072048
before,sp500,invest,586,20,1,1,1,62506,63000,0,3408030,true,false,0.027581646428714933
before,sp500,invest,587,20,2,2,2,97807,160000,0,1044044,false,false,0.024644664427694758
before,sp500,invest,588,20,2,2,2,177382,189000,0,1699408,false,false,0.03610058531474562
before,sp500,invest,589,20,3,3,3,168225,205000,0,2233185,false,false,0.03620471094010809
before,sp500,invest,590,20,3,3,3,116875,180000,0,3526647,true,false,0.017721599866038433
before,sp500,invest,591,20,2,2,2,105076,123000,0,1007429,false,false,0.02658878547994504
before,sp500,invest,592,20,4,4,4,238261,261000,0,1611019,false,false,0.031052662442042835
before,sp500,invest,593,20,1,1,1,50443,81000,0,2087707,false,false,0.02157353094519641
before,sp500,invest,594,20,3,3,3,161582,194000,0,808586,false,false,0.047290388822398395
before,sp500,invest,595,20,1,1,1,65449,70000,0,2047889,false,false,0.044683860206877625
before,sp500,invest,596,20,0,0,0,0,0,0,9246273,true,false,0.027883002357411462
before,sp500,invest,597,20,2,2,2,177555,189000,0,1563824,false,false,0.02176687261867449
before,sp500,invest,598,20,1,1,1,49898,54000,0,1121110,false,false,0.027690491228732544
before,sp500,invest,599,20,2,2,2,75241,103500,0,3600714,true,false,0.021432998068836952
before,nasdaq,cash,0,20,2,0,0,0,135000,0,2340088,false,false,0.47988132760467533
before,nasdaq,cash,1,20,1,0,0,0,81000,0,3166777,true,false,0.4439183064774007
before,nasdaq,cash,2,20,1,0,0,0,99000,0,2612455,false,false,0.4091920679905222
before,nasdaq,cash,3,20,2,0,0,0,99000,0,1793536,false,false,0.4577023242017956
before,nasdaq,cash,4,20,1,0,0,0,70000,0,2083145,false,false,0.42686920009081486
before,nasdaq,cash,5,20,1,0,0,0,90000,0,1785408,false,false,0.43089851249410077
before,nasdaq,cash,6,20,3,0,0,0,200500,0,1593509,false,false,0.41399781856179424
before,nasdaq,cash,7,20,3,0,0,0,184500,0,1440387,false,false,0.48650225386456547
before,nasdaq,cash,8,20,1,0,0,0,63000,0,1335451,false,false,0.4942253068822062
before,nasdaq,cash,9,20,2,0,0,0,139500,0,1953223,false,false,0.4585231038868523
before,nasdaq,cash,10,20,2,0,0,0,160000,0,1517467,false,false,0.47047399805296763
before,nasdaq,cash,11,20,2,0,0,0,110000,0,1083451,false,false,0.4984670955183363
before,nasdaq,cash,12,20,2,0,0,0,150500,0,1378993,false,false,0.49381041407337667
before,nasdaq,cash,13,20,2,0,0,0,90500,0,2935875,false,false,0.4225886546049281
before,nasdaq,cash,14,20,0,0,0,0,0,0,1638834,false,false,0.510982591985875
before,nasdaq,cash,15,20,1,0,0,0,99000,0,1698616,false,false,0.4989105019042719
before,nasdaq,cash,16,20,2,0,0,0,94500,0,1445782,false,false,0.48772737382537273
before,nasdaq,cash,17,20,2,0,0,0,126000,0,2527732,false,false,0.43076985885634606
before,nasdaq,cash,18,20,4,0,0,0,234500,0,2464601,false,false,0.42728719509223545
before,nasdaq,cash,19,20,2,0,0,0,99000,0,2995283,false,false,0.4415950391329262
before,nasdaq,cash,20,20,2,0,0,0,160000,0,1264762,false,false,0.5146921832035393
before,nasdaq,cash,21,20,3,0,0,0,155000,0,2509322,false,false,0.47675587151973364
before,nasdaq,cash,22,20,4,0,0,0,248000,0,1093760,false,false,0.45784132132755706
before,nasdaq,cash,23,20,1,0,0,0,40500,0,1595513,false,false,0.4976435758159026
before,nasdaq,cash,24,20,3,0,0,0,144000,0,1961564,false,false,0.4460461525350343
before,nasdaq,cash,25,20,1,0,0,0,50000,0,1933782,false,false,0.5525522819083655
before,nasdaq,cash,26,20,0,0,0,0,0,0,1423858,false,false,0.4781545972907276
before,nasdaq,cash,27,20,1,0,0,0,90000,0,1201202,false,false,0.5763304412252497
before,nasdaq,cash,28,20,2,0,0,0,169000,0,904744,false,false,0.49154681601177536
before,nasdaq,cash,29,20,1,0,0,0,63000,0,2017155,false,false,0.4540676729093713
before,nasdaq,cash,30,20,1,0,0,0,81000,0,2221626,false,false,0.43271619114146187
before,nasdaq,cash,31,20,1,0,0,0,90000,0,1807368,false,false,0.43398341432045806
before,nasdaq,cash,32,20,4,0,0,0,252500,0,1152354,false,false,0.5307197761133212
before,nasdaq,cash,33,20,0,0,0,0,0,0,1507862,false,false,0.496373631291239
before,nasdaq,cash,34,20,1,0,0,0,81000,0,1831136,false,false,0.4477326545271433
before,nasdaq,cash,35,20,2,0,0,0,135000,0,1774096,false,false,0.4551969718102871
before,nasdaq,cash,36,20,1,0,0,0,90000,0,1821839,false,false,0.47487117796751477
before,nasdaq,cash,37,20,1,0,0,0,45000,0,1319679,false,false,0.5044805862321271
before,nasdaq,cash,38,20,3,0,0,0,157500,0,2529678,false,false,0.41532650281761707
before,nasdaq,cash,39,20,2,0,0,0,135000,0,881055,false,false,0.5746146689455947
before,nasdaq,cash,40,20,1,0,0,0,40500,0,2392112,false,false,0.487347404794634
before,nasdaq,cash,41,20,2,0,0,0,173000,0,1417158,false,false,0.490265499156223
before,nasdaq,cash,42,20,2,0,0,0,105000,0,1777815,false,false,0.4654995299680368
before,nasdaq,cash,43,20,3,0,0,0,204000,0,1552089,false,false,0.4873502046328014
before,nasdaq,cash,44,20,2,0,0,0,164000,0,2994194,false,false,0.4392069246817423
before,nasdaq,cash,45,20,3,0,0,0,220500,0,497596,false,false,0.4789969740596556
before,nasdaq,cash,46,20,2,0,0,0,124000,0,842797,false,false,0.5619531676299657
before,nasdaq,cash,47,20,1,0,0,0,54000,0,1372913,false,false,0.48290479358759003
before,nasdaq,cash,48,20,2,0,0,0,126000,0,1091504,false,false,0.4570057607901733
before,nasdaq,cash,49,20,3,0,0,0,166500,0,896375,false,false,0.597290416194205
before,nasdaq,cash,50,20,2,0,0,0,105000,0,2094688,false,false,0.4192357656971663
before,nasdaq,cash,51,20,0,0,0,0,0,0,2811987,false,false,0.4236565118981305
before,nasdaq,cash,52,20,1,0,0,0,50000,0,1225017,false,false,0.47315038316506436
before,nasdaq,cash,53,20,2,0,0,0,164000,0,1942228,false,false,0.4642926645379726
before,nasdaq,cash,54,20,2,0,0,0,150000,0,2676795,false,false,0.4459510494516993
before,nasdaq,cash,55,20,3,0,0,0,145500,0,890869,false,false,0.4660761166272054
before,nasdaq,cash,56,20,1,0,0,0,63000,0,2540346,false,false,0.4255379727450646
before,nasdaq,cash,57,20,0,0,0,0,0,0,1325955,false,false,0.5392783642561891
before,nasdaq,cash,58,20,3,0,0,0,215000,0,1452510,false,false,0.47142394237499624
before,nasdaq,cash,59,20,2,0,0,0,105000,0,2087769,false,false,0.45563787339458245
before,nasdaq,cash,60,20,4,0,0,0,314000,0,3465416,true,false,0.4221643613768669
before,nasdaq,cash,61,20,4,0,0,0,290500,0,2959316,false,false,0.41952215386580105
before,nasdaq,cash,62,20,0,0,0,0,0,0,1821860,false,false,0.49690810721934786
before,nasdaq,cash,63,20,1,0,0,0,54000,0,1534375,false,false,0.47240987310795857
before,nasdaq,cash,64,20,2,0,0,0,135000,0,3864221,true,false,0.40704247700661833
before,nasdaq,cash,65,20,3,0,0,0,195000,0,2270866,false,false,0.4339339921331842
before,nasdaq,cash,66,20,1,0,0,0,45000,0,1583765,false,false,0.4725426544483013
before,nasdaq,cash,67,20,2,0,0,0,155000,0,626685,false,false,0.6146310618907799
before,nasdaq,cash,68,20,1,0,0,0,70000,0,3456994,true,false,0.41959289023503815
before,nasdaq,cash,69,20,3,0,0,0,162000,0,2087860,false,false,0.44726939951730416
before,nasdaq,cash,70,20,1,0,0,0,70000,0,2037159,false,false,0.46842071903510785
before,nasdaq,cash,71,20,4,0,0,0,209500,0,1426769,false,false,0.48391174251625546
before,nasdaq,cash,72,20,3,0,0,0,167000,0,2728075,false,false,0.4494614224995678
before,nasdaq,cash,73,20,2,0,0,0,95000,0,1430200,false,false,0.5480817807589331
before,nasdaq,cash,74,20,3,0,0,0,205000,0,734694,false,false,0.5545975152172967
before,nasdaq,cash,75,20,1,0,0,0,40500,0,1300043,false,false,0.5252592916546712
before,nasdaq,cash,76,20,2,0,0,0,189000,0,1755446,false,false,0.4937331939332843
before,nasdaq,cash,77,20,2,0,0,0,151000,0,1951495,false,false,0.4855270083741751
before,nasdaq,cash,78,20,0,0,0,0,0,0,3182705,true,false,0.44633920182379294
before,nasdaq,cash,79,20,2,0,0,0,139500,0,781857,false,false,0.6151422997626042
before,nasdaq,cash,80,20,2,0,0,0,180000,0,1268207,false,false,0.51029253662609
before,nasdaq,cash,81,20,3,0,0,0,203000,0,2953455,false,false,0.41242228622547916
before,nasdaq,cash,82,20,3,0,0,0,144500,0,1733138,false,false,0.42347579371187816
before,nasdaq,cash,83,20,2,0,0,0,162000,0,2486212,false,false,0.44794056154721157
before,nasdaq,cash,84,20,1,0,0,0,60000,0,3710125,true,false,0.4498560311105275
before,nasdaq,cash,85,20,3,0,0,0,162000,0,923398,false,false,0.47757411631841584
before,nasdaq,cash,86,20,2,0,0,0,126000,0,2031927,false,false,0.4651935178960839
before,nasdaq,cash,87,20,2,0,0,0,144000,0,1607767,false,false,0.50591097337385
before,nasdaq,cash,88,20,2,0,0,0,159000,0,3483876,true,false,0.4248838367153275
before,nasdaq,cash,89,20,2,0,0,0,121500,0,2023000,false,false,0.4183430085680396
before,nasdaq,cash,90,20,1,0,0,0,110000,0,1932931,false,false,0.4305007525481848
before,nasdaq,cash,91,20,1,0,0,0,110000,0,1247702,false,false,0.5745263861919085
before,nasdaq,cash,92,20,3,0,0,0,214000,0,912578,false,false,0.5054633853139924
before,nasdaq,cash,93,20,2,0,0,0,117000,0,938792,false,false,0.5783528143937524
before,nasdaq,cash,94,20,3,0,0,0,149000,0,1636102,false,false,0.4841190662266374
before,nasdaq,cash,95,20,0,0,0,0,0,0,3237243,true,false,0.44752682263108723
before,nasdaq,cash,96,20,1,0,0,0,70000,0,1859911,false,false,0.4802082701172764
before,nasdaq,cash,97,20,2,0,0,0,140000,0,2395217,false,false,0.43857163299451846
before,nasdaq,cash,98,20,1,0,0,0,70000,0,1823818,false,false,0.4480245631357554
before,nasdaq,cash,99,20,2,0,0,0,173000,0,1247167,false,false,0.5642818189308988
before,nasdaq,cash,100,20,3,0,0,0,250000,0,2202611,false,false,0.45442838767115734
before,nasdaq,cash,101,20,2,0,0,0,155000,0,2705243,false,false,0.4289726669988485
before,nasdaq,cash,102,20,3,0,0,0,193500,0,1714378,false,false,0.5251865052359396
before,nasdaq,cash,103,20,3,0,0,0,169000,0,998546,false,false,0.49064327143335673
before,nasdaq,cash,104,20,3,0,0,0,209500,0,2013160,false,false,0.48106917118933434
before,nasdaq,cash,105,20,3,0,0,0,231500,0,1915093,false,false,0.44174536688513155
before,nasdaq,cash,106,20,2,0,0,0,126000,0,1473030,false,false,0.4899477990457501
before,nasdaq,cash,107,20,2,0,0,0,135000,0,1588345,false,false,0.46538981006798374
before,nasdaq,cash,108,20,1,0,0,0,70000,0,2125503,false,false,0.4754239627559822
before,nasdaq,cash,109,20,2,0,0,0,123000,0,2630064,false,false,0.4366637809408349
before,nasdaq,cash,110,20,1,0,0,0,70000,0,2293034,false,false,0.49514328399073537
before,nasdaq,cash,111,20,2,0,0,0,149000,0,1911080,false,false,0.42840528575622805
before,nasdaq,cash,112,20,1,0,0,0,40500,0,2761025,false,false,0.45952445482349835
before,nasdaq,cash,113,20,2,0,0,0,105000,0,930398,false,false,0.5879609202794323
before,nasdaq,cash,114,20,2,0,0,0,169000,0,3260517,true,false,0.40958200646640774
before,nasdaq,cash,115,20,1,0,0,0,40500,0,1794996,false,false,0.4462018386474823
before,nasdaq,cash,116,20,1,0,0,0,54000,0,1396969,false,false,0.4750819502087456
before,nasdaq,cash,117,20,1,0,0,0,70000,0,1251037,false,false,0.4812216276205657
before,nasdaq,cash,118,20,3,0,0,0,214000,0,620028,false,false,0.5927376678761787
before,nasdaq,cash,119,20,1,0,0,0,99000,0,3993249,true,false,0.42834565480295117
before,nasdaq,cash,120,20,2,0,0,0,95000,0,1695986,false,false,0.45794925573411305
before,nasdaq,cash,121,20,1,0,0,0,45000,0,1933196,false,false,0.48089061947803347
before,nasdaq,cash,122,20,3,0,0,0,243000,0,3181550,true,false,0.43015240859862447
before,nasdaq,cash,123,20,1,0,0,0,70000,0,1247721,false,false,0.6391410044161587
before,nasdaq,cash,124,20,1,0,0,0,63000,0,1178035,false,false,0.6060766082312947
before,nasdaq,cash,125,20,1,0,0,0,54000,0,2872928,false,false,0.39508981828215906
before,nasdaq,cash,126,20,1,0,0,0,99000,0,2608849,false,false,0.44492438955401503
before,nasdaq,cash,127,20,0,0,0,0,0,0,2477372,false,false,0.45419456734553165
before,nasdaq,cash,128,20,2,0,0,0,170000,0,1049681,false,false,0.48137193369880393
before,nasdaq,cash,129,20,1,0,0,0,45000,0,820549,false,false,0.5909152042710158
before,nasdaq,cash,130,20,1,0,0,0,50000,0,1942239,false,false,0.47190751324417135
before,nasdaq,cash,131,20,2,0,0,0,124000,0,1008379,false,false,0.5294960179125912
before,nasdaq,cash,132,20,2,0,0,0,121500,0,851253,false,false,0.46563456926150737
before,nasdaq,cash,133,20,1,0,0,0,110000,0,1560193,false,false,0.46534074618568777
before,nasdaq,cash,134,20,1,0,0,0,110000,0,1255458,false,false,0.4973523562099187
before,nasdaq,cash,135,20,1,0,0,0,54000,0,3282644,true,false,0.46172755893101425
before,nasdaq,cash,136,20,4,0,0,0,304000,0,2206559,false,false,0.4339038552318174
before,nasdaq,cash,137,20,3,0,0,0,216000,0,3098283,true,false,0.43868808203821963
before,nasdaq,cash,138,20,1,0,0,0,45000,0,4407714,true,false,0.45991768690452817
before,nasdaq,cash,139,20,1,0,0,0,40500,0,3035494,true,false,0.4485472760685044
before,nasdaq,cash,140,20,2,0,0,0,170000,0,5129990,true,false,0.3772324957735873
before,nasdaq,cash,141,20,4,0,0,0,274000,0,1193677,false,false,0.49947103392523956
before,nasdaq,cash,142,20,2,0,0,0,104000,0,1340151,false,false,0.48952714449133977
before,nasdaq,cash,143,20,1,0,0,0,40500,0,1475202,false,false,0.5849887816244653
before,nasdaq,cash,144,20,4,0,0,0,255500,0,452064,false,false,0.5259725010829944
before,nasdaq,cash,145,20,1,0,0,0,60000,0,4876018,true,false,0.42122982868191866
before,nasdaq,cash,146,20,2,0,0,0,162000,0,1869573,false,false,0.4664160347106652
before,nasdaq,cash,147,20,3,0,0,0,184500,0,2067003,false,false,0.47401311697378834
before,nasdaq,cash,148,20,3,0,0,0,218000,0,1318941,false,false,0.4489149284164383
before,nasdaq,cash,149,20,2,0,0,0,126000,0,2405866,false,false,0.4660329489226737
before,nasdaq,cash,150,20,2,0,0,0,141000,0,1423413,false,false,0.4400321996319552
before,nasdaq,cash,151,20,3,0,0,0,231500,0,2026926,false,false,0.4451829626772568
before,nasdaq,cash,152,20,0,0,0,0,0,0,1108579,false,false,0.5336080563722928
before,nasdaq,cash,153,20,1,0,0,0,54000,0,2111594,false,false,0.4782470410760181
before,nasdaq,cash,154,20,3,0,0,0,195000,0,6397885,true,false,0.3885418651590994
before,nasdaq,cash,155,20,2,0,0,0,144000,0,2269467,false,false,0.4679785626696435
before,nasdaq,cash,156,20,3,0,0,0,254000,0,2811798,false,false,0.4052249662261012
before,nasdaq,cash,157,20,3,0,0,0,234000,0,888926,false,false,0.5274237135038189
before,nasdaq,cash,158,20,4,0,0,0,304000,0,1051381,false,false,0.4298510603215459
before,nasdaq,cash,159,20,2,0,0,0,90500,0,1289427,false,false,0.5729366309556702
before,nasdaq,cash,160,20,2,0,0,0,164000,0,1070137,false,false,0.5221633866492787
before,nasdaq,cash,161,20,1,0,0,0,99000,0,2158789,false,false,0.4475042704945927
before,nasdaq,cash,162,20,0,0,0,0,0,0,2739502,false,false,0.493877740650408
before,nasdaq,cash,163,20,0,0,0,0,0,0,5212824,true,false,0.43011719658510283
before,nasdaq,cash,164,20,2,0,0,0,150500,0,2113510,false,false,0.417041956212761
before,nasdaq,cash,165,20,1,0,0,0,81000,0,1117313,false,false,0.4771270741331062
before,nasdaq,cash,166,20,4,0,0,0,249000,0,899354,false,false,0.5875549459401158
before,nasdaq,cash,167,20,2,0,0,0,126000,0,945327,false,false,0.5399126382315214
before,nasdaq,cash,168,20,1,0,0,0,99000,0,3122477,true,false,0.43431539203369446
before,nasdaq,cash,169,20,1,0,0,0,99000,0,1818516,false,false,0.47251557721599546
before,nasdaq,cash,170,20,1,0,0,0,45000,0,2369863,false,false,0.4517701271151502
before,nasdaq,cash,171,20,1,0,0,0,45000,0,2497363,false,false,0.4658055361288964
before,nasdaq,cash,172,20,0,0,0,0,0,0,3277439,true,false,0.45747666444562685
before,nasdaq,cash,173,20,1,0,0,0,40500,0,1340113,false,false,0.4912664948682
before,nasdaq,cash,174,20,3,0,0,0,175500,0,1463980,false,false,0.49532399925958204
before,nasdaq,cash,175,20,2,0,0,0,115000,0,719788,false,false,0.5280920205088463
before,nasdaq,cash,176,20,4,0,0,0,296000,0,1835712,false,false,0.47164291611219183
before,nasdaq,cash,177,20,3,0,0,0,169000,0,2045497,false,false,0.5013494506132163
before,nasdaq,cash,178,20,3,0,0,0,243000,0,877326,false,false,0.5253001940468509
before,nasdaq,cash,179,20,3,0,0,0,181500,0,1305405,false,false,0.5541219334867019
before,nasdaq,cash,180,20,2,0,0,0,99000,0,2182241,false,false,0.4504617389129354
before,nasdaq,cash,181,20,3,0,0,0,214000,0,3666950,true,false,0.41075910856074416
before,nasdaq,cash,182,20,1,0,0,0,63000,0,3374813,true,false,0.41657950131779736
before,nasdaq,cash,183,20,3,0,0,0,200500,0,1650752,false,false,0.46396352203985336
before,nasdaq,cash,184,20,4,0,0,0,295000,0,374472,false,false,0.5811741845711986
before,nasdaq,cash,185,20,3,0,0,0,180000,0,2950991,false,false,0.44695392252518734
before,nasdaq,cash,186,20,3,0,0,0,234000,0,1320112,false,false,0.4518240018177574
before,nasdaq,cash,187,20,2,0,0,0,130000,0,1820736,false,false,0.5455431451589758
before,nasdaq,cash,188,20,2,0,0,0,151000,0,1088561,false,false,0.45341770939232245
before,nasdaq,cash,189,20,2,0,0,0,160000,0,2182733,false,false,0.44121321307245287
before,nasdaq,cash,190,20,3,0,0,0,234000,0,1487475,false,false,0.5380135172850071
before,nasdaq,cash,191,20,3,0,0,0,164500,0,1210872,false,false,0.49492409771086515
before,nasdaq,cash,192,20,1,0,0,0,63000,0,1042502,false,false,0.521921112183499
before,nasdaq,cash,193,20,2,0,0,0,151000,0,1447106,false,false,0.4757639163020107
before,nasdaq,cash,194,20,1,0,0,0,60000,0,1613097,false,false,0.45725811839584835
before,nasdaq,cash,195,20,3,0,0,0,210500,0,1337427,false,false,0.503406298445027
before,nasdaq,cash,196,20,5,0,0,0,353500,0,940468,false,false,0.47242301335307985
before,nasdaq,cash,197,20,3,0,0,0,180000,0,4216195,true,false,0.39862736629007883
before,nasdaq,cash,198,20,2,0,0,0,135000,0,819429,false,false,0.7512836127893702
before,nasdaq,cash,199,20,3,0,0,0,220000,0,1198286,false,false,0.4819343361272271
before,nasdaq,cash,200,20,3,0,0,0,175500,0,2171256,false,false,0.4494532931987232
before,nasdaq,cash,201,20,1,0,0,0,110000,0,1357094,false,false,0.4846661674002911
before,nasdaq,cash,202,20,2,0,0,0,135000,0,3681571,true,false,0.4284750783786603
before,nasdaq,cash,203,20,1,0,0,0,99000,0,1277189,false,false,0.4687569106094882
before,nasdaq,cash,204,20,1,0,0,0,40500,0,1500805,false,false,0.4990854872097158
before,nasdaq,cash,205,20,2,0,0,0,144000,0,3057124,true,false,0.416792544546567
before,nasdaq,cash,206,20,2,0,0,0,108000,0,2175911,false,false,0.4451667149361008
before,nasdaq,cash,207,20,3,0,0,0,234000,0,2580085,false,false,0.4488302696333018
before,nasdaq,cash,208,20,2,0,0,0,140000,0,4650365,true,false,0.39560921384285574
before,nasdaq,cash,209,20,1,0,0,0,45000,0,2134418,false,false,0.4614174935207621
before,nasdaq,cash,210,20,2,0,0,0,103500,0,1050149,false,false,0.6677650852816581
before,nasdaq,cash,211,20,3,0,0,0,251000,0,651147,false,false,0.518965402851759
before,nasdaq,cash,212,20,3,0,0,0,164500,0,2508042,false,false,0.42400262290095503
before,nasdaq,cash,213,20,3,0,0,0,214000,0,926942,false,false,0.4528378742863134
before,nasdaq,cash,214,20,4,0,0,0,274000,0,1614962,false,false,0.4430541559403881
before,nasdaq,cash,215,20,2,0,0,0,121500,0,2537920,false,false,0.48102179632144065
before,nasdaq,cash,216,20,1,0,0,0,54000,0,859104,false,false,0.6049297750113916
before,nasdaq,cash,217,20,1,0,0,0,50000,0,2217776,false,false,0.4579704533911288
before,nasdaq,cash,218,20,2,0,0,0,180000,0,2215239,false,false,0.451359873639724
before,nasdaq,cash,219,20,1,0,0,0,50000,0,1225738,false,false,0.5460197851033474
before,nasdaq,cash,220,20,3,0,0,0,225000,0,3106281,true,false,0.4418539661929991
before,nasdaq,cash,221,20,2,0,0,0,149000,0,1656503,false,false,0.45785484030844986
before,nasdaq,cash,222,20,2,0,0,0,126000,0,1735667,false,false,0.43706345243688505
before,nasdaq,cash,223,20,1,0,0,0,45000,0,2295836,false,false,0.4805401477575361
before,nasdaq,cash,224,20,2,0,0,0,164000,0,1485329,false,false,0.5151336976049377
before,nasdaq,cash,225,20,3,0,0,0,211000,0,3394859,true,false,0.43931888182678325
before,nasdaq,cash,226,20,2,0,0,0,164000,0,2683210,false,false,0.4604333483405001
before,nasdaq,cash,227,20,2,0,0,0,189000,0,1789980,false,false,0.4598349008124648
before,nasdaq,cash,228,20,1,0,0,0,40500,0,1452271,false,false,0.4677803213257734
before,nasdaq,cash,229,20,2,0,0,0,200000,0,781930,false,false,0.4852856752762138
before,nasdaq,cash,230,20,2,0,0,0,85500,0,1462847,false,false,0.46349345498190375
before,nasdaq,cash,231,20,2,0,0,0,139500,0,1681666,false,false,0.4926419251984074
before,nasdaq,cash,232,20,4,0,0,0,317000,0,1371940,false,false,0.4926140388817301
before,nasdaq,cash,233,20,1,0,0,0,45000,0,1257825,false,false,0.5533206346972708
before,nasdaq,cash,234,20,2,0,0,0,169000,0,1648171,false,false,0.4589936710473895
before,nasdaq,cash,235,20,3,0,0,0,189000,0,919145,false,false,0.5211261489637264
before,nasdaq,cash,236,20,0,0,0,0,0,0,1461824,false,false,0.5497785498625752
before,nasdaq,cash,237,20,2,0,0,0,105000,0,2649782,false,false,0.44755350314288894
before,nasdaq,cash,238,20,3,0,0,0,198000,0,988977,false,false,0.5805821551200163
before,nasdaq,cash,239,20,1,0,0,0,70000,0,1543974,false,false,0.5010265494644989
before,nasdaq,cash,240,20,1,0,0,0,81000,0,2318773,false,false,0.4617827455046156
before,nasdaq,cash,241,20,1,0,0,0,63000,0,1688948,false,false,0.48413358472783974
before,nasdaq,cash,242,20,2,0,0,0,159000,0,738632,false,false,0.6166715166183941
before,nasdaq,cash,243,20,3,0,0,0,245000,0,1207434,false,false,0.49022368515363224
before,nasdaq,cash,244,20,2,0,0,0,164000,0,1203107,false,false,0.4704170786829137
before,nasdaq,cash,245,20,3,0,0,0,184500,0,2588278,false,false,0.4490675118813289
before,nasdaq,cash,246,20,2,0,0,0,169000,0,1028627,false,false,0.5187877358119499
before,nasdaq,cash,247,20,2,0,0,0,105000,0,1186384,false,false,0.5504948493021641
before,nasdaq,cash,248,20,1,0,0,0,54000,0,2309332,false,false,0.4531119475827542
before,nasdaq,cash,249,20,2,0,0,0,155000,0,1546842,false,false,0.44744646121927445
before,nasdaq,cash,250,20,0,0,0,0,0,0,2106968,false,false,0.45941122426542025
before,nasdaq,cash,251,20,4,0,0,0,294500,0,716993,false,false,0.4957985437899376
before,nasdaq,cash,252,20,3,0,0,0,245000,0,1254476,false,false,0.49217533646903544
before,nasdaq,cash,253,20,0,0,0,0,0,0,1738278,false,false,0.49089339545602567
before,nasdaq,cash,254,20,2,0,0,0,90000,0,3090112,true,false,0.46597882947312225
before,nasdaq,cash,255,20,0,0,0,0,0,0,1967620,false,false,0.48147862772663197
before,nasdaq,cash,256,20,3,0,0,0,225000,0,2210758,false,false,0.4551884119835444
before,nasdaq,cash,257,20,2,0,0,0,164000,0,1633754,false,false,0.4428955426252375
before,nasdaq,cash,258,20,4,0,0,0,270500,0,1467364,false,false,0.41717454739655474
before,nasdaq,cash,259,20,2,0,0,0,169000,0,3788021,true,false,0.4342580278666543
before,nasdaq,cash,260,20,2,0,0,0,144000,0,1715892,false,false,0.485917329796679
before,nasdaq,cash,261,20,2,0,0,0,191000,0,1046678,false,false,0.4650791563326739
before,nasdaq,cash,262,20,2,0,0,0,85500,0,1888756,false,false,0.4537897748130977
before,nasdaq,cash,263,20,4,0,0,0,238500,0,1049488,false,false,0.434224607371532
before,nasdaq,cash,264,20,2,0,0,0,130500,0,825059,false,false,0.5371482709018968
before,nasdaq,cash,265,20,4,0,0,0,254500,0,1950497,false,false,0.4279966673675304
before,nasdaq,cash,266,20,2,0,0,0,149000,0,833170,false,false,0.505927444233792
before,nasdaq,cash,267,20,3,0,0,0,198000,0,1813190,false,false,0.46292012805212845
before,nasdaq,cash,268,20,3,0,0,0,191000,0,7221486,true,false,0.4087768229648666
before,nasdaq,cash,269,20,4,0,0,0,315000,0,3153107,true,false,0.4062543155611576
before,nasdaq,cash,270,20,3,0,0,0,205000,0,1766919,false,false,0.4653087877651152
before,nasdaq,cash,271,20,2,0,0,0,99000,0,2204497,false,false,0.45437129448622426
before,nasdaq,cash,272,20,1,0,0,0,110000,0,2726398,false,false,0.4579535202839432
before,nasdaq,cash,273,20,3,0,0,0,210000,0,1935466,false,false,0.4311054698552314
before,nasdaq,cash,274,20,1,0,0,0,60000,0,1483726,false,false,0.47991102317302364
before,nasdaq,cash,275,20,1,0,0,0,99000,0,1287574,false,false,0.5555347212897862
before,nasdaq,cash,276,20,2,0,0,0,123000,0,2411359,false,false,0.4090596000857062
before,nasdaq,cash,277,20,2,0,0,0,189000,0,1207457,false,false,0.4813046640574429
before,nasdaq,cash,278,20,2,0,0,0,141000,0,1301153,false,false,0.49233516633350793
before,nasdaq,cash,279,20,2,0,0,0,170000,0,2542338,false,false,0.4395400441894658
before,nasdaq,cash,280,20,2,0,0,0,141000,0,998809,false,false,0.5643645570034902
before,nasdaq,cash,281,20,2,0,0,0,100500,0,2620883,false,false,0.4350629085914213
before,nasdaq,cash,282,20,1,0,0,0,45000,0,5091999,true,false,0.4119159443198936
before,nasdaq,cash,283,20,5,0,0,0,337500,0,726586,false,false,0.4664824834940079
before,nasdaq,cash,284,20,3,0,0,0,250000,0,1240750,false,false,0.48663699863495785
before,nasdaq,cash,285,20,2,0,0,0,191000,0,1843887,false,false,0.45704512114640544
before,nasdaq,cash,286,20,1,0,0,0,90000,0,1698453,false,false,0.47306150648208944
before,nasdaq,cash,287,20,2,0,0,0,124000,0,1461974,false,false,0.5213435258925406
before,nasdaq,cash,288,20,1,0,0,0,54000,0,1730242,false,false,0.5331077236854103
before,nasdaq,cash,289,20,3,0,0,0,215000,0,2635216,false,false,0.3976996548014614
before,nasdaq,cash,290,20,2,0,0,0,85500,0,2437773,false,false,0.4327708735471189
before,nasdaq,cash,291,20,3,0,0,0,231500,0,1101279,false,false,0.5105190018027022
before,nasdaq,cash,292,20,2,0,0,0,162000,0,590606,false,false,0.4991944528194949
before,nasdaq,cash,293,20,2,0,0,0,104000,0,4111918,true,false,0.4074672561513025
before,nasdaq,cash,294,20,2,0,0,0,141000,0,2315042,false,false,0.4366769652168706
before,nasdaq,cash,295,20,1,0,0,0,50000,0,1253111,false,false,0.5123644193064327
before,nasdaq,cash,296,20,3,0,0,0,163500,0,1816316,false,false,0.4741215950596126
before,nasdaq,cash,297,20,2,0,0,0,90000,0,1896927,false,false,0.4688068281888976
before,nasdaq,cash,298,20,1,0,0,0,60000,0,4063816,true,false,0.40857000667732135
before,nasdaq,cash,299,20,3,0,0,0,259000,0,1567848,false,false,0.4078699106181463
before,nasdaq,cash,300,20,2,0,0,0,130500,0,1240478,false,false,0.5072327418863988
before,nasdaq,cash,301,20,2,0,0,0,124000,0,2066499,false,false,0.41255886299298294
before,nasdaq,cash,302,20,2,0,0,0,144000,0,1255411,false,false,0.5138500040259679
before,nasdaq,cash,303,20,2,0,0,0,85500,0,1072469,false,false,0.5110239874957971
before,nasdaq,cash,304,20,1,0,0,0,45000,0,3100095,true,false,0.4464111804557788
before,nasdaq,cash,305,20,1,0,0,0,81000,0,4442367,true,false,0.4580670249980735
before,nasdaq,cash,306,20,1,0,0,0,70000,0,2082048,false,false,0.44280413861000356
before,nasdaq,cash,307,20,2,0,0,0,90000,0,1685441,false,false,0.44909581454367753
before,nasdaq,cash,308,20,3,0,0,0,204000,0,1779284,false,false,0.45881171928588965
before,nasdaq,cash,309,20,3,0,0,0,139500,0,5405639,true,false,0.4141420277836699
before,nasdaq,cash,310,20,3,0,0,0,207000,0,1051632,false,false,0.5072944098470341
before,nasdaq,cash,311,20,1,0,0,0,54000,0,1068092,false,false,0.5572299611427893
before,nasdaq,cash,312,20,2,0,0,0,135000,0,1538038,false,false,0.5048729363858495
before,nasdaq,cash,313,20,3,0,0,0,233000,0,2290414,false,false,0.4396797785662283
before,nasdaq,cash,314,20,3,0,0,0,189000,0,1696753,false,false,0.45983436021666557
before,nasdaq,cash,315,20,0,0,0,0,0,0,1709979,false,false,0.4832892133681126
before,nasdaq,cash,316,20,2,0,0,0,117000,0,2356001,false,false,0.41908127932896083
before,nasdaq,cash,317,20,2,0,0,0,117000,0,1289317,false,false,0.47337486338645923
before,nasdaq,cash,318,20,2,0,0,0,150500,0,879555,false,false,0.49166376039661897
before,nasdaq,cash,319,20,2,0,0,0,189000,0,1377638,false,false,0.44940465930291207
before,nasdaq,cash,320,20,3,0,0,0,205000,0,1172912,false,false,0.47551738532847543
before,nasdaq,cash,321,20,3,0,0,0,175000,0,3535543,true,false,0.41434680634588317
before,nasdaq,cash,322,20,4,0,0,0,252000,0,4442709,true,false,0.41693357230020994
before,nasdaq,cash,323,20,2,0,0,0,180000,0,1420770,false,false,0.44049193923440244
before,nasdaq,cash,324,20,3,0,0,0,234000,0,1828506,false,false,0.4650173897648129
before,nasdaq,cash,325,20,1,0,0,0,54000,0,3119180,true,false,0.4346732239780457
before,nasdaq,cash,326,20,2,0,0,0,95000,0,1174250,false,false,0.594295003500277
before,nasdaq,cash,327,20,1,0,0,0,70000,0,1365461,false,false,0.4894637624405208
before,nasdaq,cash,328,20,3,0,0,0,200500,0,1134409,false,false,0.4881275814627615
before,nasdaq,cash,329,20,2,0,0,0,144000,0,1607705,false,false,0.4684876847346014
before,nasdaq,cash,330,20,1,0,0,0,81000,0,1681316,false,false,0.5560335459513058
before,nasdaq,cash,331,20,2,0,0,0,121500,0,844487,false,false,0.5871921031546526
before,nasdaq,cash,332,20,3,0,0,0,198000,0,1268046,false,false,0.5296375424042682
before,nasdaq,cash,333,20,1,0,0,0,60000,0,1371125,false,false,0.47104658708033414
before,nasdaq,cash,334,20,2,0,0,0,94500,0,1882478,false,false,0.5021713365084389
before,nasdaq,cash,335,20,3,0,0,0,205000,0,2687835,false,false,0.47338026442297726
before,nasdaq,cash,336,20,1,0,0,0,50000,0,2287911,false,false,0.45951627695738234
before,nasdaq,cash,337,20,3,0,0,0,234000,0,1281972,false,false,0.47511271971300423
before,nasdaq,cash,338,20,3,0,0,0,218000,0,1621899,false,false,0.43510860694235626
before,nasdaq,cash,339,20,1,0,0,0,63000,0,2336478,false,false,0.45774791760685074
before,nasdaq,cash,340,20,0,0,0,0,0,0,1399319,false,false,0.48071140534339396
before,nasdaq,cash,341,20,2,0,0,0,144000,0,1828802,false,false,0.46920342642336826
before,nasdaq,cash,342,20,1,0,0,0,110000,0,1885169,false,false,0.4635860943623686
before,nasdaq,cash,343,20,3,0,0,0,149000,0,4174811,true,false,0.43163629657911146
before,nasdaq,cash,344,20,3,0,0,0,212000,0,2999032,false,false,0.40077571204025864
before,nasdaq,cash,345,20,2,0,0,0,130500,0,2700656,false,false,0.4376139256564011
before,nasdaq,cash,346,20,2,0,0,0,144000,0,1421173,false,false,0.48610972744269965
before,nasdaq,cash,347,20,2,0,0,0,135000,0,1731254,false,false,0.44292328521275126
before,nasdaq,cash,348,20,3,0,0,0,168000,0,1107288,false,false,0.5084828030295874
before,nasdaq,cash,349,20,2,0,0,0,144000,0,825661,false,false,0.5493737174790458
before,nasdaq,cash,350,20,2,0,0,0,149000,0,1730228,false,false,0.4669900984585399
before,nasdaq,cash,351,20,1,0,0,0,81000,0,1534538,false,false,0.45134707624447457
before,nasdaq,cash,352,20,4,0,0,0,246000,0,881157,false,false,0.42909043408809405
before,nasdaq,cash,353,20,2,0,0,0,153000,0,3462989,true,false,0.4365937511975136
before,nasdaq,cash,354,20,2,0,0,0,160000,0,1870122,false,false,0.4370336397780787
before,nasdaq,cash,355,20,0,0,0,0,0,0,2113807,false,false,0.47441832143427404
before,nasdaq,cash,356,20,1,0,0,0,63000,0,2138923,false,false,0.455958297571261
before,nasdaq,cash,357,20,1,0,0,0,110000,0,2138186,false,false,0.4808993429220704
before,nasdaq,cash,358,20,2,0,0,0,191000,0,1383626,false,false,0.4861842751017463
before,nasdaq,cash,359,20,2,0,0,0,144000,0,835386,false,false,0.46129281255805876
before,nasdaq,cash,360,20,3,0,0,0,148500,0,2170330,false,false,0.45833678365148184
before,nasdaq,cash,361,20,5,0,0,0,288000,0,1226780,false,false,0.5097247661990572
before,nasdaq,cash,362,20,1,0,0,0,90000,0,1402091,false,false,0.5436221964326264
before,nasdaq,cash,363,20,3,0,0,0,240000,0,1425002,false,false,0.4704487595587419
before,nasdaq,cash,364,20,3,0,0,0,189000,0,2751673,false,false,0.4149048638243912
before,nasdaq,cash,365,20,1,0,0,0,70000,0,2314993,false,false,0.4468335326104838
before,nasdaq,cash,366,20,2,0,0,0,153000,0,1561060,false,false,0.5017354733729585
before,nasdaq,cash,367,20,0,0,0,0,0,0,2221387,false,false,0.45890707045929197
before,nasdaq,cash,368,20,0,0,0,0,0,0,2215115,false,false,0.42391346452280637
before,nasdaq,cash,369,20,1,0,0,0,60000,0,1743095,false,false,0.5486792959869095
before,nasdaq,cash,370,20,2,0,0,0,189000,0,1432646,false,false,0.4235666794914204
before,nasdaq,cash,371,20,1,0,0,0,54000,0,2088330,false,false,0.4185895396393093
before,nasdaq,cash,372,20,2,0,0,0,139500,0,934639,false,false,0.5936883257784625
before,nasdaq,cash,373,20,2,0,0,0,105000,0,1651705,false,false,0.48507749218911445
before,nasdaq,cash,374,20,3,0,0,0,199500,0,1647970,false,false,0.4514392241680573
before,nasdaq,cash,375,20,3,0,0,0,189000,0,1951400,false,false,0.49578496071183986
before,nasdaq,cash,376,20,1,0,0,0,110000,0,1860987,false,false,0.4859948489692729
before,nasdaq,cash,377,20,3,0,0,0,220500,0,543631,false,false,0.4870665558629976
before,nasdaq,cash,378,20,2,0,0,0,144000,0,1755604,false,false,0.45383890143968386
before,nasdaq,cash,379,20,2,0,0,0,144000,0,4425071,true,false,0.44452906067914044
before,nasdaq,cash,380,20,3,0,0,0,195000,0,942869,false,false,0.5396035130653367
before,nasdaq,cash,381,20,2,0,0,0,115000,0,2225757,false,false,0.42655745563611924
before,nasdaq,cash,382,20,2,0,0,0,149000,0,2658070,false,false,0.44386194717773575
before,nasdaq,cash,383,20,2,0,0,0,160000,0,1729261,false,false,0.4617152137519895
before,nasdaq,cash,384,20,2,0,0,0,200000,0,722419,false,false,0.5333205379997717
before,nasdaq,cash,385,20,1,0,0,0,90000,0,1119528,false,false,0.47098948118620265
before,nasdaq,cash,386,20,1,0,0,0,45000,0,4066714,true,false,0.421006304461587
before,nasdaq,cash,387,20,1,0,0,0,81000,0,2815208,false,false,0.43871375006092983
before,nasdaq,cash,388,20,1,0,0,0,60000,0,1942278,false,false,0.48476085585324036
before,nasdaq,cash,389,20,2,0,0,0,159000,0,1156895,false,false,0.6058932416456069
before,nasdaq,cash,390,20,1,0,0,0,63000,0,958008,false,false,0.596086590725813
before,nasdaq,cash,391,20,2,0,0,0,144000,0,3393247,true,false,0.4073100217797512
before,nasdaq,cash,392,20,1,0,0,0,45000,0,1403939,false,false,0.4997351811771248
before,nasdaq,cash,393,20,3,0,0,0,202500,0,1920026,false,false,0.46237459292147687
before,nasdaq,cash,394,20,1,0,0,0,45000,0,3870704,true,false,0.4381844263758931
before,nasdaq,cash,395,20,1,0,0,0,54000,0,1137718,false,false,0.5180653702634879
before,nasdaq,cash,396,20,1,0,0,0,99000,0,1400803,false,false,0.4971689871452223
before,nasdaq,cash,397,20,1,0,0,0,81000,0,2304514,false,false,0.47346408476495877
before,nasdaq,cash,398,20,3,0,0,0,170500,0,2313163,false,false,0.39613833246559144
before,nasdaq,cash,399,20,2,0,0,0,115000,0,1004298,false,false,0.507042898985477
before,nasdaq,cash,400,20,2,0,0,0,99000,0,3204201,true,false,0.4167348990687213
before,nasdaq,cash,401,20,1,0,0,0,110000,0,2572685,false,false,0.4501970328362055
before,nasdaq,cash,402,20,3,0,0,0,204000,0,1207924,false,false,0.5156573761868118
before,nasdaq,cash,403,20,3,0,0,0,175500,0,4057725,true,false,0.4329736503774148
before,nasdaq,cash,404,20,1,0,0,0,90000,0,1903783,false,false,0.467902033140283
before,nasdaq,cash,405,20,1,0,0,0,45000,0,952215,false,false,0.6604217267535876
before,nasdaq,cash,406,20,3,0,0,0,230000,0,3408052,true,false,0.45433320553672046
before,nasdaq,cash,407,20,4,0,0,0,229500,0,2158446,false,false,0.49951573691155327
before,nasdaq,cash,408,20,2,0,0,0,191000,0,1277638,false,false,0.4098043626262001
before,nasdaq,cash,409,20,0,0,0,0,0,0,1511635,false,false,0.4816007607945171
before,nasdaq,cash,410,20,2,0,0,0,135000,0,1588346,false,false,0.5241410334427686
before,nasdaq,cash,411,20,2,0,0,0,162000,0,1523289,false,false,0.44319237557886443
before,nasdaq,cash,412,20,1,0,0,0,40500,0,2122296,false,false,0.47436605538271104
before,nasdaq,cash,413,20,3,0,0,0,229000,0,1090532,false,false,0.4579729712866425
before,nasdaq,cash,414,20,1,0,0,0,110000,0,4942201,true,false,0.4333271997179713
before,nasdaq,cash,415,20,1,0,0,0,70000,0,3422300,true,false,0.41819076906783187
before,nasdaq,cash,416,20,1,0,0,0,70000,0,1933964,false,false,0.46890562194435137
before,nasdaq,cash,417,20,3,0,0,0,205000,0,1390943,false,false,0.4761995425417383
before,nasdaq,cash,418,20,2,0,0,0,135000,0,2576447,false,false,0.4934722248878094
before,nasdaq,cash,419,20,1,0,0,0,50000,0,1411281,false,false,0.5972296538000273
before,nasdaq,cash,420,20,4,0,0,0,285000,0,2057529,false,false,0.4461819076307204
before,nasdaq,cash,421,20,3,0,0,0,245000,0,844665,false,false,0.5440807332098007
before,nasdaq,cash,422,20,3,0,0,0,240500,0,514122,false,false,0.5088389974847791
before,nasdaq,cash,423,20,3,0,0,0,220500,0,703754,false,false,0.5440853449379583
before,nasdaq,cash,424,20,4,0,0,0,229500,0,903399,false,false,0.4664067408130281
before,nasdaq,cash,425,20,2,0,0,0,153000,0,1371286,false,false,0.5119735928788984
before,nasdaq,cash,426,20,2,0,0,0,99000,0,3682514,true,false,0.44281246810861363
before,nasdaq,cash,427,20,1,0,0,0,110000,0,1082958,false,false,0.5287293058707877
before,nasdaq,cash,428,20,0,0,0,0,0,0,2584341,false,false,0.4716088135541427
before,nasdaq,cash,429,20,2,0,0,0,99000,0,1454641,false,false,0.4908003983583595
before,nasdaq,cash,430,20,3,0,0,0,171000,0,1502219,false,false,0.4820402670797585
before,nasdaq,cash,431,20,3,0,0,0,218000,0,1364567,false,false,0.5069258876695207
before,nasdaq,cash,432,20,1,0,0,0,99000,0,1541979,false,false,0.49587891847531307
before,nasdaq,cash,433,20,0,0,0,0,0,0,2530830,false,false,0.47400024066471447
before,nasdaq,cash,434,20,3,0,0,0,218000,0,1371770,false,false,0.48700934338350355
before,nasdaq,cash,435,20,1,0,0,0,45000,0,2196046,false,false,0.492690657564249
before,nasdaq,cash,436,20,2,0,0,0,121500,0,1036185,false,false,0.5308950272972689
before,nasdaq,cash,437,20,1,0,0,0,70000,0,1206426,false,false,0.5827671105292083
before,nasdaq,cash,438,20,2,0,0,0,144000,0,1780326,false,false,0.5004854172576991
before,nasdaq,cash,439,20,4,0,0,0,290000,0,3108578,true,false,0.42128754338008345
before,nasdaq,cash,440,20,2,0,0,0,149000,0,2051023,false,false,0.4887154765111389
before,nasdaq,cash,441,20,3,0,0,0,240000,0,2453392,false,false,0.41933196551427665
before,nasdaq,cash,442,20,2,0,0,0,120000,0,965298,false,false,0.477522630435952
before,nasdaq,cash,443,20,2,0,0,0,139500,0,1131223,false,false,0.55465863205481
before,nasdaq,cash,444,20,3,0,0,0,214000,0,1423182,false,false,0.4543319716121939
before,nasdaq,cash,445,20,0,0,0,0,0,0,2415836,false,false,0.4852077242967149
before,nasdaq,cash,446,20,5,0,0,0,288000,0,610368,false,false,0.529833320783329
before,nasdaq,cash,447,20,1,0,0,0,110000,0,854644,false,false,0.5468581266876301
before,nasdaq,cash,448,20,3,0,0,0,205000,0,963016,false,false,0.5699650385664667
before,nasdaq,cash,449,20,2,0,0,0,105000,0,804055,false,false,0.5405942447332835
before,nasdaq,cash,450,20,2,0,0,0,99000,0,1324225,false,false,0.5249980820598279
before,nasdaq,cash,451,20,2,0,0,0,150500,0,2221043,false,false,0.4618691549278264
before,nasdaq,cash,452,20,1,0,0,0,45000,0,1957170,false,false,0.5314226426116868
before,nasdaq,cash,453,20,2,0,0,0,85500,0,2071420,false,false,0.4972701154284754
before,nasdaq,cash,454,20,0,0,0,0,0,0,2066852,false,false,0.4718229102560875
before,nasdaq,cash,455,20,3,0,0,0,225000,0,2597149,false,false,0.4264936016290945
before,nasdaq,cash,456,20,2,0,0,0,95000,0,2742121,false,false,0.43277093562239355
before,nasdaq,cash,457,20,3,0,0,0,216000,0,1697490,false,false,0.4325263378261955
before,nasdaq,cash,458,20,3,0,0,0,252000,0,1179695,false,false,0.42754111243337284
before,nasdaq,cash,459,20,1,0,0,0,50000,0,1300658,false,false,0.5195806759487558
before,nasdaq,cash,460,20,0,0,0,0,0,0,3244634,true,false,0.43542400236378026
before,nasdaq,cash,461,20,4,0,0,0,226500,0,2166034,false,false,0.4436121448698816
before,nasdaq,cash,462,20,2,0,0,0,108000,0,3273242,true,false,0.4391956159073743
before,nasdaq,cash,463,20,2,0,0,0,104000,0,1359062,false,false,0.4762534383170237
before,nasdaq,cash,464,20,2,0,0,0,120000,0,1004706,false,false,0.5200934867029335
before,nasdaq,cash,465,20,2,0,0,0,141000,0,1812954,false,false,0.45108513857156973
before,nasdaq,cash,466,20,2,0,0,0,94500,0,1474209,false,false,0.46137113575730054
before,nasdaq,cash,467,20,0,0,0,0,0,0,1406941,false,false,0.5416780300837731
before,nasdaq,cash,468,20,2,0,0,0,160000,0,1869719,false,false,0.433784485799969
before,nasdaq,cash,469,20,3,0,0,0,245000,0,1107551,false,false,0.4147947604634045
before,nasdaq,cash,470,20,2,0,0,0,130500,0,3062926,true,false,0.4545607040633387
before,nasdaq,cash,471,20,2,0,0,0,151000,0,930580,false,false,0.6145298598954603
before,nasdaq,cash,472,20,3,0,0,0,212000,0,1315908,false,false,0.4926126902548553
before,nasdaq,cash,473,20,1,0,0,0,45000,0,2193970,false,false,0.4683136909980618
before,nasdaq,cash,474,20,2,0,0,0,110000,0,1932919,false,false,0.44955244247452236
before,nasdaq,cash,475,20,2,0,0,0,123000,0,1532638,false,false,0.5064982665112634
before,nasdaq,cash,476,20,2,0,0,0,95000,0,2523377,false,false,0.45176671221409326
before,nasdaq,cash,477,20,2,0,0,0,200000,0,2312375,false,false,0.4686879682322263
before,nasdaq,cash,478,20,2,0,0,0,189000,0,726592,false,false,0.5704106315030503
before,nasdaq,cash,479,20,1,0,0,0,45000,0,1624183,false,false,0.46770863624561476
before,nasdaq,cash,480,20,2,0,0,0,153000,0,3190338,true,false,0.3929435879270471
before,nasdaq,cash,481,20,2,0,0,0,99000,0,2532303,false,false,0.48752954902927775
before,nasdaq,cash,482,20,3,0,0,0,223000,0,1801157,false,false,0.5107607785955529
before,nasdaq,cash,483,20,2,0,0,0,169000,0,2267443,false,false,0.4473996169846289
before,nasdaq,cash,484,20,2,0,0,0,164000,0,2045907,false,false,0.4541126174271636
before,nasdaq,cash,485,20,1,0,0,0,70000,0,3225174,true,false,0.43091636903245645
before,nasdaq,cash,486,20,3,0,0,0,223000,0,1202285,false,false,0.5231116439607862
before,nasdaq,cash,487,20,0,0,0,0,0,0,2213083,false,false,0.4447929999942982
before,nasdaq,cash,488,20,4,0,0,0,268000,0,2203547,false,false,0.4932914608504202
before,nasdaq,cash,489,20,3,0,0,0,180000,0,3344788,true,false,0.4325710769905144
before,nasdaq,cash,490,20,4,0,0,0,320000,0,1690153,false,false,0.44609502464736617
before,nasdaq,cash,491,20,3,0,0,0,189000,0,1141804,false,false,0.47869812438860465
before,nasdaq,cash,492,20,4,0,0,0,300500,0,1545015,false,false,0.46437432359240705
before,nasdaq,cash,493,20,3,0,0,0,171000,0,1334227,false,false,0.5154077466020454
before,nasdaq,cash,494,20,2,0,0,0,153000,0,1387600,false,false,0.46868202816046933
before,nasdaq,cash,495,20,1,0,0,0,45000,0,1116956,false,false,0.6053143867240758
before,nasdaq,cash,496,20,2,0,0,0,159000,0,3080444,true,false,0.40746629778580756
before,nasdaq,cash,497,20,3,0,0,0,270000,0,2000383,false,false,0.4630010557182393
before,nasdaq,cash,498,20,3,0,0,0,191500,0,2321515,false,false,0.4191356916166944
before,nasdaq,cash,499,20,1,0,0,0,110000,0,1653346,false,false,0.4674059220349488
before,nasdaq,cash,500,20,2,0,0,0,155000,0,1294823,false,false,0.5088357134898798
before,nasdaq,cash,501,20,3,0,0,0,205000,0,2764683,false,false,0.4415151194046173
before,nasdaq,cash,502,20,4,0,0,0,284000,0,2389704,false,false,0.42931739317122125
before,nasdaq,cash,503,20,2,0,0,0,155000,0,2729447,false,false,0.500247109786957
before,nasdaq,cash,504,20,3,0,0,0,254000,0,974571,false,false,0.4596732743500732
before,nasdaq,cash,505,20,2,0,0,0,135000,0,2369561,false,false,0.4808636752659061
before,nasdaq,cash,506,20,2,0,0,0,105000,0,2000994,false,false,0.46943309545069856
before,nasdaq,cash,507,20,2,0,0,0,121500,0,3797304,true,false,0.4441376578966013
before,nasdaq,cash,508,20,3,0,0,0,259000,0,1478887,false,false,0.4755761668130332
before,nasdaq,cash,509,20,1,0,0,0,99000,0,1240460,false,false,0.478723347424309
before,nasdaq,cash,510,20,1,0,0,0,110000,0,1909027,false,false,0.42544092599444394
before,nasdaq,cash,511,20,1,0,0,0,45000,0,1445616,false,false,0.507534866657429
before,nasdaq,cash,512,20,2,0,0,0,105000,0,3056462,true,false,0.5276299645918472
before,nasdaq,cash,513,20,3,0,0,0,162000,0,1549430,false,false,0.5006615753695597
before,nasdaq,cash,514,20,1,0,0,0,70000,0,1783863,false,false,0.5044473146522399
before,nasdaq,cash,515,20,3,0,0,0,240000,0,1468368,false,false,0.45544074171478055
before,nasdaq,cash,516,20,2,0,0,0,155000,0,1702435,false,false,0.46975279807533965
before,nasdaq,cash,517,20,2,0,0,0,144000,0,1190341,false,false,0.4667844717704792
before,nasdaq,cash,518,20,1,0,0,0,81000,0,1031117,false,false,0.5796501472579332
before,nasdaq,cash,519,20,1,0,0,0,81000,0,2429169,false,false,0.4489391522168951
before,nasdaq,cash,520,20,2,0,0,0,135000,0,1046420,false,false,0.5386546529115734
before,nasdaq,cash,521,20,1,0,0,0,45000,0,2051496,false,false,0.46281127163716657
before,nasdaq,cash,522,20,4,0,0,0,285500,0,1199240,false,false,0.4570031468147973
before,nasdaq,cash,523,20,2,0,0,0,108000,0,1620025,false,false,0.4575765626543631
before,nasdaq,cash,524,20,3,0,0,0,212000,0,1679604,false,false,0.46100151862348077
before,nasdaq,cash,525,20,0,0,0,0,0,0,795736,false,false,0.5475768130936439
before,nasdaq,cash,526,20,4,0,0,0,258000,0,502216,false,false,0.49377701619459324
before,nasdaq,cash,527,20,3,0,0,0,210000,0,2474002,false,false,0.44722698753136647
before,nasdaq,cash,528,20,1,0,0,0,45000,0,673371,false,false,0.6757776417311334
before,nasdaq,cash,529,20,2,0,0,0,130500,0,1666746,false,false,0.4365103058272205
before,nasdaq,cash,530,20,4,0,0,0,313000,0,990064,false,false,0.5395599245531737
before,nasdaq,cash,531,20,1,0,0,0,45000,0,2654209,false,false,0.41549116518353013
before,nasdaq,cash,532,20,2,0,0,0,126000,0,973749,false,false,0.4991332605386557
before,nasdaq,cash,533,20,1,0,0,0,45000,0,2320035,false,false,0.43998059307323656
before,nasdaq,cash,534,20,3,0,0,0,200000,0,2437758,false,false,0.43337659609816
before,nasdaq,cash,535,20,2,0,0,0,99000,0,1995596,false,false,0.4625693899599213
before,nasdaq,cash,536,20,0,0,0,0,0,0,2446810,false,false,0.4473313220971026
before,nasdaq,cash,537,20,1,0,0,0,81000,0,3152385,true,false,0.4269988396331089
before,nasdaq,cash,538,20,2,0,0,0,126000,0,2678262,false,false,0.5102533126185167
before,nasdaq,cash,539,20,1,0,0,0,110000,0,4553017,true,false,0.42073514627746145
before,nasdaq,cash,540,20,4,0,0,0,304000,0,1289253,false,false,0.4540221982812338
before,nasdaq,cash,541,20,3,0,0,0,175500,0,2952327,false,false,0.4166128711339095
before,nasdaq,cash,542,20,1,0,0,0,60000,0,1131989,false,false,0.5340730828114394
before,nasdaq,cash,543,20,4,0,0,0,207000,0,1333704,false,false,0.5036530938993862
before,nasdaq,cash,544,20,0,0,0,0,0,0,1800839,false,false,0.4506225546941144
before,nasdaq,cash,545,20,2,0,0,0,169000,0,1272148,false,false,0.47329249672615276
before,nasdaq,cash,546,20,0,0,0,0,0,0,947378,false,false,0.6492972106377819
before,nasdaq,cash,547,20,3,0,0,0,166500,0,1494861,false,false,0.4782487609031055
before,nasdaq,cash,548,20,2,0,0,0,159000,0,3446947,true,false,0.421955375575837
before,nasdaq,cash,549,20,2,0,0,0,110500,0,1237476,false,false,0.5022775920010089
before,nasdaq,cash,550,20,2,0,0,0,110500,0,1280466,false,false,0.498826612857331
before,nasdaq,cash,551,20,1,0,0,0,50000,0,1395414,false,false,0.4690817757957514
before,nasdaq,cash,552,20,2,0,0,0,100500,0,3672299,true,false,0.42037424708981314
before,nasdaq,cash,553,20,4,0,0,0,245500,0,2863967,false,false,0.4154488676295685
before,nasdaq,cash,554,20,3,0,0,0,204000,0,1517304,false,false,0.45653305230047153
before,nasdaq,cash,555,20,1,0,0,0,45000,0,1728311,false,false,0.4869908130586585
before,nasdaq,cash,556,20,0,0,0,0,0,0,2546631,false,false,0.47259945447612334
before,nasdaq,cash,557,20,1,0,0,0,90000,0,1077645,false,false,0.4889599013602085
before,nasdaq,cash,558,20,2,0,0,0,200000,0,1646699,false,false,0.5421021126413255
before,nasdaq,cash,559,20,1,0,0,0,70000,0,2504912,false,false,0.44432721326282787
before,nasdaq,cash,560,20,3,0,0,0,219000,0,1730979,false,false,0.44004568488708945
before,nasdaq,cash,561,20,0,0,0,0,0,0,2521282,false,false,0.45401412623265414
before,nasdaq,cash,562,20,3,0,0,0,198000,0,1571655,false,false,0.43355602136363974
before,nasdaq,cash,563,20,0,0,0,0,0,0,1283302,false,false,0.5206786785841409
before,nasdaq,cash,564,20,1,0,0,0,45000,0,1087534,false,false,0.6166219688177944
before,nasdaq,cash,565,20,4,0,0,0,272000,0,1827371,false,false,0.49629395205692717
before,nasdaq,cash,566,20,1,0,0,0,40500,0,3934412,true,false,0.4421843583673596
before,nasdaq,cash,567,20,2,0,0,0,140000,0,910400,false,false,0.5417732498988992
before,nasdaq,cash,568,20,1,0,0,0,45000,0,3010119,true,false,0.449469478377596
before,nasdaq,cash,569,20,1,0,0,0,70000,0,2691818,false,false,0.44263783938961093
before,nasdaq,cash,570,20,1,0,0,0,81000,0,1438724,false,false,0.523434140542028
before,nasdaq,cash,571,20,3,0,0,0,214000,0,4351322,true,false,0.4392609432295682
before,nasdaq,cash,572,20,4,0,0,0,225500,0,1848944,false,false,0.42420268082226864
before,nasdaq,cash,573,20,2,0,0,0,90500,0,1982955,false,false,0.49913017065397086
before,nasdaq,cash,574,20,1,0,0,0,110000,0,1844510,false,false,0.43153464844329037
before,nasdaq,cash,575,20,2,0,0,0,131000,0,2005837,false,false,0.4807079192378291
before,nasdaq,cash,576,20,2,0,0,0,191000,0,851819,false,false,0.56822705761458
before,nasdaq,cash,577,20,2,0,0,0,149000,0,1848518,false,false,0.4457261895877534
before,nasdaq,cash,578,20,2,0,0,0,149000,0,1136282,false,false,0.5626045064160733
before,nasdaq,cash,579,20,1,0,0,0,54000,0,1876683,false,false,0.44723788524480756
before,nasdaq,cash,580,20,0,0,0,0,0,0,1835896,false,false,0.47403979415558134
before,nasdaq,cash,581,20,3,0,0,0,250000,0,949501,false,false,0.5058242954743523
before,nasdaq,cash,582,20,2,0,0,0,169000,0,1308020,false,false,0.4686320875714009
before,nasdaq,cash,583,20,3,0,0,0,157500,0,1691565,false,false,0.5450311431974989
before,nasdaq,cash,584,20,2,0,0,0,180000,0,751462,false,false,0.5749078085413378
before,nasdaq,cash,585,20,4,0,0,0,268000,0,2005595,false,false,0.42098866653630473
before,nasdaq,cash,586,20,1,0,0,0,63000,0,2277414,false,false,0.4375229360721097
before,nasdaq,cash,587,20,2,0,0,0,160000,0,1136906,false,false,0.4734074449535465
before,nasdaq,cash,588,20,2,0,0,0,189000,0,1873813,false,false,0.4434395661445831
before,nasdaq,cash,589,20,3,0,0,0,205000,0,1510165,false,false,0.39778026026507496
before,nasdaq,cash,590,20,3,0,0,0,180000,0,2992957,false,false,0.4280167351972312
before,nasdaq,cash,591,20,2,0,0,0,123000,0,1128308,false,false,0.5465053425052606
before,nasdaq,cash,592,20,4,0,0,0,261000,0,1356546,false,false,0.5255570646801722
before,nasdaq,cash,593,20,1,0,0,0,81000,0,2161949,false,false,0.4580282007444033
before,nasdaq,cash,594,20,3,0,0,0,194000,0,837113,false,false,0.5914731103922015
before,nasdaq,cash,595,20,1,0,0,0,70000,0,1794169,false,false,0.4972447960842897
before,nasdaq,cash,596,20,0,0,0,0,0,0,5680951,true,false,0.3994759800415061
before,nasdaq,cash,597,20,2,0,0,0,189000,0,1502031,false,false,0.5187976670944825
before,nasdaq,cash,598,20,1,0,0,0,54000,0,1138279,false,false,0.5733352439822373
before,nasdaq,cash,599,20,2,0,0,0,103500,0,2207120,false,false,0.42708873938790176
before,nasdaq,standard,0,20,2,0,0,0,135000,0,3971759,true,false,0.15082795368961593
before,nasdaq,standard,1,20,1,0,0,0,81000,0,9413763,true,false,0.134898635779174
before,nasdaq,standard,2,20,1,0,0,0,99000,0,7839947,true,false,0.11360464037860067
before,nasdaq,standard,3,20,2,0,0,0,99000,0,2439587,false,false,0.147478588640578
before,nasdaq,standard,4,20,1,0,0,0,70000,0,2157842,false,false,0.17360449306947798
before,nasdaq,standard,5,20,1,0,0,0,90000,0,2641908,false,false,0.19330428029879307
before,nasdaq,standard,6,20,3,0,0,0,200500,0,6574047,true,false,0.0901039925212041
before,nasdaq,standard,7,20,3,0,0,0,184500,0,6039504,true,false,0.07673164271324856
before,nasdaq,standard,8,20,1,0,0,0,63000,0,1353534,false,false,0.23346226373573836
before,nasdaq,standard,9,20,2,0,0,0,139500,0,8495988,true,false,0.10399478828654649
before,nasdaq,standard,10,20,2,0,0,0,160000,0,1532505,false,false,0.21769157113630971
before,nasdaq,standard,11,20,2,0,0,0,110000,0,1235654,false,false,0.1717229400648153
before,nasdaq,standard,12,20,2,0,0,0,150500,0,1229111,false,false,0.16147448380377374
before,nasdaq,standard,13,20,2,0,0,0,90500,0,4809936,true,false,0.18628642626149036
before,nasdaq,standard,14,20,0,0,0,0,0,0,1608167,false,false,0.2125330144759737
before,nasdaq,standard,15,20,1,0,0,0,99000,0,6234846,true,false,0.14235552933360085
before,nasdaq,standard,16,20,2,0,0,0,94500,0,5373406,true,false,0.1295811821319351
before,nasdaq,standard,17,20,2,0,0,0,126000,0,10265625,true,false,0.1198882360011587
before,nasdaq,standard,18,20,4,0,0,0,234500,0,10499010,true,false,0.06753956857811128
before,nasdaq,standard,19,20,2,0,0,0,99000,0,10920993,true,false,0.09452956644580973
before,nasdaq,standard,20,20,2,1,1,7547,160000,0,1061828,false,false,0.12020179712106167
before,nasdaq,standard,21,20,3,0,0,0,155000,0,5989469,true,false,0.12453557967677169
before,nasdaq,standard,22,20,4,0,0,0,248000,0,1917193,false,false,0.1535703607834728
before,nasdaq,standard,23,20,1,0,0,0,40500,0,3445730,true,false,0.15000000461066776
before,nasdaq,standard,24,20,3,0,0,0,144000,0,5066447,true,false,0.11695211393427676
before,nasdaq,standard,25,20,1,0,0,0,50000,0,4258005,true,false,0.1462642948736747
before,nasdaq,standard,26,20,0,0,0,0,0,0,4101874,true,false,0.17436355026375427
before,nasdaq,standard,27,20,1,0,0,0,90000,0,2858546,false,false,0.17728521249129536
before,nasdaq,standard,28,20,2,0,0,0,169000,0,1733839,false,false,0.19099214391257752
before,nasdaq,standard,29,20,1,0,0,0,63000,0,3962766,true,false,0.18881249927110633
before,nasdaq,standard,30,20,1,0,0,0,81000,0,4088707,true,false,0.1437749862581584
before,nasdaq,standard,31,20,1,0,0,0,90000,0,3780879,true,false,0.15768215003024877
before,nasdaq,standard,32,20,4,1,1,26438,252500,0,947005,false,false,0.1597932948598926
before,nasdaq,standard,33,20,0,0,0,0,0,0,4410907,true,false,0.11885331077167612
before,nasdaq,standard,34,20,1,0,0,0,81000,0,5079452,true,false,0.12881346536019037
before,nasdaq,standard,35,20,2,1,1,8856,135000,0,3546253,true,false,0.09399662441093871
before,nasdaq,standard,36,20,1,0,0,0,90000,0,4125850,true,false,0.18235428621415817
before,nasdaq,standard,37,20,1,0,0,0,45000,0,1574602,false,false,0.1543020859748198
before,nasdaq,standard,38,20,3,0,0,0,157500,0,4890110,true,false,0.14636780571796665
before,nasdaq,standard,39,20,2,0,0,0,135000,0,1545534,false,false,0.18719560436359325
before,nasdaq,standard,40,20,1,0,0,0,40500,0,14180597,true,false,0.11648607737658574
before,nasdaq,standard,41,20,2,0,0,0,173000,0,3419679,true,false,0.12969139933629484
before,nasdaq,standard,42,20,2,0,0,0,105000,0,2740821,false,false,0.1676018728596333
before,nasdaq,standard,43,20,3,0,0,0,204000,0,7909148,true,false,0.10884878189025075
before,nasdaq,standard,44,20,2,0,0,0,164000,0,13436288,true,false,0.08527406510141514
before,nasdaq,standard,45,20,3,1,1,47234,220500,0,757869,false,false,0.14594539926925212
before,nasdaq,standard,46,20,2,0,0,0,124000,0,432952,false,false,0.2414895732472783
before,nasdaq,standard,47,20,1,0,0,0,54000,0,1564360,false,false,0.16479506020008533
before,nasdaq,standard,48,20,2,0,0,0,126000,0,2028111,false,false,0.14993553047559388
before,nasdaq,standard,49,20,3,1,1,1202,166500,0,873691,false,false,0.18234092644940186
before,nasdaq,standard,50,20,2,0,0,0,105000,0,7185680,true,false,0.11600295337552846
before,nasdaq,standard,51,20,0,0,0,0,0,0,7702079,true,false,0.1192566422386008
before,nasdaq,standard,52,20,1,0,0,0,50000,0,2586250,false,false,0.146832723644979
before,nasdaq,standard,53,20,2,0,0,0,164000,0,4113920,true,false,0.10161097271871153
before,nasdaq,standard,54,20,2,0,0,0,150000,0,18859572,true,false,0.08970535836418078
before,nasdaq,standard,55,20,3,0,0,0,145500,0,784636,false,false,0.23554760933798174
before,nasdaq,standard,56,20,1,0,0,0,63000,0,5933271,true,false,0.13232705453662402
before,nasdaq,standard,57,20,0,0,0,0,0,0,2629262,false,false,0.17793627834660963
before,nasdaq,standard,58,20,3,0,0,0,215000,0,1551790,false,false,0.1523748610991437
before,nasdaq,standard,59,20,2,0,0,0,105000,0,16489367,true,false,0.16674659778022105
before,nasdaq,standard,60,20,4,0,0,0,314000,0,10495930,true,false,0.14165531873409967
before,nasdaq,standard,61,20,4,1,1,8808,290500,0,15332304,true,false,0.045882665126141045
before,nasdaq,standard,62,20,0,0,0,0,0,0,6039185,true,false,0.11047187771272345
before,nasdaq,standard,63,20,1,0,0,0,54000,0,6872268,true,false,0.14183184936098261
before,nasdaq,standard,64,20,2,0,0,0,135000,0,27110111,true,false,0.10498762770259298
before,nasdaq,standard,65,20,3,0,0,0,195000,0,8376002,true,false,0.14980090842240015
before,nasdaq,standard,66,20,1,0,0,0,45000,0,1655081,false,false,0.24724875515572484
before,nasdaq,standard,67,20,2,1,1,14744,155000,0,550130,false,false,0.15249995683281006
before,nasdaq,standard,68,20,1,0,0,0,70000,0,12957997,true,false,0.10479204305312359
before,nasdaq,standard,69,20,3,0,0,0,162000,0,4362378,true,false,0.14887586997221106
before,nasdaq,standard,70,20,1,0,0,0,70000,0,4180136,true,false,0.16305871857418738
before,nasdaq,standard,71,20,4,0,0,0,209500,0,3113720,true,false,0.1339367175022655
before,nasdaq,standard,72,20,3,0,0,0,167000,0,11050032,true,false,0.1848454196626374
before,nasdaq,standard,73,20,2,0,0,0,95000,0,1742948,false,false,0.1349709627222129
before,nasdaq,standard,74,20,3,0,0,0,205000,0,1248328,false,false,0.16946796358217017
before,nasdaq,standard,75,20,1,0,0,0,40500,0,3622494,true,false,0.14848661130910984
before,nasdaq,standard,76,20,2,0,0,0,189000,0,5530056,true,false,0.10829331731742198
before,nasdaq,standard,77,20,2,0,0,0,151000,0,2639423,false,false,0.1714321982337328
before,nasdaq,standard,78,20,0,0,0,0,0,0,14011000,true,false,0.12242016364119623
before,nasdaq,standard,79,20,2,1,1,79154,139500,0,501926,false,false,0.19413917506159636
before,nasdaq,standard,80,20,2,0,0,0,180000,0,4999392,true,false,0.1849891230078839
before,nasdaq,standard,81,20,3,0,0,0,203000,0,10024717,true,false,0.12305645614499774
before,nasdaq,standard,82,20,3,0,0,0,144500,0,4401273,true,false,0.1528499706969215
before,nasdaq,standard,83,20,2,0,0,0,162000,0,6414273,true,false,0.10718741896630575
before,nasdaq,standard,84,20,1,0,0,0,60000,0,37147734,true,false,0.10285065369820072
before,nasdaq,standard,85,20,3,0,0,0,162000,0,3275881,true,false,0.14524645387386156
before,nasdaq,standard,86,20,2,0,0,0,126000,0,8851417,true,false,0.08964322067181495
before,nasdaq,standard,87,20,2,0,0,0,144000,0,3099327,true,false,0.15710225787649484
before,nasdaq,standard,88,20,2,0,0,0,159000,0,18771608,true,false,0.09141298781147171
before,nasdaq,standard,89,20,2,0,0,0,121500,0,2679605,false,false,0.14170849507797928
before,nasdaq,standard,90,20,1,0,0,0,110000,0,3438228,true,false,0.1690575641191287
before,nasdaq,standard,91,20,1,0,0,0,110000,0,2370911,false,false,0.12111527417291053
before,nasdaq,standard,92,20,3,1,1,28200,214000,0,1244696,false,false,0.17312631526704123
before,nasdaq,standard,93,20,2,0,0,0,117000,0,1236173,false,false,0.3143467923002587
before,nasdaq,standard,94,20,3,0,0,0,149000,0,4474411,true,false,0.11950105084871672
before,nasdaq,standard,95,20,0,0,0,0,0,0,19848082,true,false,0.10523220866021372
before,nasdaq,standard,96,20,1,0,0,0,70000,0,3590050,true,false,0.14741131214950534
before,nasdaq,standard,97,20,2,0,0,0,140000,0,9990143,true,false,0.13276251403837575
before,nasdaq,standard,98,20,1,0,0,0,70000,0,3658634,true,false,0.12968129373102102
before,nasdaq,standard,99,20,2,0,0,0,173000,0,1379228,false,false,0.3310623648619059
before,nasdaq,standard,100,20,3,0,0,0,250000,0,9935768,true,false,0.08652399681068669
before,nasdaq,standard,101,20,2,0,0,0,155000,0,6128140,true,false,0.12760442263758826
before,nasdaq,standard,102,20,3,0,0,0,193500,0,5684514,true,false,0.11433817411757008
before,nasdaq,standard,103,20,3,2,2,61952,169000,0,1066176,false,false,0.12217936882050755
before,nasdaq,standard,104,20,3,0,0,0,209500,0,5903576,true,false,0.12158546829360392
before,nasdaq,standard,105,20,3,0,0,0,231500,0,5449408,true,false,0.07128425796498482
before,nasdaq,standard,106,20,2,0,0,0,126000,0,2441884,false,false,0.16256648597889564
before,nasdaq,standard,107,20,2,0,0,0,135000,0,2398716,false,false,0.14058312358738695
before,nasdaq,standard,108,20,1,0,0,0,70000,0,9774192,true,false,0.102131973200036
before,nasdaq,standard,109,20,2,0,0,0,123000,0,5884096,true,false,0.1731418986813857
before,nasdaq,standard,110,20,1,0,0,0,70000,0,7492244,true,false,0.13146002065973186
before,nasdaq,standard,111,20,2,0,0,0,149000,0,3774307,true,false,0.1524524333627488
before,nasdaq,standard,112,20,1,0,0,0,40500,0,12821814,true,false,0.10276871843902317
before,nasdaq,standard,113,20,2,0,0,0,105000,0,1410382,false,false,0.21346854641763838
before,nasdaq,standard,114,20,2,0,0,0,169000,0,15299095,true,false,0.11919385659052813
before,nasdaq,standard,115,20,1,0,0,0,40500,0,4128308,true,false,0.1644212028486116
before,nasdaq,standard,116,20,1,0,0,0,54000,0,2372944,false,false,0.13061799914589153
before,nasdaq,standard,117,20,1,0,0,0,70000,0,2032430,false,false,0.12321846158047789
before,nasdaq,standard,118,20,3,0,0,0,214000,0,721752,false,false,0.19619078372121884
before,nasdaq,standard,119,20,1,0,0,0,99000,0,17736974,true,false,0.08729553986337232
before,nasdaq,standard,120,20,2,0,0,0,95000,0,7324703,true,false,0.1897802537480921
before,nasdaq,standard,121,20,1,0,0,0,45000,0,10475614,true,false,0.11363790830998614
before,nasdaq,standard,122,20,3,0,0,0,243000,0,13062474,true,false,0.11773917320444105
before,nasdaq,standard,123,20,1,0,0,0,70000,0,3606588,true,false,0.1248664306831971
before,nasdaq,standard,124,20,1,0,0,0,63000,0,2751777,false,false,0.2624798635369452
before,nasdaq,standard,125,20,1,0,0,0,54000,0,10780990,true,false,0.12060783009819889
before,nasdaq,standard,126,20,1,0,0,0,99000,0,8731263,true,false,0.09551368472007725
before,nasdaq,standard,127,20,0,0,0,0,0,0,8417619,true,false,0.11991884357112355
before,nasdaq,standard,128,20,2,0,0,0,170000,0,1464219,false,false,0.13978757891868096
before,nasdaq,standard,129,20,1,0,0,0,45000,0,1305724,false,false,0.3188383865549131
before,nasdaq,standard,130,20,1,0,0,0,50000,0,3556387,true,false,0.1510876954923283
before,nasdaq,standard,131,20,2,0,0,0,124000,0,3208510,true,false,0.15144220730575267
before,nasdaq,standard,132,20,2,0,0,0,121500,0,1681450,false,false,0.16080139281676575
before,nasdaq,standard,133,20,1,0,0,0,110000,0,2855160,false,false,0.24242617634889552
before,nasdaq,standard,134,20,1,0,0,0,110000,0,1705210,false,false,0.20272318079177834
before,nasdaq,standard,135,20,1,0,0,0,54000,0,10918173,true,false,0.1076565130425093
before,nasdaq,standard,136,20,4,0,0,0,304000,0,3012100,true,false,0.1010092016388597
before,nasdaq,standard,137,20,3,0,0,0,216000,0,11379663,true,false,0.10901413749096511
before,nasdaq,standard,138,20,1,0,0,0,45000,0,20336381,true,false,0.08875605044773445
before,nasdaq,standard,139,20,1,0,0,0,40500,0,20838523,true,false,0.10652548170671075
before,nasdaq,standard,140,20,2,0,0,0,170000,0,23674650,true,false,0.0722123109199292
before,nasdaq,standard,141,20,4,0,0,0,274000,0,2206582,false,false,0.10168088399765447
before,nasdaq,standard,142,20,2,0,0,0,104000,0,2024644,false,false,0.07782727431810346
before,nasdaq,standard,143,20,1,0,0,0,40500,0,4666355,true,false,0.1737811358639781
before,nasdaq,standard,144,20,4,0,0,0,255500,0,664826,false,false,0.1182091622240972
before,nasdaq,standard,145,20,1,0,0,0,60000,0,49066407,true,false,0.07951357544789596
before,nasdaq,standard,146,20,2,0,0,0,162000,0,4617792,true,false,0.13387598164792197
before,nasdaq,standard,147,20,3,0,0,0,184500,0,8271983,true,false,0.08693362886918721
before,nasdaq,standard,148,20,3,0,0,0,218000,0,2059833,false,false,0.12084289378780355
before,nasdaq,standard,149,20,2,0,0,0,126000,0,6448512,true,false,0.11446431756381092
before,nasdaq,standard,150,20,2,0,0,0,141000,0,2384238,false,false,0.18842267916866312
before,nasdaq,standard,151,20,3,0,0,0,231500,0,2866164,false,false,0.17641802165549375
before,nasdaq,standard,152,20,0,0,0,0,0,0,1843282,false,false,0.16406361463861435
before,nasdaq,standard,153,20,1,0,0,0,54000,0,5506051,true,false,0.10136089080183401
before,nasdaq,standard,154,20,3,0,0,0,195000,0,55669949,true,false,0.11427435072886374
before,nasdaq,standard,155,20,2,0,0,0,144000,0,9025632,true,false,0.14525435293978148
before,nasdaq,standard,156,20,3,1,1,60000,254000,0,4605154,true,false,0.10671564171705565
before,nasdaq,standard,157,20,3,1,1,11804,234000,0,2033663,false,false,0.10942300746233964
before,nasdaq,standard,158,20,4,0,0,0,304000,0,1175998,false,false,0.21124187852526788
before,nasdaq,standard,159,20,2,0,0,0,90500,0,2112009,false,false,0.21815262156281806
before,nasdaq,standard,160,20,2,0,0,0,164000,0,1324910,false,false,0.2119025756987813
before,nasdaq,standard,161,20,1,0,0,0,99000,0,5220918,true,false,0.15100563775737771
before,nasdaq,standard,162,20,0,0,0,0,0,0,18558400,true,false,0.11790868301177329
before,nasdaq,standard,163,20,0,0,0,0,0,0,28547309,true,false,0.1322720194808
before,nasdaq,standard,164,20,2,1,1,49915,150500,0,7149443,true,false,0.13054628331083598
before,nasdaq,standard,165,20,1,0,0,0,81000,0,2564625,false,false,0.14416854667372508
before,nasdaq,standard,166,20,4,0,0,0,249000,0,1475438,false,false,0.1506996785313947
before,nasdaq,standard,167,20,2,0,0,0,126000,0,1535282,false,false,0.1692347846199483
before,nasdaq,standard,168,20,1,0,0,0,99000,0,13415521,true,false,0.1489927595874167
before,nasdaq,standard,169,20,1,0,0,0,99000,0,9604271,true,false,0.14384282196436773
before,nasdaq,standard,170,20,1,0,0,0,45000,0,4645894,true,false,0.09488190981982811
before,nasdaq,standard,171,20,1,0,0,0,45000,0,5933194,true,false,0.10265432465287874
before,nasdaq,standard,172,20,0,0,0,0,0,0,12237533,true,false,0.2169794301130002
before,nasdaq,standard,173,20,1,0,0,0,40500,0,3169062,true,false,0.16114095031613465
before,nasdaq,standard,174,20,3,0,0,0,175500,0,3855343,true,false,0.09233584162852176
before,nasdaq,standard,175,20,2,0,0,0,115000,0,486306,false,false,0.16265151099818323
before,nasdaq,standard,176,20,4,0,0,0,296000,0,5829105,true,false,0.1098832098900198
before,nasdaq,standard,177,20,3,0,0,0,169000,0,6032776,true,false,0.12589514961064546
before,nasdaq,standard,178,20,3,0,0,0,243000,0,1394314,false,false,0.20293361909238666
before,nasdaq,standard,179,20,3,0,0,0,181500,0,2188573,false,false,0.22702340894174394
before,nasdaq,standard,180,20,2,0,0,0,99000,0,6192448,true,false,0.15897654285461163
before,nasdaq,standard,181,20,3,0,0,0,214000,0,8646033,true,false,0.15139877055274192
before,nasdaq,standard,182,20,1,0,0,0,63000,0,11055522,true,false,0.11220135165485338
before,nasdaq,standard,183,20,3,0,0,0,200500,0,3084435,true,false,0.14467975514523537
before,nasdaq,standard,184,20,4,2,2,40789,295000,0,145164,false,false,0.23732793048755543
before,nasdaq,standard,185,20,3,0,0,0,180000,0,9448944,true,false,0.10402497104175548
before,nasdaq,standard,186,20,3,0,0,0,234000,0,1997142,false,false,0.16119504196189918
before,nasdaq,standard,187,20,2,0,0,0,130000,0,4198646,true,false,0.1706135522877816
before,nasdaq,standard,188,20,2,0,0,0,151000,0,769057,false,false,0.16106959874805238
before,nasdaq,standard,189,20,2,1,1,40971,160000,0,5501254,true,false,0.1657447148883729
before,nasdaq,standard,190,20,3,3,3,30238,234000,0,2808993,false,false,0.1220636904206992
before,nasdaq,standard,191,20,3,0,0,0,164500,0,2296858,false,false,0.2660453745011852
before,nasdaq,standard,192,20,1,0,0,0,63000,0,1087759,false,false,0.14503326951987552
before,nasdaq,standard,193,20,2,0,0,0,151000,0,3016723,true,false,0.17916221738549468
before,nasdaq,standard,194,20,1,0,0,0,60000,0,3768281,true,false,0.20008534272954961
before,nasdaq,standard,195,20,3,1,1,25699,210500,0,3057736,true,false,0.1077543463190314
before,nasdaq,standard,196,20,5,3,3,136151,353500,0,1394147,false,false,0.11090701484932967
before,nasdaq,standard,197,20,3,0,0,0,180000,0,36914435,true,false,0.0666661095898223
before,nasdaq,standard,198,20,2,0,0,0,135000,0,614329,false,false,0.2245777101693977
before,nasdaq,standard,199,20,3,0,0,0,220000,0,1356098,false,false,0.14672897817520808
before,nasdaq,standard,200,20,3,0,0,0,175500,0,7279690,true,false,0.1536974499068589
before,nasdaq,standard,201,20,1,0,0,0,110000,0,3542930,true,false,0.17257340655971182
before,nasdaq,standard,202,20,2,0,0,0,135000,0,14709736,true,false,0.06398019949736687
before,nasdaq,standard,203,20,1,0,0,0,99000,0,3421245,true,false,0.14301212701150512
before,nasdaq,standard,204,20,1,0,0,0,40500,0,2080472,false,false,0.1915649971539592
before,nasdaq,standard,205,20,2,0,0,0,144000,0,14328582,true,false,0.11005000407785619
before,nasdaq,standard,206,20,2,0,0,0,108000,0,5608040,true,false,0.14010616518719027
before,nasdaq,standard,207,20,3,0,0,0,234000,0,11422461,true,false,0.10777996176204577
before,nasdaq,standard,208,20,2,0,0,0,140000,0,34854188,true,false,0.08817490588052138
before,nasdaq,standard,209,20,1,0,0,0,45000,0,4836808,true,false,0.14556367223846867
before,nasdaq,standard,210,20,2,0,0,0,103500,0,2198108,false,false,0.2109300535426145
before,nasdaq,standard,211,20,3,0,0,0,251000,0,627178,false,false,0.21164428963593895
before,nasdaq,standard,212,20,3,0,0,0,164500,0,13559164,true,false,0.11055412211479895
before,nasdaq,standard,213,20,3,2,2,71336,214000,0,4036023,true,false,0.07707613686794657
before,nasdaq,standard,214,20,4,0,0,0,274000,0,5007461,true,false,0.16154179685516562
before,nasdaq,standard,215,20,2,0,0,0,121500,0,9004698,true,false,0.14582520628629073
before,nasdaq,standard,216,20,1,0,0,0,54000,0,639912,false,false,0.23874522955025307
before,nasdaq,standard,217,20,1,0,0,0,50000,0,3872828,true,false,0.14364356810886253
before,nasdaq,standard,218,20,2,0,0,0,180000,0,4267844,true,false,0.12741080468854996
before,nasdaq,standard,219,20,1,0,0,0,50000,0,3055170,true,false,0.15143962401359373
before,nasdaq,standard,220,20,3,0,0,0,225000,0,7990032,true,false,0.16886614817981555
before,nasdaq,standard,221,20,2,0,0,0,149000,0,2835574,false,false,0.1980692729617668
before,nasdaq,standard,222,20,2,0,0,0,126000,0,3721022,true,false,0.19463631820323773
before,nasdaq,standard,223,20,1,0,0,0,45000,0,5561150,true,false,0.15615504895515267
before,nasdaq,standard,224,20,2,0,0,0,164000,0,2047724,false,false,0.13250633232358752
before,nasdaq,standard,225,20,3,0,0,0,211000,0,37639865,true,false,0.10820649689793896
before,nasdaq,standard,226,20,2,0,0,0,164000,0,8673703,true,false,0.14834306692668076
before,nasdaq,standard,227,20,2,0,0,0,189000,0,3874245,true,false,0.13984067163804578
before,nasdaq,standard,228,20,1,0,0,0,40500,0,2249222,false,false,0.17717955617716835
before,nasdaq,standard,229,20,2,0,0,0,200000,0,867610,false,false,0.10584577124445471
before,nasdaq,standard,230,20,2,0,0,0,85500,0,1832669,false,false,0.14843434268486355
before,nasdaq,standard,231,20,2,0,0,0,139500,0,6077427,true,false,0.11888737599969486
before,nasdaq,standard,232,20,4,0,0,0,317000,0,3058121,true,false,0.1480326459849674
before,nasdaq,standard,233,20,1,0,0,0,45000,0,1611831,false,false,0.21951222068103626
before,nasdaq,standard,234,20,2,0,0,0,169000,0,2199613,false,false,0.1683380595476276
before,nasdaq,standard,235,20,3,0,0,0,189000,0,1628853,false,false,0.10557035254527061
before,nasdaq,standard,236,20,0,0,0,0,0,0,2639982,false,false,0.1361760009927651
before,nasdaq,standard,237,20,2,0,0,0,105000,0,9232267,true,false,0.11578453069137451
before,nasdaq,standard,238,20,3,0,0,0,198000,0,946883,false,false,0.2099752558087266
before,nasdaq,standard,239,20,1,0,0,0,70000,0,5489087,true,false,0.13582042031110278
before,nasdaq,standard,240,20,1,0,0,0,81000,0,6181265,true,false,0.1555885239048488
before,nasdaq,standard,241,20,1,0,0,0,63000,0,2555030,false,false,0.1687122602440996
before,nasdaq,standard,242,20,2,0,0,0,159000,0,511853,false,false,0.44372324776596106
before,nasdaq,standard,243,20,3,1,1,48362,245000,0,4071092,true,false,0.09182028935436055
before,nasdaq,standard,244,20,2,0,0,0,164000,0,3290802,true,false,0.15249554597726905
before,nasdaq,standard,245,20,3,0,0,0,184500,0,16538246,true,false,0.10955718711109452
before,nasdaq,standard,246,20,2,0,0,0,169000,0,1726906,false,false,0.1414180119839688
before,nasdaq,standard,247,20,2,0,0,0,105000,0,2368644,false,false,0.1802061122640551
before,nasdaq,standard,248,20,1,0,0,0,54000,0,4127308,true,false,0.16318658215454412
before,nasdaq,standard,249,20,2,0,0,0,155000,0,3749369,true,false,0.12323533227867442
before,nasdaq,standard,250,20,0,0,0,0,0,0,4403614,true,false,0.19621871094880863
before,nasdaq,standard,251,20,4,2,2,85067,294500,0,532736,false,false,0.09428654198609601
before,nasdaq,standard,252,20,3,0,0,0,245000,0,1847164,false,false,0.1439738457453837
before,nasdaq,standard,253,20,0,0,0,0,0,0,6096856,true,false,0.13064478233625781
before,nasdaq,standard,254,20,2,0,0,0,90000,0,10773756,true,false,0.14812570385413365
before,nasdaq,standard,255,20,0,0,0,0,0,0,3995411,true,false,0.1140795217817836
before,nasdaq,standard,256,20,3,0,0,0,225000,0,4929792,true,false,0.16785271860463885
before,nasdaq,standard,257,20,2,0,0,0,164000,0,2063661,false,false,0.1179704803184283
before,nasdaq,standard,258,20,4,0,0,0,270500,0,7497198,true,false,0.09778021209421653
before,nasdaq,standard,259,20,2,0,0,0,169000,0,14990967,true,false,0.14714630919078459
before,nasdaq,standard,260,20,2,0,0,0,144000,0,3539789,true,false,0.15566268217684492
before,nasdaq,standard,261,20,2,0,0,0,191000,0,1236477,false,false,0.26877525416364206
before,nasdaq,standard,262,20,2,0,0,0,85500,0,6361565,true,false,0.13680579949621782
before,nasdaq,standard,263,20,4,2,2,33821,238500,0,1605144,false,false,0.07657011500972175
before,nasdaq,standard,264,20,2,0,0,0,130500,0,970499,false,false,0.21535896991400771
before,nasdaq,standard,265,20,4,0,0,0,254500,0,2870306,false,false,0.12940867356616928
before,nasdaq,standard,266,20,2,0,0,0,149000,0,1611117,false,false,0.20001384846190845
before,nasdaq,standard,267,20,3,0,0,0,198000,0,3647777,true,false,0.17730316860452774
before,nasdaq,standard,268,20,3,0,0,0,191000,0,51000655,true,false,0.08203641826510975
before,nasdaq,standard,269,20,4,0,0,0,315000,0,13181144,true,false,0.0997538272781007
before,nasdaq,standard,270,20,3,0,0,0,205000,0,5824457,true,false,0.10936194364594976
before,nasdaq,standard,271,20,2,0,0,0,99000,0,3210294,true,false,0.15181310677646143
before,nasdaq,standard,272,20,1,1,1,15690,110000,0,8258439,true,false,0.07915417142754508
before,nasdaq,standard,273,20,3,0,0,0,210000,0,8199097,true,false,0.11204810856852929
before,nasdaq,standard,274,20,1,0,0,0,60000,0,2367041,false,false,0.17023231186750773
before,nasdaq,standard,275,20,1,0,0,0,99000,0,2453143,false,false,0.23988201996140468
before,nasdaq,standard,276,20,2,0,0,0,123000,0,7314668,true,false,0.11317064822830207
before,nasdaq,standard,277,20,2,0,0,0,189000,0,2124016,false,false,0.1610065492941295
before,nasdaq,standard,278,20,2,0,0,0,141000,0,2137629,false,false,0.15970064483391033
before,nasdaq,standard,279,20,2,0,0,0,170000,0,7394888,true,false,0.1276415003191242
before,nasdaq,standard,280,20,2,0,0,0,141000,0,397592,false,false,0.1838135969136767
before,nasdaq,standard,281,20,2,0,0,0,100500,0,4469315,true,false,0.15866114259551384
before,nasdaq,standard,282,20,1,0,0,0,45000,0,30176404,true,false,0.1001149182981235
before,nasdaq,standard,283,20,5,0,0,0,337500,0,1208358,false,false,0.18365616864493192
before,nasdaq,standard,284,20,3,1,1,2355,250000,0,1901857,false,false,0.10985070695368715
before,nasdaq,standard,285,20,2,0,0,0,191000,0,9614366,true,false,0.1170139046777224
before,nasdaq,standard,286,20,1,0,0,0,90000,0,3278000,true,false,0.12424902252849883
before,nasdaq,standard,287,20,2,0,0,0,124000,0,1372067,false,false,0.17724804436534927
before,nasdaq,standard,288,20,1,0,0,0,54000,0,5080488,true,false,0.15195886535597822
before,nasdaq,standard,289,20,3,2,2,81905,215000,0,23924258,true,false,0.08943729441306221
before,nasdaq,standard,290,20,2,0,0,0,85500,0,4000280,true,false,0.20207510213739002
before,nasdaq,standard,291,20,3,0,0,0,231500,0,1634396,false,false,0.15558249868592147
before,nasdaq,standard,292,20,2,0,0,0,162000,0,673295,false,false,0.27259182737699683
before,nasdaq,standard,293,20,2,0,0,0,104000,0,38132400,true,false,0.06990910343209791
before,nasdaq,standard,294,20,2,0,0,0,141000,0,2953864,false,false,0.14570911459153899
before,nasdaq,standard,295,20,1,0,0,0,50000,0,2042193,false,false,0.17865154409446826
before,nasdaq,standard,296,20,3,0,0,0,163500,0,9279552,true,false,0.11538143853367418
before,nasdaq,standard,297,20,2,0,0,0,90000,0,2683060,false,false,0.14088051245181976
before,nasdaq,standard,298,20,1,0,0,0,60000,0,18757557,true,false,0.08026987709200781
before,nasdaq,standard,299,20,3,0,0,0,259000,0,4265476,true,false,0.18424966889664113
before,nasdaq,standard,300,20,2,0,0,0,130500,0,2250938,false,false,0.2180964177351698
before,nasdaq,standard,301,20,2,0,0,0,124000,0,5585832,true,false,0.1328983155096131
before,nasdaq,standard,302,20,2,0,0,0,144000,0,1771543,false,false,0.1963185930982842
before,nasdaq,standard,303,20,2,0,0,0,85500,0,1252163,false,false,0.20418377499733875
before,nasdaq,standard,304,20,1,0,0,0,45000,0,20716034,true,false,0.14137973244788582
before,nasdaq,standard,305,20,1,0,0,0,81000,0,38882183,true,false,0.12392917381002393
before,nasdaq,standard,306,20,1,0,0,0,70000,0,7568172,true,false,0.10967776746522821
before,nasdaq,standard,307,20,2,0,0,0,90000,0,2420968,false,false,0.16837076037145374
before,nasdaq,standard,308,20,3,0,0,0,204000,0,9097999,true,false,0.13528474858726242
before,nasdaq,standard,309,20,3,0,0,0,139500,0,39300415,true,false,0.09376627590729188
before,nasdaq,standard,310,20,3,0,0,0,207000,0,2017300,false,false,0.15482978878628834
before,nasdaq,standard,311,20,1,0,0,0,54000,0,1211924,false,false,0.20099453293403532
before,nasdaq,standard,312,20,2,0,0,0,135000,0,1875180,false,false,0.13967628076075994
before,nasdaq,standard,313,20,3,0,0,0,233000,0,5553892,true,false,0.1229175201628285
before,nasdaq,standard,314,20,3,0,0,0,189000,0,2659052,false,false,0.1472688852103393
before,nasdaq,standard,315,20,0,0,0,0,0,0,2386176,false,false,0.1874389224819373
before,nasdaq,standard,316,20,2,0,0,0,117000,0,5693538,true,false,0.11405652233223926
before,nasdaq,standard,317,20,2,0,0,0,117000,0,2613468,false,false,0.20062503112663194
before,nasdaq,standard,318,20,2,1,1,51374,150500,0,987241,false,false,0.15283001415722372
before,nasdaq,standard,319,20,2,0,0,0,189000,0,3756794,true,false,0.12167265169717949
before,nasdaq,standard,320,20,3,0,0,0,205000,0,1772798,false,false,0.1652288505372169
before,nasdaq,standard,321,20,3,0,0,0,175000,0,17005146,true,false,0.10448546733871214
before,nasdaq,standard,322,20,4,0,0,0,252000,0,17347254,true,false,0.07211992941266444
before,nasdaq,standard,323,20,2,0,0,0,180000,0,3582389,true,false,0.12387354593794934
before,nasdaq,standard,324,20,3,0,0,0,234000,0,5040525,true,false,0.11742383726555435
before,nasdaq,standard,325,20,1,0,0,0,54000,0,5710435,true,false,0.10854262246959379
before,nasdaq,standard,326,20,2,0,0,0,95000,0,1629867,false,false,0.1515179708743092
before,nasdaq,standard,327,20,1,0,0,0,70000,0,1528207,false,false,0.15080788259816985
before,nasdaq,standard,328,20,3,0,0,0,200500,0,2375052,false,false,0.19426047815675984
before,nasdaq,standard,329,20,2,0,0,0,144000,0,2953738,false,false,0.09833116061639083
before,nasdaq,standard,330,20,1,0,0,0,81000,0,2828776,false,false,0.17932958815606853
before,nasdaq,standard,331,20,2,0,0,0,121500,0,762191,false,false,0.1568331767334214
before,nasdaq,standard,332,20,3,0,0,0,198000,0,1201997,false,false,0.21560707358725134
before,nasdaq,standard,333,20,1,1,1,10000,60000,0,1631258,false,false,0.1374424499210827
before,nasdaq,standard,334,20,2,0,0,0,94500,0,7187912,true,false,0.167790931883162
before,nasdaq,standard,335,20,3,0,0,0,205000,0,20997951,true,false,0.09496199671422541
before,nasdaq,standard,336,20,1,0,0,0,50000,0,2662394,false,false,0.15963472288817032
before,nasdaq,standard,337,20,3,0,0,0,234000,0,2329532,false,false,0.1345528251231771
before,nasdaq,standard,338,20,3,0,0,0,218000,0,3280395,true,false,0.08827454960324727
before,nasdaq,standard,339,20,1,0,0,0,63000,0,8228136,true,false,0.1223244057336716
before,nasdaq,standard,340,20,0,0,0,0,0,0,2642233,false,false,0.13357582233823184
before,nasdaq,standard,341,20,2,0,0,0,144000,0,3051420,true,false,0.21123876815291315
before,nasdaq,standard,342,20,1,0,0,0,110000,0,1991217,false,false,0.17071153521138516
before,nasdaq,standard,343,20,3,0,0,0,149000,0,15758280,true,false,0.1160251211214346
before,nasdaq,standard,344,20,3,0,0,0,212000,0,11718124,true,false,0.09710137275164026
before,nasdaq,standard,345,20,2,0,0,0,130500,0,18944620,true,false,0.07206773098319225
before,nasdaq,standard,346,20,2,0,0,0,144000,0,3376552,true,false,0.14736608271691604
before,nasdaq,standard,347,20,2,1,1,4912,135000,0,6629551,true,false,0.0757286288338917
before,nasdaq,standard,348,20,3,0,0,0,168000,0,1761352,false,false,0.14768632617225524
before,nasdaq,standard,349,20,2,1,1,8857,144000,0,1831747,false,false,0.1597219011689108
before,nasdaq,standard,350,20,2,0,0,0,149000,0,2461536,false,false,0.17167611366170935
before,nasdaq,standard,351,20,1,0,0,0,81000,0,3110829,true,false,0.19980174789005173
before,nasdaq,standard,352,20,4,1,1,2995,246000,0,960200,false,false,0.11754943022164872
before,nasdaq,standard,353,20,2,0,0,0,153000,0,26839638,true,false,0.06863100964977616
before,nasdaq,standard,354,20,2,2,2,16682,160000,0,7959185,true,false,0.11848103591914053
before,nasdaq,standard,355,20,0,0,0,0,0,0,4999402,true,false,0.17162667834340908
before,nasdaq,standard,356,20,1,0,0,0,63000,0,2572391,false,false,0.13854244535819088
before,nasdaq,standard,357,20,1,0,0,0,110000,0,7614631,true,false,0.10697751246350554
before,nasdaq,standard,358,20,2,0,0,0,191000,0,2640895,false,false,0.1490253001513407
before,nasdaq,standard,359,20,2,0,0,0,144000,0,1220806,false,false,0.15510957194515662
before,nasdaq,standard,360,20,3,0,0,0,148500,0,10124480,true,false,0.13262844038825763
before,nasdaq,standard,361,20,5,0,0,0,288000,0,4294745,true,false,0.11225173441095133
before,nasdaq,standard,362,20,1,0,0,0,90000,0,2024023,false,false,0.16215741528758443
before,nasdaq,standard,363,20,3,0,0,0,240000,0,3411408,true,false,0.26484553882077233
before,nasdaq,standard,364,20,3,0,0,0,189000,0,16110710,true,false,0.15045849811807455
before,nasdaq,standard,365,20,1,0,0,0,70000,0,2623918,false,false,0.18061217202583912
before,nasdaq,standard,366,20,2,0,0,0,153000,0,6241297,true,false,0.10201110464341342
before,nasdaq,standard,367,20,0,0,0,0,0,0,3640152,true,false,0.16324547583570942
before,nasdaq,standard,368,20,0,0,0,0,0,0,4643386,true,false,0.12394294645058504
before,nasdaq,standard,369,20,1,0,0,0,60000,0,5357526,true,false,0.20629945546907552
before,nasdaq,standard,370,20,2,0,0,0,189000,0,6037899,true,false,0.10723190460799954
before,nasdaq,standard,371,20,1,0,0,0,54000,0,3573177,true,false,0.20556761166236542
before,nasdaq,standard,372,20,2,0,0,0,139500,0,2170450,false,false,0.1598284799932408
before,nasdaq,standard,373,20,2,0,0,0,105000,0,2527626,false,false,0.17339037396491905
before,nasdaq,standard,374,20,3,0,0,0,199500,0,8702745,true,false,0.1161228837175023
before,nasdaq,standard,375,20,3,0,0,0,189000,0,3073544,true,false,0.11745060739952592
before,nasdaq,standard,376,20,1,1,1,43856,110000,0,5369936,true,false,0.13860373001703707
before,nasdaq,standard,377,20,3,2,2,58604,220500,0,646778,false,false,0.22059953000750565
before,nasdaq,standard,378,20,2,0,0,0,144000,0,3472964,true,false,0.18221889344669445
before,nasdaq,standard,379,20,2,0,0,0,144000,0,19114397,true,false,0.13686696849463725
before,nasdaq,standard,380,20,3,0,0,0,195000,0,2240946,false,false,0.37278463896873687
before,nasdaq,standard,381,20,2,0,0,0,115000,0,3083797,true,false,0.12195630634397714
before,nasdaq,standard,382,20,2,0,0,0,149000,0,12816604,true,false,0.10162877229769754
before,nasdaq,standard,383,20,2,0,0,0,160000,0,3189214,true,false,0.17755570772099322
before,nasdaq,standard,384,20,2,0,0,0,200000,0,1398284,false,false,0.11877474053229271
before,nasdaq,standard,385,20,1,0,0,0,90000,0,1655500,false,false,0.1611328301223363
before,nasdaq,standard,386,20,1,0,0,0,45000,0,27306625,true,false,0.14291462361493204
before,nasdaq,standard,387,20,1,0,0,0,81000,0,10471481,true,false,0.14901630565409085
before,nasdaq,standard,388,20,1,0,0,0,60000,0,5008058,true,false,0.13223228842474546
before,nasdaq,standard,389,20,2,0,0,0,159000,0,1759428,false,false,0.20127486304978168
before,nasdaq,standard,390,20,1,0,0,0,63000,0,2036400,false,false,0.16403492399657466
before,nasdaq,standard,391,20,2,0,0,0,144000,0,9364597,true,false,0.12790188949366146
before,nasdaq,standard,392,20,1,0,0,0,45000,0,2723846,false,false,0.15530531993672994
before,nasdaq,standard,393,20,3,0,0,0,202500,0,9747629,true,false,0.10442185664538917
before,nasdaq,standard,394,20,1,0,0,0,45000,0,30210077,true,false,0.10910649033404722
before,nasdaq,standard,395,20,1,0,0,0,54000,0,703801,false,false,0.22473003109879564
before,nasdaq,standard,396,20,1,0,0,0,99000,0,2724279,false,false,0.14661032338532504
before,nasdaq,standard,397,20,1,0,0,0,81000,0,4621878,true,false,0.13840888912877874
before,nasdaq,standard,398,20,3,0,0,0,170500,0,6403111,true,false,0.11424795807792276
before,nasdaq,standard,399,20,2,0,0,0,115000,0,1154207,false,false,0.1846380152211112
before,nasdaq,standard,400,20,2,0,0,0,99000,0,27726335,true,false,0.11487720694886819
before,nasdaq,standard,401,20,1,0,0,0,110000,0,11614664,true,false,0.13471160642829255
before,nasdaq,standard,402,20,3,1,1,1000,204000,0,3806039,true,false,0.0743517825542957
before,nasdaq,standard,403,20,3,0,0,0,175500,0,42274339,true,false,0.06796233401909442
before,nasdaq,standard,404,20,1,0,0,0,90000,0,3792085,true,false,0.18512679642657476
before,nasdaq,standard,405,20,1,0,0,0,45000,0,1177660,false,false,0.16231404324894555
before,nasdaq,standard,406,20,3,0,0,0,230000,0,20293690,true,false,0.11054678594591127
before,nasdaq,standard,407,20,4,2,2,5016,229500,0,13476350,true,false,0.07710662959262217
before,nasdaq,standard,408,20,2,2,2,40315,191000,0,4726071,true,false,0.09349380566354223
before,nasdaq,standard,409,20,0,0,0,0,0,0,2461706,false,false,0.16537928865886198
before,nasdaq,standard,410,20,2,0,0,0,135000,0,2637290,false,false,0.12075327157117155
before,nasdaq,standard,411,20,2,0,0,0,162000,0,2756855,false,false,0.1857766671533912
before,nasdaq,standard,412,20,1,0,0,0,40500,0,7436806,true,false,0.14063204698623893
before,nasdaq,standard,413,20,3,0,0,0,229000,0,2338166,false,false,0.12291513249643789
before,nasdaq,standard,414,20,1,0,0,0,110000,0,42408011,true,false,0.11216220916145783
before,nasdaq,standard,415,20,1,0,0,0,70000,0,10271038,true,false,0.14883616940318017
before,nasdaq,standard,416,20,1,0,0,0,70000,0,5415638,true,false,0.14290850714570807
before,nasdaq,standard,417,20,3,0,0,0,205000,0,2302238,false,false,0.18638631296340025
before,nasdaq,standard,418,20,2,0,0,0,135000,0,10812267,true,false,0.09603820651423722
before,nasdaq,standard,419,20,1,0,0,0,50000,0,847710,false,false,0.14661235845602066
before,nasdaq,standard,420,20,4,0,0,0,285000,0,5331576,true,false,0.18993306884037858
before,nasdaq,standard,421,20,3,0,0,0,245000,0,621018,false,false,0.1982118929494959
before,nasdaq,standard,422,20,3,0,0,0,240500,0,301158,false,false,0.20289156187770613
before,nasdaq,standard,423,20,3,3,3,146097,220500,0,265342,false,false,0.15163273201695698
before,nasdaq,standard,424,20,4,0,0,0,229500,0,1196040,false,false,0.15623689609166552
before,nasdaq,standard,425,20,2,0,0,0,153000,0,2287244,false,false,0.1752310627042702
before,nasdaq,standard,426,20,2,0,0,0,99000,0,47842208,true,false,0.09656584443472493
before,nasdaq,standard,427,20,1,0,0,0,110000,0,995514,false,false,0.2488062014735044
before,nasdaq,standard,428,20,0,0,0,0,0,0,8631108,true,false,0.14046359943211906
before,nasdaq,standard,429,20,2,0,0,0,99000,0,3043623,true,false,0.1608142732719143
before,nasdaq,standard,430,20,3,0,0,0,171000,0,5007544,true,false,0.14552783002313122
before,nasdaq,standard,431,20,3,0,0,0,218000,0,1952344,false,false,0.17781793290732525
before,nasdaq,standard,432,20,1,0,0,0,99000,0,2266391,false,false,0.22290881402768542
before,nasdaq,standard,433,20,0,0,0,0,0,0,9437022,true,false,0.10542952609759118
before,nasdaq,standard,434,20,3,0,0,0,218000,0,4197872,true,false,0.12054823864963982
before,nasdaq,standard,435,20,1,0,0,0,45000,0,9761309,true,false,0.1280222049705781
before,nasdaq,standard,436,20,2,0,0,0,121500,0,941837,false,false,0.17299528138903605
before,nasdaq,standard,437,20,1,0,0,0,70000,0,1623209,false,false,0.23876569894442595
before,nasdaq,standard,438,20,2,0,0,0,144000,0,3480690,true,false,0.15686234626173265
before,nasdaq,standard,439,20,4,0,0,0,290000,0,14184193,true,false,0.07708577062373265
before,nasdaq,standard,440,20,2,0,0,0,149000,0,6384672,true,false,0.14035356556229142
before,nasdaq,standard,441,20,3,0,0,0,240000,0,7486147,true,false,0.16071112675204527
before,nasdaq,standard,442,20,2,0,0,0,120000,0,721905,false,false,0.16461273656809
before,nasdaq,standard,443,20,2,0,0,0,139500,0,1569491,false,false,0.2520990658995391
before,nasdaq,standard,444,20,3,1,1,42500,214000,0,2760965,false,false,0.11047131133375562
before,nasdaq,standard,445,20,0,0,0,0,0,0,8391395,true,false,0.1460117500048847
before,nasdaq,standard,446,20,5,1,1,4094,288000,0,575135,false,false,0.12713742028230413
before,nasdaq,standard,447,20,1,0,0,0,110000,0,550396,false,false,0.2011546650017852
before,nasdaq,standard,448,20,3,0,0,0,205000,0,1226555,false,false,0.12764381397004335
before,nasdaq,standard,449,20,2,0,0,0,105000,0,1743841,false,false,0.16253017944520803
before,nasdaq,standard,450,20,2,0,0,0,99000,0,1417511,false,false,0.19931344715944724
before,nasdaq,standard,451,20,2,0,0,0,150500,0,6778248,true,false,0.122939239519637
before,nasdaq,standard,452,20,1,0,0,0,45000,0,3677994,true,false,0.11668036846393981
before,nasdaq,standard,453,20,2,0,0,0,85500,0,10017590,true,false,0.14008781791526698
before,nasdaq,standard,454,20,0,0,0,0,0,0,3659084,true,false,0.18654173229286902
before,nasdaq,standard,455,20,3,0,0,0,225000,0,10745545,true,false,0.15153008304603316
before,nasdaq,standard,456,20,2,0,0,0,95000,0,7628640,true,false,0.13736913896876368
before,nasdaq,standard,457,20,3,0,0,0,216000,0,3715478,true,false,0.07156842979390261
before,nasdaq,standard,458,20,3,0,0,0,252000,0,1639958,false,false,0.1413109224901439
before,nasdaq,standard,459,20,1,0,0,0,50000,0,2197231,false,false,0.15710537808683245
before,nasdaq,standard,460,20,0,0,0,0,0,0,16502184,true,false,0.10446229621162291
before,nasdaq,standard,461,20,4,0,0,0,226500,0,4408156,true,false,0.11723398767799412
before,nasdaq,standard,462,20,2,0,0,0,108000,0,20934861,true,false,0.11593744236891075
before,nasdaq,standard,463,20,2,0,0,0,104000,0,1982574,false,false,0.17127836439847613
before,nasdaq,standard,464,20,2,0,0,0,120000,0,1198113,false,false,0.20524183294624057
before,nasdaq,standard,465,20,2,0,0,0,141000,0,2534900,false,false,0.1509270987987851
before,nasdaq,standard,466,20,2,0,0,0,94500,0,1393747,false,false,0.17015762583608685
before,nasdaq,standard,467,20,0,0,0,0,0,0,1388874,false,false,0.2002285979213191
before,nasdaq,standard,468,20,2,0,0,0,160000,0,2152787,false,false,0.1663455054182716
before,nasdaq,standard,469,20,3,0,0,0,245000,0,1889596,false,false,0.0760271712572386
before,nasdaq,standard,470,20,2,0,0,0,130500,0,9874851,true,false,0.10558054266880959
before,nasdaq,standard,471,20,2,1,1,20000,151000,0,1235009,false,false,0.12141746107789467
before,nasdaq,standard,472,20,3,0,0,0,212000,0,3223248,true,false,0.16586655622594665
before,nasdaq,standard,473,20,1,0,0,0,45000,0,6338766,true,false,0.16505646029984505
before,nasdaq,standard,474,20,2,0,0,0,110000,0,4930801,true,false,0.16148457684253398
before,nasdaq,standard,475,20,2,0,0,0,123000,0,3321582,true,false,0.1631850472219259
before,nasdaq,standard,476,20,2,0,0,0,95000,0,13728730,true,false,0.09491078431227812
before,nasdaq,standard,477,20,2,0,0,0,200000,0,9523895,true,false,0.12243068332966249
before,nasdaq,standard,478,20,2,0,0,0,189000,0,1735008,false,false,0.16004992938248438
before,nasdaq,standard,479,20,1,0,0,0,45000,0,3800911,true,false,0.14013840339588995
before,nasdaq,standard,480,20,2,0,0,0,153000,0,13163254,true,false,0.15050933558137494
before,nasdaq,standard,481,20,2,0,0,0,99000,0,9918219,true,false,0.12770126012577207
before,nasdaq,standard,482,20,3,0,0,0,223000,0,5979823,true,false,0.1289429887216714
before,nasdaq,standard,483,20,2,0,0,0,169000,0,18409027,true,false,0.08040906186370599
before,nasdaq,standard,484,20,2,0,0,0,164000,0,7137426,true,false,0.12742171186363427
before,nasdaq,standard,485,20,1,0,0,0,70000,0,16216345,true,false,0.1091407398798699
before,nasdaq,standard,486,20,3,1,1,11214,223000,0,3570996,true,false,0.18862771008277004
before,nasdaq,standard,487,20,0,0,0,0,0,0,7851700,true,false,0.10204505918890783
before,nasdaq,standard,488,20,4,0,0,0,268000,0,7959630,true,false,0.14283463133806287
before,nasdaq,standard,489,20,3,0,0,0,180000,0,29175278,true,false,0.09157308643702217
before,nasdaq,standard,490,20,4,0,0,0,320000,0,1996134,false,false,0.10422058135649419
before,nasdaq,standard,491,20,3,0,0,0,189000,0,1261396,false,false,0.11733407477586573
before,nasdaq,standard,492,20,4,0,0,0,300500,0,5310883,true,false,0.09109221331040114
before,nasdaq,standard,493,20,3,0,0,0,171000,0,1942059,false,false,0.24809553241615406
before,nasdaq,standard,494,20,2,0,0,0,153000,0,3766836,true,false,0.1617366506685276
before,nasdaq,standard,495,20,1,0,0,0,45000,0,1221033,false,false,0.20236896161240056
before,nasdaq,standard,496,20,2,0,0,0,159000,0,16756048,true,false,0.11896845962421665
before,nasdaq,standard,497,20,3,0,0,0,270000,0,10015738,true,false,0.140846039636041
before,nasdaq,standard,498,20,3,0,0,0,191500,0,3655437,true,false,0.09530549897707952
before,nasdaq,standard,499,20,1,0,0,0,110000,0,2362097,false,false,0.11539295538233765
before,nasdaq,standard,500,20,2,0,0,0,155000,0,2032721,false,false,0.1199785203621859
before,nasdaq,standard,501,20,3,0,0,0,205000,0,7166523,true,false,0.10451433398736074
before,nasdaq,standard,502,20,4,0,0,0,284000,0,6456610,true,false,0.12541665410520714
before,nasdaq,standard,503,20,2,0,0,0,155000,0,12173004,true,false,0.15497376623644843
before,nasdaq,standard,504,20,3,0,0,0,254000,0,1286319,false,false,0.14792139233727672
before,nasdaq,standard,505,20,2,0,0,0,135000,0,3571470,true,false,0.17202486311942922
before,nasdaq,standard,506,20,2,0,0,0,105000,0,4536496,true,false,0.14831097510051486
before,nasdaq,standard,507,20,2,0,0,0,121500,0,18802228,true,false,0.08562787237851707
before,nasdaq,standard,508,20,3,0,0,0,259000,0,4221362,true,false,0.09866276098573554
before,nasdaq,standard,509,20,1,0,0,0,99000,0,3026197,true,false,0.16950730018038462
before,nasdaq,standard,510,20,1,0,0,0,110000,0,5667451,true,false,0.15769611452206483
before,nasdaq,standard,511,20,1,0,0,0,45000,0,1776691,false,false,0.19677534300971583
before,nasdaq,standard,512,20,2,0,0,0,105000,0,8384227,true,false,0.15440536829466528
before,nasdaq,standard,513,20,3,0,0,0,162000,0,706088,false,false,0.13060034110389243
before,nasdaq,standard,514,20,1,0,0,0,70000,0,6863548,true,false,0.15006739953341355
before,nasdaq,standard,515,20,3,0,0,0,240000,0,3481398,true,false,0.1385288292785708
before,nasdaq,standard,516,20,2,1,1,46320,155000,0,2509835,false,false,0.15535898374491958
before,nasdaq,standard,517,20,2,0,0,0,144000,0,2249503,false,false,0.15905022158422896
before,nasdaq,standard,518,20,1,0,0,0,81000,0,747323,false,false,0.22565596270653826
before,nasdaq,standard,519,20,1,0,0,0,81000,0,6025095,true,false,0.10796552187286675
before,nasdaq,standard,520,20,2,0,0,0,135000,0,701968,false,false,0.18952151125367467
before,nasdaq,standard,521,20,1,0,0,0,45000,0,6855867,true,false,0.13450085982090565
before,nasdaq,standard,522,20,4,1,1,20000,285500,0,2349488,false,false,0.10063054972810703
before,nasdaq,standard,523,20,2,0,0,0,108000,0,2565429,false,false,0.17528531368809167
before,nasdaq,standard,524,20,3,0,0,0,212000,0,3328819,true,false,0.14163499093234252
before,nasdaq,standard,525,20,0,0,0,0,0,0,1021322,false,false,0.19512196001992022
before,nasdaq,standard,526,20,4,1,1,43825,258000,0,1082804,false,false,0.06679512252213429
before,nasdaq,standard,527,20,3,0,0,0,210000,0,8457445,true,false,0.09896566687302033
before,nasdaq,standard,528,20,1,0,0,0,45000,0,356875,false,false,0.2514464267165471
before,nasdaq,standard,529,20,2,0,0,0,130500,0,2273225,false,false,0.1117129180297864
before,nasdaq,standard,530,20,4,0,0,0,313000,0,1377672,false,false,0.17344188374899538
before,nasdaq,standard,531,20,1,0,0,0,45000,0,9904365,true,false,0.12210898340891456
before,nasdaq,standard,532,20,2,0,0,0,126000,0,847500,false,false,0.2167303629136576
before,nasdaq,standard,533,20,1,0,0,0,45000,0,5160034,true,false,0.18135015935655427
before,nasdaq,standard,534,20,3,0,0,0,200000,0,10291432,true,false,0.11706109637903758
before,nasdaq,standard,535,20,2,0,0,0,99000,0,1090175,false,false,0.1350225661549454
before,nasdaq,standard,536,20,0,0,0,0,0,0,5423246,true,false,0.1625215374166727
before,nasdaq,standard,537,20,1,0,0,0,81000,0,12910769,true,false,0.17580036985092798
before,nasdaq,standard,538,20,2,0,0,0,126000,0,12791165,true,false,0.1549410519986336
before,nasdaq,standard,539,20,1,0,0,0,110000,0,30238495,true,false,0.1269974564338235
before,nasdaq,standard,540,20,4,3,3,64501,304000,0,3685764,true,false,0.13672182364615298
before,nasdaq,standard,541,20,3,0,0,0,175500,0,27235097,true,false,0.08880662809101456
before,nasdaq,standard,542,20,1,0,0,0,60000,0,2089842,false,false,0.1514153025876243
before,nasdaq,standard,543,20,4,0,0,0,207000,0,3348386,true,false,0.15368597767155376
before,nasdaq,standard,544,20,0,0,0,0,0,0,4847776,true,false,0.12850522675731874
before,nasdaq,standard,545,20,2,1,1,31560,169000,0,1323856,false,false,0.12650058366413983
before,nasdaq,standard,546,20,0,0,0,0,0,0,1382134,false,false,0.23428195367699572
before,nasdaq,standard,547,20,3,0,0,0,166500,0,2756249,false,false,0.1644182348146946
before,nasdaq,standard,548,20,2,0,0,0,159000,0,8873329,true,false,0.10411042559778878
before,nasdaq,standard,549,20,2,0,0,0,110500,0,1880491,false,false,0.20359235994874653
before,nasdaq,standard,550,20,2,0,0,0,110500,0,1820546,false,false,0.1541196982274174
before,nasdaq,standard,551,20,1,0,0,0,50000,0,2223534,false,false,0.2792196830464383
before,nasdaq,standard,552,20,2,0,0,0,100500,0,4514199,true,false,0.15685738726249382
before,nasdaq,standard,553,20,4,0,0,0,245500,0,14817077,true,false,0.09900227057727373
before,nasdaq,standard,554,20,3,0,0,0,204000,0,7733146,true,false,0.09425384127012638
before,nasdaq,standard,555,20,1,0,0,0,45000,0,2290516,false,false,0.13100034886750794
before,nasdaq,standard,556,20,0,0,0,0,0,0,6766200,true,false,0.15770663646739325
before,nasdaq,standard,557,20,1,0,0,0,90000,0,2519858,false,false,0.1667203047106294
before,nasdaq,standard,558,20,2,0,0,0,200000,0,5799407,true,false,0.08776570699632613
before,nasdaq,standard,559,20,1,0,0,0,70000,0,3519160,true,false,0.13449062123021846
before,nasdaq,standard,560,20,3,0,0,0,219000,0,2645547,false,false,0.12229843479710112
before,nasdaq,standard,561,20,0,0,0,0,0,0,8491619,true,false,0.11574925903824644
before,nasdaq,standard,562,20,3,0,0,0,198000,0,4386627,true,false,0.1523884622670652
before,nasdaq,standard,563,20,0,0,0,0,0,0,1736847,false,false,0.14860527420525332
before,nasdaq,standard,564,20,1,0,0,0,45000,0,1480617,false,false,0.25178836766715196
before,nasdaq,standard,565,20,4,0,0,0,272000,0,7297356,true,false,0.12406321662489272
before,nasdaq,standard,566,20,1,0,0,0,40500,0,14726153,true,false,0.12059140735586418
before,nasdaq,standard,567,20,2,1,1,50978,140000,0,2345580,false,false,0.17506231785021303
before,nasdaq,standard,568,20,1,0,0,0,45000,0,7902117,true,false,0.13088459717887596
before,nasdaq,standard,569,20,1,0,0,0,70000,0,10639853,true,false,0.15872963854010197
before,nasdaq,standard,570,20,1,0,0,0,81000,0,1654565,false,false,0.22365655471478255
before,nasdaq,standard,571,20,3,0,0,0,214000,0,31992259,true,false,0.11976787606158765
before,nasdaq,standard,572,20,4,0,0,0,225500,0,7698495,true,false,0.05522920608186471
before,nasdaq,standard,573,20,2,0,0,0,90500,0,10305069,true,false,0.12602178560779195
before,nasdaq,standard,574,20,1,0,0,0,110000,0,3969991,true,false,0.13029415336507938
before,nasdaq,standard,575,20,2,0,0,0,131000,0,7846246,true,false,0.14478441322017693
before,nasdaq,standard,576,20,2,0,0,0,191000,0,1033951,false,false,0.17577287762498123
before,nasdaq,standard,577,20,2,0,0,0,149000,0,5098426,true,false,0.16043456003543966
before,nasdaq,standard,578,20,2,1,1,18452,149000,0,1398220,false,false,0.18040253514136206
before,nasdaq,standard,579,20,1,0,0,0,54000,0,2868524,false,false,0.10550831392205373
before,nasdaq,standard,580,20,0,0,0,0,0,0,5993711,true,false,0.09550274376638998
before,nasdaq,standard,581,20,3,2,2,20706,250000,0,2039451,false,false,0.11640779214660986
before,nasdaq,standard,582,20,2,0,0,0,169000,0,2252341,false,false,0.30264697606764657
before,nasdaq,standard,583,20,3,0,0,0,157500,0,2969505,false,false,0.13147828950316176
before,nasdaq,standard,584,20,2,0,0,0,180000,0,2499996,false,false,0.17814932555628488
before,nasdaq,standard,585,20,4,0,0,0,268000,0,6830454,true,false,0.11982541758261578
before,nasdaq,standard,586,20,1,0,0,0,63000,0,4651656,true,false,0.1184801004561733
before,nasdaq,standard,587,20,2,0,0,0,160000,0,916298,false,false,0.1559431369832686
before,nasdaq,standard,588,20,2,0,0,0,189000,0,6032167,true,false,0.15014399164493983
before,nasdaq,standard,589,20,3,1,1,46490,205000,0,3274662,true,false,0.08330505399765402
before,nasdaq,standard,590,20,3,0,0,0,180000,0,14386086,true,false,0.10073230497276806
before,nasdaq,standard,591,20,2,0,0,0,123000,0,1717897,false,false,0.19685240479038701
before,nasdaq,standard,592,20,4,0,0,0,261000,0,3898172,true,false,0.18288297032432327
before,nasdaq,standard,593,20,1,0,0,0,81000,0,4252886,true,false,0.11032735237717298
before,nasdaq,standard,594,20,3,2,2,15242,194000,0,1112532,false,false,0.15726598907964717
before,nasdaq,standard,595,20,1,0,0,0,70000,0,4732363,true,false,0.17244182300502303
before,nasdaq,standard,596,20,0,0,0,0,0,0,33758240,true,false,0.10064436906299952
before,nasdaq,standard,597,20,2,0,0,0,189000,0,2010230,false,false,0.1332437319180533
before,nasdaq,standard,598,20,1,0,0,0,54000,0,2530876,false,false,0.11201546268290277
before,nasdaq,standard,599,20,2,0,0,0,103500,0,6031399,true,false,0.12249420346392417
before,nasdaq,invest,0,20,2,2,2,108898,135000,0,2889440,false,false,0.029633470900481414
before,nasdaq,invest,1,20,1,1,1,53466,81000,0,7502489,true,false,0.026644926136059826
before,nasdaq,invest,2,20,1,1,1,88795,99000,0,4850354,true,false,0.025026538898518906
before,nasdaq,invest,3,20,2,2,2,75260,99000,0,2116985,false,false,0.020134706182873417
before,nasdaq,invest,4,20,1,1,1,57500,70000,0,3894463,true,false,0.027660007930602443
before,nasdaq,invest,5,20,1,1,1,82468,90000,0,2301088,false,false,0.02775795953902453
before,nasdaq,invest,6,20,3,3,3,148000,200500,0,1326811,false,false,0.016303783872114123
before,nasdaq,invest,7,14,3,3,3,102761,106901,0,0,false,true,0.13696689645397445
before,nasdaq,invest,8,20,1,1,1,48684,63000,0,1176612,false,false,0.03656761557680135
before,nasdaq,invest,9,20,2,2,2,119684,139500,0,3216037,true,false,0.019055515316226904
before,nasdaq,invest,10,20,2,2,2,151840,160000,0,1349835,false,false,0.03909361103446203
before,nasdaq,invest,11,20,2,2,2,82928,110000,0,654817,false,false,0.05522544255367482
before,nasdaq,invest,12,20,2,2,2,125865,150500,0,654434,false,false,0.02547706159594173
before,nasdaq,invest,13,20,2,2,2,74199,90500,0,4717854,true,false,0.026682786479797348
before,nasdaq,invest,14,20,0,0,0,0,0,0,1384065,false,false,0.038672886026988845
before,nasdaq,invest,15,20,1,1,1,79104,99000,0,1880729,false,false,0.024839921539532357
before,nasdaq,invest,16,20,2,2,2,79087,94500,0,1286951,false,false,0.026612270134764183
before,nasdaq,invest,17,20,2,2,2,115448,126000,0,5170592,true,false,0.020442644770990274
before,nasdaq,invest,18,20,4,4,4,143721,234500,0,3488212,true,false,0.01642782577774928
before,nasdaq,invest,19,20,2,2,2,62878,99000,0,4791558,true,false,0.015857368711203395
before,nasdaq,invest,20,20,2,2,2,149365,160000,0,580796,false,false,0.049838317987713
before,nasdaq,invest,21,20,3,2,2,94688,155000,0,4739030,true,false,0.027071264083509804
before,nasdaq,invest,22,20,4,4,4,220555,248000,0,1259524,false,false,0.016561730908655967
before,nasdaq,invest,23,20,1,1,1,26543,40500,0,2020955,false,false,0.023548911311772353
before,nasdaq,invest,24,20,3,1,1,37106,144000,0,3590612,true,false,0.03565633123449377
before,nasdaq,invest,25,20,1,1,1,46719,50000,0,1563851,false,false,0.02640618615331656
before,nasdaq,invest,26,20,0,0,0,0,0,0,1008388,false,false,0.07603725458241839
before,nasdaq,invest,27,20,1,1,1,88594,90000,0,966853,false,false,0.024587799946924685
before,nasdaq,invest,28,20,2,2,2,162079,169000,0,707359,false,false,0.023450163878773835
before,nasdaq,invest,29,20,1,1,1,34438,63000,0,2095639,false,false,0.026673790754825944
before,nasdaq,invest,30,20,1,1,1,19298,81000,0,3627001,true,false,0.0228743952113364
before,nasdaq,invest,31,20,1,1,1,89219,90000,0,2611955,false,false,0.02264555027835339
before,nasdaq,invest,32,20,4,4,4,188457,252500,0,428951,false,false,0.06189240103566326
before,nasdaq,invest,33,20,0,0,0,0,0,0,1437522,false,false,0.02488672191208935
before,nasdaq,invest,34,20,1,1,1,69814,81000,0,1529831,false,false,0.019575140554864298
before,nasdaq,invest,35,20,2,2,2,119656,135000,0,2066007,false,false,0.023619719057157658
before,nasdaq,invest,36,20,1,1,1,86875,90000,0,1907952,false,false,0.02417489062547898
before,nasdaq,invest,37,20,1,1,1,36882,45000,0,916270,false,false,0.02178065098812977
before,nasdaq,invest,38,20,3,3,3,80593,157500,0,3019289,true,false,0.027402623060551516
before,nasdaq,invest,39,20,2,2,2,114225,135000,0,898657,false,false,0.06195123521656504
before,nasdaq,invest,40,20,1,1,1,19593,40500,0,6252508,true,false,0.022198130703384104
before,nasdaq,invest,41,20,2,1,1,59874,173000,0,1551095,false,false,0.03789182520510773
before,nasdaq,invest,42,20,2,2,2,63042,105000,0,1245706,false,false,0.02633581592248228
before,nasdaq,invest,43,20,3,3,3,168401,204000,0,2302216,false,false,0.02290402774246636
before,nasdaq,invest,44,20,2,2,2,140490,164000,0,4658109,true,false,0.016274747449480216
before,nasdaq,invest,45,20,3,3,3,207999,220500,0,362627,false,false,0.0651265007621594
before,nasdaq,invest,46,20,2,2,2,108253,124000,0,197422,false,false,0.0609421361514071
before,nasdaq,invest,47,20,1,1,1,40478,54000,0,1282336,false,false,0.03187556489034632
before,nasdaq,invest,48,20,2,2,2,116010,126000,0,1149247,false,false,0.03034587503543313
before,nasdaq,invest,49,20,3,3,3,151007,166500,0,482445,false,false,0.0489717077985653
before,nasdaq,invest,50,20,2,2,2,67473,105000,0,4139747,true,false,0.02003295457684701
before,nasdaq,invest,51,20,0,0,0,0,0,0,5964868,true,false,0.01915109943140652
before,nasdaq,invest,52,20,1,0,0,0,50000,0,1573740,false,false,0.03373759057953564
before,nasdaq,invest,53,20,2,1,1,36187,164000,0,2514149,false,false,0.020478953663078853
before,nasdaq,invest,54,20,2,2,2,137500,150000,0,5468742,true,false,0.020318081545623375
before,nasdaq,invest,55,20,3,3,3,119320,145500,0,527976,false,false,0.06485753201569537
before,nasdaq,invest,56,20,1,1,1,27419,63000,0,3763112,true,false,0.01945946185095341
before,nasdaq,invest,57,20,0,0,0,0,0,0,1185069,false,false,0.04312849082690137
before,nasdaq,invest,58,20,3,3,3,191107,215000,0,1757529,false,false,0.02970485637028253
before,nasdaq,invest,59,20,2,2,2,48287,105000,0,6339225,true,false,0.02471789447915028
before,nasdaq,invest,60,20,4,3,3,160401,314000,0,8336169,true,false,0.026142130878488788
before,nasdaq,invest,61,20,4,2,2,130199,290500,0,5444255,true,false,0.022199818392261046
before,nasdaq,invest,62,20,0,0,0,0,0,0,3090085,true,false,0.030145911752504112
before,nasdaq,invest,63,20,1,1,1,47818,54000,0,1682758,false,false,0.043829647769693295
before,nasdaq,invest,64,20,2,2,2,94142,135000,0,13990979,true,false,0.02601561757916913
before,nasdaq,invest,65,20,3,3,3,171486,195000,0,3219469,true,false,0.02915002916487821
before,nasdaq,invest,66,20,1,1,1,41667,45000,0,1551163,false,false,0.025760242695662423
before,nasdaq,invest,67,13,2,2,2,139992,149695,0,0,false,true,0.12681245908121241
before,nasdaq,invest,68,20,1,1,1,66719,70000,0,8471934,true,false,0.028775433098680202
before,nasdaq,invest,69,20,3,3,3,98024,162000,0,2375760,false,false,0.02645538180827184
before,nasdaq,invest,70,20,1,1,1,66687,70000,0,2009603,false,false,0.028035572899408816
before,nasdaq,invest,71,20,4,4,4,196426,209500,0,1667086,false,false,0.030296357886870833
before,nasdaq,invest,72,20,3,3,3,118043,167000,0,7688336,true,false,0.01886868538516416
before,nasdaq,invest,73,20,2,2,2,82061,95000,0,1224473,false,false,0.026817724102206758
before,nasdaq,invest,74,20,3,3,3,130589,205000,0,446896,false,false,0.03296044759717712
before,nasdaq,invest,75,20,1,1,1,26166,40500,0,1555585,false,false,0.035040596846458556
before,nasdaq,invest,76,20,2,2,2,154239,189000,0,2456889,false,false,0.02719183171835472
before,nasdaq,invest,77,20,2,2,2,141211,151000,0,3081900,true,false,0.02694852033833442
before,nasdaq,invest,78,20,0,0,0,0,0,0,6675659,true,false,0.01918052201435392
before,nasdaq,invest,79,20,2,2,2,128120,139500,0,369885,false,false,0.056526619702215064
before,nasdaq,invest,80,20,2,2,2,154230,180000,0,1073635,false,false,0.05136077745169565
before,nasdaq,invest,81,20,3,2,2,110195,203000,0,6253086,true,false,0.019246568422850226
before,nasdaq,invest,82,20,3,2,2,72656,144500,0,746165,false,false,0.07047907342682555
before,nasdaq,invest,83,20,2,2,2,129217,162000,0,5250891,true,false,0.019682138849277463
before,nasdaq,invest,84,20,1,1,1,59219,60000,0,6829414,true,false,0.021924567771675042
before,nasdaq,invest,85,20,3,3,3,134557,162000,0,1052029,false,false,0.036094911148600244
before,nasdaq,invest,86,20,2,2,2,105621,126000,0,2633273,false,false,0.023820451018324494
before,nasdaq,invest,87,20,2,2,2,135388,144000,0,839216,false,false,0.037939647514588115
before,nasdaq,invest,88,20,2,2,2,82674,159000,0,8362953,true,false,0.014064440000257116
before,nasdaq,invest,89,20,2,2,2,106487,121500,0,1905959,false,false,0.03679308095777855
before,nasdaq,invest,90,20,1,1,1,106680,110000,0,4116981,true,false,0.036941178009864566
before,nasdaq,invest,91,20,1,1,1,60000,110000,0,1199721,false,false,0.039329233278514744
before,nasdaq,invest,92,20,3,3,3,177075,214000,0,686347,false,false,0.033153522536957004
before,nasdaq,invest,93,20,2,2,2,95397,117000,0,351882,false,false,0.04263268310743456
before,nasdaq,invest,94,20,3,3,3,130655,149000,0,1608981,false,false,0.026103421896015826
before,nasdaq,invest,95,20,0,0,0,0,0,0,6575138,true,false,0.018026608670566636
before,nasdaq,invest,96,20,1,1,1,20000,70000,0,1504381,false,false,0.03373769279219435
before,nasdaq,invest,97,20,2,2,2,101356,140000,0,4211187,true,false,0.021579242427102352
before,nasdaq,invest,98,20,1,1,1,57500,70000,0,633175,false,false,0.07072014865332461
before,nasdaq,invest,99,20,2,2,2,112692,173000,0,1089492,false,false,0.03275273795036114
before,nasdaq,invest,100,20,3,2,2,95222,250000,0,3282404,true,false,0.02642036489610502
before,nasdaq,invest,101,20,2,2,2,130484,155000,0,3230425,true,false,0.01878431573307556
before,nasdaq,invest,102,20,3,3,3,177565,193500,0,866143,false,false,0.0670051603301249
before,nasdaq,invest,103,20,3,3,3,133409,169000,0,931864,false,false,0.03208407128644013
before,nasdaq,invest,104,20,3,3,3,159452,209500,0,2558849,false,false,0.02274366541648105
before,nasdaq,invest,105,20,3,2,2,82427,231500,0,3363836,true,false,0.023197798462175703
before,nasdaq,invest,106,20,2,2,2,117433,126000,0,1711831,false,false,0.03306968617948779
before,nasdaq,invest,107,20,2,2,2,117946,135000,0,1204769,false,false,0.022685546425748444
before,nasdaq,invest,108,20,1,1,1,20000,70000,0,3194445,true,false,0.020106399487040832
before,nasdaq,invest,109,20,2,2,2,97491,123000,0,3952560,true,false,0.037128960146454296
before,nasdaq,invest,110,20,1,1,1,43307,70000,0,4062592,true,false,0.022039083801752034
before,nasdaq,invest,111,20,2,2,2,124463,149000,0,2604499,false,false,0.02095400528592324
before,nasdaq,invest,112,20,1,1,1,14332,40500,0,5674780,true,false,0.01414775339236898
before,nasdaq,invest,113,20,2,2,2,86765,105000,0,519424,false,false,0.06267041048919772
before,nasdaq,invest,114,20,2,2,2,156500,169000,0,5355980,true,false,0.013868860245567816
before,nasdaq,invest,115,20,1,1,1,37180,40500,0,386845,false,false,0.05409219865316191
before,nasdaq,invest,116,20,1,1,1,45827,54000,0,1602240,false,false,0.03302464209343454
before,nasdaq,invest,117,20,1,1,1,66680,70000,0,779865,false,false,0.04267791703430094
before,nasdaq,invest,118,20,3,3,3,210894,214000,0,149210,false,false,0.05888816830847686
before,nasdaq,invest,119,20,1,1,1,57444,99000,0,13126818,true,false,0.024232229065759593
before,nasdaq,invest,120,20,2,2,2,72819,95000,0,2264872,false,false,0.03730011110967391
before,nasdaq,invest,121,20,1,1,1,32709,45000,0,3552904,true,false,0.0190136832418499
before,nasdaq,invest,122,20,3,3,3,168543,243000,0,7942920,true,false,0.01823441051411497
before,nasdaq,invest,123,20,1,1,1,63021,70000,0,799752,false,false,0.05763296507230744
before,nasdaq,invest,124,20,1,1,1,52370,63000,0,1547891,false,false,0.04442404577796773
before,nasdaq,invest,125,20,1,1,1,23588,54000,0,3520854,true,false,0.02471674200249304
before,nasdaq,invest,126,20,1,1,1,96497,99000,0,2285585,false,false,0.02447626699498854
before,nasdaq,invest,127,20,0,0,0,0,0,0,3272888,true,false,0.023216979995258714
before,nasdaq,invest,128,20,2,2,2,120000,170000,0,741145,false,false,0.036817582873093974
before,nasdaq,invest,129,20,1,1,1,32581,45000,0,313743,false,false,0.053814363681654785
before,nasdaq,invest,130,20,1,1,1,34072,50000,0,2950140,false,false,0.023305188257028816
before,nasdaq,invest,131,20,2,2,2,109240,124000,0,746760,false,false,0.024992491372836653
before,nasdaq,invest,132,20,2,2,2,107968,121500,0,612574,false,false,0.039550251245523686
before,nasdaq,invest,133,20,1,1,1,101973,110000,0,1593755,false,false,0.039108711250230035
before,nasdaq,invest,134,20,1,1,1,106599,110000,0,1300933,false,false,0.029992568587053386
before,nasdaq,invest,135,20,1,1,1,13623,54000,0,5431511,true,false,0.01668718754034899
before,nasdaq,invest,136,20,4,4,4,254076,304000,0,1334626,false,false,0.021636879153602746
before,nasdaq,invest,137,20,3,3,3,124714,216000,0,6866172,true,false,0.018518712820977078
before,nasdaq,invest,138,20,1,0,0,0,45000,0,9804841,true,false,0.0190143842582866
before,nasdaq,invest,139,20,1,1,1,32167,40500,0,5785236,true,false,0.017000767218421052
before,nasdaq,invest,140,20,2,2,2,67467,170000,0,12183560,true,false,0.01676393214847699
before,nasdaq,invest,141,5,2,1,1,33247,101108,0,0,false,true,0.23999401580869026
before,nasdaq,invest,142,20,2,2,2,103805,104000,0,1364544,false,false,0.016404179652583558
before,nasdaq,invest,143,20,1,1,1,34667,40500,0,1296007,false,false,0.02912614987875788
before,nasdaq,invest,144,20,4,4,4,179472,255500,0,319852,false,false,0.040347796248575485
before,nasdaq,invest,145,20,1,1,1,45447,60000,0,13326526,true,false,0.01641384811489668
before,nasdaq,invest,146,20,2,2,2,136894,162000,0,3381327,true,false,0.029193517279546815
before,nasdaq,invest,147,20,3,3,3,143641,184500,0,2125288,false,false,0.018297890280932427
before,nasdaq,invest,148,20,3,3,3,154979,218000,0,1041932,false,false,0.020360266656958774
before,nasdaq,invest,149,20,2,1,1,77667,126000,0,3178875,true,false,0.030248807034818394
before,nasdaq,invest,150,20,2,2,2,131801,141000,0,1382118,false,false,0.01874985118573529
before,nasdaq,invest,151,20,3,3,3,204285,231500,0,1149876,false,false,0.03733264086208397
before,nasdaq,invest,152,20,0,0,0,0,0,0,645876,false,false,0.05309486185819988
before,nasdaq,invest,153,20,1,1,1,50615,54000,0,1878670,false,false,0.020950669817675883
before,nasdaq,invest,154,20,3,1,1,10000,195000,0,31184030,true,false,0.01920287930718275
before,nasdaq,invest,155,20,2,2,2,111959,144000,0,3698802,true,false,0.040705748370626245
before,nasdaq,invest,156,20,3,3,3,172655,254000,0,4651807,true,false,0.023862937636400086
before,nasdaq,invest,157,20,3,3,3,211934,234000,0,729948,false,false,0.055665811222477324
before,nasdaq,invest,158,20,4,4,4,273815,304000,0,961129,false,false,0.02838156619987482
before,nasdaq,invest,159,20,2,2,2,83889,90500,0,1060919,false,false,0.04054399672037349
before,nasdaq,invest,160,20,2,2,2,152176,164000,0,704820,false,false,0.03644948012145374
before,nasdaq,invest,161,20,1,1,1,92365,99000,0,2278490,false,false,0.04018502887604001
before,nasdaq,invest,162,20,0,0,0,0,0,0,5071745,true,false,0.028808875033007664
before,nasdaq,invest,163,20,0,0,0,0,0,0,15492080,true,false,0.01979002996995107
before,nasdaq,invest,164,20,2,2,2,136503,150500,0,2244671,false,false,0.029375621852879775
before,nasdaq,invest,165,20,1,1,1,61288,81000,0,1324491,false,false,0.04326551340275013
before,nasdaq,invest,166,10,2,2,2,74815,81201,0,0,false,true,0.07502914578391488
before,nasdaq,invest,167,20,2,2,2,116775,126000,0,790258,false,false,0.028727648466648242
before,nasdaq,invest,168,20,1,1,1,92018,99000,0,10416364,true,false,0.020958257408990773
before,nasdaq,invest,169,20,1,1,1,75972,99000,0,3726108,true,false,0.039100508880551194
before,nasdaq,invest,170,20,1,1,1,41869,45000,0,3968302,true,false,0.0319209344814054
before,nasdaq,invest,171,20,1,1,1,12317,45000,0,5368984,true,false,0.026149602459192085
before,nasdaq,invest,172,20,0,0,0,0,0,0,5570465,true,false,0.02484835136243939
before,nasdaq,invest,173,20,1,1,1,31604,40500,0,1081362,false,false,0.027836514255722505
before,nasdaq,invest,174,20,3,3,3,147588,175500,0,1114462,false,false,0.02426681414969408
before,nasdaq,invest,175,20,2,2,2,76319,115000,0,358432,false,false,0.045931625485925574
before,nasdaq,invest,176,20,4,4,4,266575,296000,0,2324563,false,false,0.01886602551563511
before,nasdaq,invest,177,20,3,3,3,132579,169000,0,1757338,false,false,0.021786297279156517
before,nasdaq,invest,178,20,3,3,3,235001,243000,0,403263,false,false,0.04091554366695936
before,nasdaq,invest,179,20,3,3,3,144814,181500,0,582547,false,false,0.036391825109710035
before,nasdaq,invest,180,20,2,2,2,51996,99000,0,3470377,true,false,0.020250389629969726
before,nasdaq,invest,181,20,3,3,3,107255,214000,0,6772282,true,false,0.018562766160719973
before,nasdaq,invest,182,20,1,1,1,62951,63000,0,5833426,true,false,0.015967528846279826
before,nasdaq,invest,183,20,3,3,3,170250,200500,0,1492975,false,false,0.03070923635085131
before,nasdaq,invest,184,20,4,4,4,263454,295000,0,101247,false,false,0.092932938641402
before,nasdaq,invest,185,20,3,3,3,151863,180000,0,5427001,true,false,0.017413805813442373
before,nasdaq,invest,186,20,3,3,3,198648,234000,0,1081061,false,false,0.028353209485627605
before,nasdaq,invest,187,20,2,2,2,109243,130000,0,2274634,false,false,0.028982391603884754
before,nasdaq,invest,188,20,2,2,2,72054,151000,0,574756,false,false,0.04943202556289825
before,nasdaq,invest,189,20,2,2,2,142018,160000,0,1911853,false,false,0.04556484437914361
before,nasdaq,invest,190,20,3,3,3,212862,234000,0,690944,false,false,0.0336995415353006
before,nasdaq,invest,191,20,3,3,3,139014,164500,0,1198486,false,false,0.02585067866423336
before,nasdaq,invest,192,20,1,1,1,57155,63000,0,648123,false,false,0.02629194362382308
before,nasdaq,invest,193,20,2,2,2,127464,151000,0,1521286,false,false,0.030345141574394822
before,nasdaq,invest,194,20,1,1,1,48626,60000,0,2015928,false,false,0.045247141653870074
before,nasdaq,invest,195,20,3,3,3,192837,210500,0,1208137,false,false,0.028311394803713013
before,nasdaq,invest,196,20,5,5,5,298638,353500,0,950356,false,false,0.04460693194746214
before,nasdaq,invest,197,20,3,2,2,85152,180000,0,10729559,true,false,0.015281216510258086
before,nasdaq,invest,198,20,2,2,2,122311,135000,0,109752,false,false,0.09822693783244521
before,nasdaq,invest,199,20,3,2,2,150048,220000,0,553430,false,false,0.04267819959609938
before,nasdaq,invest,200,20,3,3,3,161066,175500,0,2221846,false,false,0.020442816997362525
before,nasdaq,invest,201,20,1,1,1,106875,110000,0,2335271,false,false,0.028353243231592384
before,nasdaq,invest,202,20,2,2,2,58273,135000,0,9542176,true,false,0.015566280814853072
before,nasdaq,invest,203,20,1,1,1,98903,99000,0,913024,false,false,0.0533188816392315
before,nasdaq,invest,204,20,1,1,1,40305,40500,0,1633583,false,false,0.022448844095574162
before,nasdaq,invest,205,20,2,1,1,94781,144000,0,4283181,true,false,0.02181161396767527
before,nasdaq,invest,206,20,2,2,2,103763,108000,0,2674627,false,false,0.02371912461742388
before,nasdaq,invest,207,20,3,3,3,167543,234000,0,4528715,true,false,0.02142004469928313
before,nasdaq,invest,208,20,2,1,1,75758,140000,0,13899348,true,false,0.022004637768082667
before,nasdaq,invest,209,20,1,1,1,33942,45000,0,3523065,true,false,0.029245047277507735
before,nasdaq,invest,210,20,2,2,2,96822,103500,0,454395,false,false,0.09538182258452639
before,nasdaq,invest,211,20,3,3,3,231452,251000,0,49822,false,false,0.10761811972757099
before,nasdaq,invest,212,20,3,3,3,129204,164500,0,4413826,true,false,0.03272354339605783
before,nasdaq,invest,213,20,3,3,3,196930,214000,0,699574,false,false,0.04827933107923551
before,nasdaq,invest,214,20,4,4,4,255200,274000,0,2055782,false,false,0.026889310883725166
before,nasdaq,invest,215,20,2,2,2,87158,121500,0,4518207,true,false,0.030058064937242796
before,nasdaq,invest,216,20,1,1,1,27332,54000,0,522613,false,false,0.058296694791022355
before,nasdaq,invest,217,20,1,1,1,37998,50000,0,3565618,true,false,0.020099146829676277
before,nasdaq,invest,218,20,2,2,2,161719,180000,0,2951034,false,false,0.021409094926000884
before,nasdaq,invest,219,20,1,0,0,0,50000,0,1084682,false,false,0.0297616337102043
before,nasdaq,invest,220,20,3,3,3,126384,225000,0,6312004,true,false,0.03098896678583421
before,nasdaq,invest,221,20,2,2,2,135723,149000,0,1351504,false,false,0.027346819273221308
before,nasdaq,invest,222,20,2,1,1,71915,126000,0,2180044,false,false,0.024897005248237757
before,nasdaq,invest,223,20,1,1,1,38347,45000,0,3478593,true,false,0.022869411578484287
before,nasdaq,invest,224,20,2,2,2,133090,164000,0,935372,false,false,0.026395619337238163
before,nasdaq,invest,225,20,3,3,3,124586,211000,0,10288050,true,false,0.03141265751998975
before,nasdaq,invest,226,20,2,2,2,156476,164000,0,5743411,true,false,0.021711328486687703
before,nasdaq,invest,227,20,2,2,2,182496,189000,0,1857796,false,false,0.026268188866647207
before,nasdaq,invest,228,20,1,1,1,25528,40500,0,1513552,false,false,0.03221119512345158
before,nasdaq,invest,229,20,2,2,2,192777,200000,0,596483,false,false,0.04546835860214333
before,nasdaq,invest,230,20,2,2,2,75552,85500,0,990646,false,false,0.024957836527222263
before,nasdaq,invest,231,20,2,2,2,111226,139500,0,3074677,true,false,0.031039073485510372
before,nasdaq,invest,232,20,4,4,4,256740,317000,0,589567,false,false,0.034075725018227816
before,nasdaq,invest,233,20,1,1,1,39753,45000,0,966950,false,false,0.03305814944067429
before,nasdaq,invest,234,20,2,2,2,154996,169000,0,2027666,false,false,0.019590767795973005
before,nasdaq,invest,235,20,3,3,3,121254,189000,0,714990,false,false,0.03133422643631728
before,nasdaq,invest,236,20,0,0,0,0,0,0,1203134,false,false,0.0643844946726709
before,nasdaq,invest,237,20,2,1,1,48643,105000,0,4072050,true,false,0.021806294818604053
before,nasdaq,invest,238,20,3,3,3,183312,198000,0,792296,false,false,0.02897169355391272
before,nasdaq,invest,239,20,1,1,1,65690,70000,0,390084,false,false,0.10335156406811727
before,nasdaq,invest,240,20,1,1,1,58370,81000,0,3827519,true,false,0.02416390178656942
before,nasdaq,invest,241,20,1,1,1,48588,63000,0,2500808,false,false,0.023225028502170574
before,nasdaq,invest,242,20,2,2,2,130319,159000,0,441808,false,false,0.06499068102814365
before,nasdaq,invest,243,20,3,3,3,214921,245000,0,1478053,false,false,0.042530090117822716
before,nasdaq,invest,244,20,2,2,2,110502,164000,0,663358,false,false,0.03332420260806444
before,nasdaq,invest,245,20,3,3,3,144596,184500,0,3837696,true,false,0.030412648960810123
before,nasdaq,invest,246,20,2,2,2,158658,169000,0,937984,false,false,0.02866810754210485
before,nasdaq,invest,247,20,2,2,2,89219,105000,0,1193279,false,false,0.053152911476216494
before,nasdaq,invest,248,20,1,1,1,30710,54000,0,2627327,false,false,0.02882251419055431
before,nasdaq,invest,249,20,2,1,1,107188,155000,0,1688996,false,false,0.0374205039245674
before,nasdaq,invest,250,20,0,0,0,0,0,0,2719817,false,false,0.03413041926690456
before,nasdaq,invest,251,20,4,4,4,275516,294500,0,419251,false,false,0.03801729549798302
before,nasdaq,invest,252,20,3,3,3,235625,245000,0,535056,false,false,0.035583326026708134
before,nasdaq,invest,253,20,0,0,0,0,0,0,1909413,false,false,0.025237010535508236
before,nasdaq,invest,254,20,2,2,2,66140,90000,0,4323083,true,false,0.021787331027328726
before,nasdaq,invest,255,20,0,0,0,0,0,0,2687645,false,false,0.027191081030797863
before,nasdaq,invest,256,20,3,3,3,186225,225000,0,2234229,false,false,0.028847357792092014
before,nasdaq,invest,257,20,2,2,2,104499,164000,0,2169816,false,false,0.014482125761872295
before,nasdaq,invest,258,20,4,4,4,219829,270500,0,2933948,false,false,0.028732735034569995
before,nasdaq,invest,259,20,2,2,2,107012,169000,0,11044257,true,false,0.024316308051640468
before,nasdaq,invest,260,20,2,2,2,126001,144000,0,1813854,false,false,0.02125184166893023
before,nasdaq,invest,261,20,2,2,2,169683,191000,0,1388544,false,false,0.022158944453127695
before,nasdaq,invest,262,20,2,2,2,53246,85500,0,2573724,false,false,0.021196984272603556
before,nasdaq,invest,263,20,4,4,4,218412,238500,0,813922,false,false,0.03383357366737512
before,nasdaq,invest,264,20,2,2,2,100581,130500,0,640991,false,false,0.03462558293793124
before,nasdaq,invest,265,20,4,4,4,225724,254500,0,2329274,false,false,0.026773990555629696
before,nasdaq,invest,266,20,2,2,2,125596,149000,0,291308,false,false,0.04099896260684628
before,nasdaq,invest,267,20,3,3,3,160337,198000,0,1924736,false,false,0.026905830067202475
before,nasdaq,invest,268,20,3,3,3,169335,191000,0,27976862,true,false,0.016371299326657235
before,nasdaq,invest,269,20,4,4,4,246920,315000,0,4847450,true,false,0.01805940517183103
before,nasdaq,invest,270,20,3,2,2,113281,205000,0,5736148,true,false,0.027121680103171935
before,nasdaq,invest,271,20,2,2,2,86500,99000,0,2874967,false,false,0.023723062751302364
before,nasdaq,invest,272,20,1,1,1,90177,110000,0,4168554,true,false,0.023109260982166785
before,nasdaq,invest,273,20,3,2,2,121577,210000,0,2901982,false,false,0.02192062634793212
before,nasdaq,invest,274,20,1,1,1,51686,60000,0,1062492,false,false,0.03511211677825717
before,nasdaq,invest,275,20,1,1,1,85629,99000,0,591044,false,false,0.07958963295181624
before,nasdaq,invest,276,20,2,2,2,104720,123000,0,2503070,false,false,0.018493551595417688
before,nasdaq,invest,277,20,2,2,2,173193,189000,0,985675,false,false,0.023960454341804462
before,nasdaq,invest,278,20,2,2,2,108713,141000,0,1098147,false,false,0.023947553066223395
before,nasdaq,invest,279,20,2,2,2,157566,170000,0,4143211,true,false,0.022341580370881513
before,nasdaq,invest,280,20,2,2,2,128336,141000,0,535672,false,false,0.04258463885381044
before,nasdaq,invest,281,20,2,2,2,47462,100500,0,3322806,true,false,0.022949650821799613
before,nasdaq,invest,282,20,1,1,1,44219,45000,0,12550754,true,false,0.014967055500273597
before,nasdaq,invest,283,20,5,5,5,307208,337500,0,515534,false,false,0.02991197172738454
before,nasdaq,invest,284,20,3,2,2,194375,250000,0,236862,false,false,0.06723970073727112
before,nasdaq,invest,285,20,2,2,2,168903,191000,0,4080512,true,false,0.01844719880355455
before,nasdaq,invest,286,20,1,1,1,70527,90000,0,2285090,false,false,0.041716510313010165
before,nasdaq,invest,287,20,2,2,2,108412,124000,0,1252520,false,false,0.03083550801422884
before,nasdaq,invest,288,20,1,1,1,47334,54000,0,2928721,false,false,0.04208288533175704
before,nasdaq,invest,289,20,3,3,3,180063,215000,0,5466737,true,false,0.023071214368654062
before,nasdaq,invest,290,20,2,2,2,52885,85500,0,3101158,true,false,0.01925122994363885
before,nasdaq,invest,291,20,3,3,3,162877,231500,0,984006,false,false,0.025638589623622192
before,nasdaq,invest,292,20,2,2,2,141900,162000,0,113933,false,false,0.040275551474682245
before,nasdaq,invest,293,20,2,2,2,70282,104000,0,11118925,true,false,0.016751533622518668
before,nasdaq,invest,294,20,2,2,2,115746,141000,0,2484484,false,false,0.0348837205970149
before,nasdaq,invest,295,20,1,0,0,0,50000,0,784360,false,false,0.045493945903460675
before,nasdaq,invest,296,20,3,3,3,100030,163500,0,3183981,true,false,0.019306221341054842
before,nasdaq,invest,297,20,2,2,2,82764,90000,0,1236564,false,false,0.04804829159799394
before,nasdaq,invest,298,20,1,1,1,47500,60000,0,12225301,true,false,0.015994964395710215
before,nasdaq,invest,299,20,3,3,3,249550,259000,0,1795876,false,false,0.02230070233990824
before,nasdaq,invest,300,20,2,2,2,67021,130500,0,964582,false,false,0.04279983714544558
before,nasdaq,invest,301,20,2,2,2,104259,124000,0,3090325,true,false,0.02122260573225316
before,nasdaq,invest,302,20,2,2,2,113829,144000,0,856918,false,false,0.026224460988272347
before,nasdaq,invest,303,20,2,2,2,82625,85500,0,651641,false,false,0.02467250647840687
before,nasdaq,invest,304,20,1,1,1,40183,45000,0,12153608,true,false,0.018613854744501356
before,nasdaq,invest,305,20,1,1,1,77669,81000,0,11181568,true,false,0.01755607425398696
before,nasdaq,invest,306,20,1,1,1,59892,70000,0,3305127,true,false,0.021930784441616148
before,nasdaq,invest,307,20,2,2,2,81930,90000,0,1652080,false,false,0.01863627213549609
before,nasdaq,invest,308,20,3,3,3,139268,204000,0,2201862,false,false,0.02765376249592652
before,nasdaq,invest,309,20,3,2,2,16269,139500,0,13888627,true,false,0.01733814900546705
before,nasdaq,invest,310,20,3,3,3,167403,207000,0,659141,false,false,0.024269192248991822
before,nasdaq,invest,311,20,1,1,1,35679,54000,0,980236,false,false,0.03375401923314618
before,nasdaq,invest,312,20,2,2,2,109365,135000,0,1042365,false,false,0.02448495092303026
before,nasdaq,invest,313,20,3,3,3,162437,233000,0,2733844,false,false,0.023444395658033752
before,nasdaq,invest,314,20,3,2,2,132037,189000,0,2085550,false,false,0.0276654984838641
before,nasdaq,invest,315,20,0,0,0,0,0,0,1488959,false,false,0.02553622338440144
before,nasdaq,invest,316,20,2,2,2,102002,117000,0,3574830,true,false,0.02212225772643624
before,nasdaq,invest,317,20,2,2,2,100677,117000,0,835273,false,false,0.046429581805903695
before,nasdaq,invest,318,20,2,2,2,144042,150500,0,546959,false,false,0.06722150617959154
before,nasdaq,invest,319,20,2,2,2,180783,189000,0,1456226,false,false,0.02384172540472318
before,nasdaq,invest,320,20,3,3,3,197762,205000,0,1093495,false,false,0.031282749887013184
before,nasdaq,invest,321,20,3,2,2,97388,175000,0,12017846,true,false,0.016503078672343664
before,nasdaq,invest,322,20,4,4,4,46437,252000,0,8063310,true,false,0.017264436319962894
before,nasdaq,invest,323,20,2,2,2,170662,180000,0,1637204,false,false,0.02896601654993978
before,nasdaq,invest,324,20,3,3,3,183189,234000,0,2172610,false,false,0.024187687618791198
before,nasdaq,invest,325,20,1,1,1,53932,54000,0,5618377,true,false,0.01727925197651802
before,nasdaq,invest,326,20,2,2,2,84137,95000,0,965056,false,false,0.0504936946128258
before,nasdaq,invest,327,20,1,1,1,66680,70000,0,958544,false,false,0.03986185880278432
before,nasdaq,invest,328,20,3,3,3,178447,200500,0,1115736,false,false,0.0319181715068156
before,nasdaq,invest,329,20,2,2,2,130765,144000,0,2053133,false,false,0.0350371079303608
before,nasdaq,invest,330,20,1,1,1,64312,81000,0,1809413,false,false,0.03181712959690856
before,nasdaq,invest,331,20,2,2,2,110924,121500,0,358415,false,false,0.041263682233793564
before,nasdaq,invest,332,20,3,3,3,172753,198000,0,1270716,false,false,0.04098181942129661
before,nasdaq,invest,333,20,1,1,1,56875,60000,0,969900,false,false,0.044704168669706563
before,nasdaq,invest,334,20,2,2,2,39643,94500,0,2156182,false,false,0.039091907745238144
before,nasdaq,invest,335,20,3,2,2,107070,205000,0,6962710,true,false,0.020919095595833916
before,nasdaq,invest,336,20,1,1,1,34940,50000,0,3983517,true,false,0.024505629797476676
before,nasdaq,invest,337,20,3,3,3,194856,234000,0,1130012,false,false,0.021896464203431172
before,nasdaq,invest,338,20,3,3,3,172352,218000,0,1781277,false,false,0.025363393012215574
before,nasdaq,invest,339,20,1,1,1,38851,63000,0,5128132,true,false,0.020780659066616074
before,nasdaq,invest,340,20,0,0,0,0,0,0,1005066,false,false,0.03548061413666116
before,nasdaq,invest,341,20,2,2,2,126021,144000,0,1985665,false,false,0.03308394495173068
before,nasdaq,invest,342,20,1,1,1,102333,110000,0,1658804,false,false,0.027596985394030736
before,nasdaq,invest,343,20,3,2,2,66119,149000,0,10109619,true,false,0.02582158341152015
before,nasdaq,invest,344,20,3,3,3,139794,212000,0,4721056,true,false,0.021562393785736277
before,nasdaq,invest,345,20,2,2,2,106096,130500,0,4591650,true,false,0.01696184515009818
before,nasdaq,invest,346,20,2,2,2,125060,144000,0,759669,false,false,0.025148538054707653
before,nasdaq,invest,347,20,2,2,2,128241,135000,0,2121305,false,false,0.0353300067798762
before,nasdaq,invest,348,20,3,3,3,146305,168000,0,178619,false,false,0.1295093999880791
before,nasdaq,invest,349,20,2,2,2,128607,144000,0,389324,false,false,0.035369880776636754
before,nasdaq,invest,350,20,2,2,2,132310,149000,0,1841937,false,false,0.02736796170885375
before,nasdaq,invest,351,20,1,1,1,70866,81000,0,2461580,false,false,0.04761662132673897
before,nasdaq,invest,352,20,4,4,4,235098,246000,0,851489,false,false,0.026024503901491858
before,nasdaq,invest,353,20,2,1,1,66825,153000,0,8272535,true,false,0.0582013809228155
before,nasdaq,invest,354,20,2,2,2,151526,160000,0,4263201,true,false,0.01986139306840113
before,nasdaq,invest,355,20,0,0,0,0,0,0,2727038,false,false,0.02265086439931579
before,nasdaq,invest,356,20,1,1,1,47134,63000,0,3004387,true,false,0.018418379723804213
before,nasdaq,invest,357,20,1,1,1,82605,110000,0,5265387,true,false,0.028240800127068717
before,nasdaq,invest,358,20,2,2,2,171710,191000,0,1922652,false,false,0.039892366042666015
before,nasdaq,invest,359,20,2,2,2,133058,144000,0,583614,false,false,0.04433065607672963
before,nasdaq,invest,360,20,3,3,3,116929,148500,0,3134515,true,false,0.02482137851818355
before,nasdaq,invest,361,20,5,5,5,258648,288000,0,1457315,false,false,0.026616003163841044
before,nasdaq,invest,362,20,1,1,1,59536,90000,0,1170374,false,false,0.03860628214064531
before,nasdaq,invest,363,20,3,3,3,215008,240000,0,2119133,false,false,0.028609473872156798
before,nasdaq,invest,364,20,3,3,3,150505,189000,0,5583993,true,false,0.020086739669351376
before,nasdaq,invest,365,20,1,1,1,49010,70000,0,2590502,false,false,0.023822098678244145
before,nasdaq,invest,366,20,2,2,2,125174,153000,0,1424810,false,false,0.03781295483286466
before,nasdaq,invest,367,20,0,0,0,0,0,0,2236782,false,false,0.02572970202260962
before,nasdaq,invest,368,20,0,0,0,0,0,0,2270208,false,false,0.044387049360483
before,nasdaq,invest,369,20,1,1,1,50249,60000,0,1807790,false,false,0.03195745381817501
before,nasdaq,invest,370,20,2,2,2,100947,189000,0,899917,false,false,0.02947299705667411
before,nasdaq,invest,371,20,1,1,1,42659,54000,0,2018400,false,false,0.02622189250907314
before,nasdaq,invest,372,20,2,2,2,118824,139500,0,656100,false,false,0.052323608971949445
before,nasdaq,invest,373,20,2,1,1,30854,105000,0,1623276,false,false,0.031895374253118544
before,nasdaq,invest,374,20,3,3,3,175506,199500,0,2516474,false,false,0.019436920439428094
before,nasdaq,invest,375,20,3,2,2,83604,189000,0,2402649,false,false,0.02535218468155857
before,nasdaq,invest,376,20,1,1,1,93370,110000,0,1890146,false,false,0.039696132319899644
before,nasdaq,invest,377,20,3,3,3,205605,220500,0,309205,false,false,0.11871097771009151
before,nasdaq,invest,378,20,2,2,2,94022,144000,0,2445653,false,false,0.021655783432798247
before,nasdaq,invest,379,20,2,2,2,98602,144000,0,11982619,true,false,0.03245676991726616
before,nasdaq,invest,380,20,3,3,3,134020,195000,0,526681,false,false,0.04259404185939973
before,nasdaq,invest,381,20,2,2,2,83429,115000,0,3300992,true,false,0.027071179014469017
before,nasdaq,invest,382,20,2,2,2,95257,149000,0,8541520,true,false,0.030539677668312552
before,nasdaq,invest,383,20,2,2,2,138695,160000,0,1743595,false,false,0.026023626998940175
before,nasdaq,invest,384,20,2,2,2,138793,200000,0,494359,false,false,0.0503283538207549
before,nasdaq,invest,385,20,1,1,1,75570,90000,0,1413300,false,false,0.04152191149083105
before,nasdaq,invest,386,20,1,1,1,17423,45000,0,11960825,true,false,0.016896812657127745
before,nasdaq,invest,387,20,1,1,1,68109,81000,0,5657915,true,false,0.029112118189357862
before,nasdaq,invest,388,20,1,1,1,10000,60000,0,836600,false,false,0.04206099720653187
before,nasdaq,invest,389,20,2,2,2,119294,159000,0,1239378,false,false,0.03880932872885614
before,nasdaq,invest,390,20,1,1,1,59603,63000,0,526793,false,false,0.02464253130809264
before,nasdaq,invest,391,20,2,2,2,106043,144000,0,5873653,true,false,0.021962129601000656
before,nasdaq,invest,392,20,1,1,1,44951,45000,0,438890,false,false,0.05079492344010028
before,nasdaq,invest,393,20,3,3,3,161373,202500,0,561202,false,false,0.06659561103335096
before,nasdaq,invest,394,20,1,1,1,15406,45000,0,10215086,true,false,0.032441346704227804
before,nasdaq,invest,395,20,1,1,1,45774,54000,0,586890,false,false,0.04683291508673078
before,nasdaq,invest,396,20,1,1,1,93124,99000,0,327669,false,false,0.19153240512415542
before,nasdaq,invest,397,20,1,1,1,67354,81000,0,1713718,false,false,0.030226842055946262
before,nasdaq,invest,398,20,3,3,3,139444,170500,0,2759370,false,false,0.024354082411521077
before,nasdaq,invest,399,20,2,2,2,100000,115000,0,736627,false,false,0.033190075400875
before,nasdaq,invest,400,20,2,0,0,0,99000,0,9929927,true,false,0.03468844437427371
before,nasdaq,invest,401,20,1,0,0,0,110000,0,4802948,true,false,0.02608788684917805
before,nasdaq,invest,402,20,3,3,3,189522,204000,0,250902,false,false,0.05811929035948753
before,nasdaq,invest,403,20,3,3,3,137514,175500,0,7937728,true,false,0.015704777022451037
before,nasdaq,invest,404,20,1,1,1,84158,90000,0,1311162,false,false,0.048706052493526074
before,nasdaq,invest,405,20,1,1,1,44968,45000,0,782272,false,false,0.04395293984578469
before,nasdaq,invest,406,20,3,3,3,149772,230000,0,6641329,true,false,0.017492463944686915
before,nasdaq,invest,407,20,4,4,4,167361,229500,0,2641644,false,false,0.01724531943787475
before,nasdaq,invest,408,20,2,2,2,184439,191000,0,1295647,false,false,0.02195108687154993
before,nasdaq,invest,409,20,0,0,0,0,0,0,2061714,false,false,0.03439274316535966
before,nasdaq,invest,410,20,2,2,2,85000,135000,0,1272980,false,false,0.02220530902749212
before,nasdaq,invest,411,20,2,2,2,143711,162000,0,1907824,false,false,0.023686785765873374
before,nasdaq,invest,412,20,1,1,1,33884,40500,0,2871307,false,false,0.020166579868235376
before,nasdaq,invest,413,20,3,3,3,204020,229000,0,1043595,false,false,0.022162549960072383
before,nasdaq,invest,414,20,1,1,1,99628,110000,0,10990962,true,false,0.02210532603333017
before,nasdaq,invest,415,20,1,1,1,35727,70000,0,7120007,true,false,0.02278891542703791
before,nasdaq,invest,416,20,1,1,1,57500,70000,0,2057383,false,false,0.033036672549437804
before,nasdaq,invest,417,20,3,3,3,172969,205000,0,1096994,false,false,0.03376629953947178
before,nasdaq,invest,418,20,2,2,2,109763,135000,0,3492170,true,false,0.018193983471890947
before,nasdaq,invest,419,20,1,1,1,42844,50000,0,606996,false,false,0.07121729733053399
before,nasdaq,invest,420,20,4,4,4,238910,285000,0,1578863,false,false,0.020035611816783667
before,nasdaq,invest,421,20,3,3,3,232149,245000,0,415052,false,false,0.03835522993044911
before,nasdaq,invest,422,20,3,3,3,187168,240500,0,342034,false,false,0.07871034360508737
before,nasdaq,invest,423,20,3,3,3,211016,220500,0,257689,false,false,0.044041191258172276
before,nasdaq,invest,424,20,4,4,4,206166,229500,0,431951,false,false,0.02898249890901059
before,nasdaq,invest,425,20,2,1,1,20248,153000,0,1085295,false,false,0.045216316221618195
before,nasdaq,invest,426,20,2,2,2,49927,99000,0,9902860,true,false,0.02349636325522201
before,nasdaq,invest,427,20,1,1,1,60000,110000,0,846334,false,false,0.03994839690780043
before,nasdaq,invest,428,20,0,0,0,0,0,0,4652858,true,false,0.016843488599846128
before,nasdaq,invest,429,20,2,2,2,78722,99000,0,997968,false,false,0.038354722703936375
before,nasdaq,invest,430,20,3,2,2,115738,171000,0,1656015,false,false,0.02702467670920251
before,nasdaq,invest,431,20,3,3,3,189489,218000,0,1332096,false,false,0.034608584679937444
before,nasdaq,invest,432,20,1,1,1,78597,99000,0,1369791,false,false,0.0290790763785932
before,nasdaq,invest,433,20,0,0,0,0,0,0,5018721,true,false,0.026143509918746984
before,nasdaq,invest,434,20,3,3,3,155754,218000,0,1770052,false,false,0.02543582796365536
before,nasdaq,invest,435,20,1,1,1,26042,45000,0,3185818,true,false,0.043979374438545035
before,nasdaq,invest,436,20,2,2,2,101424,121500,0,423751,false,false,0.030338722379476914
before,nasdaq,invest,437,20,1,1,1,62976,70000,0,952114,false,false,0.04623603466816061
before,nasdaq,invest,438,20,2,2,2,111154,144000,0,1426711,false,false,0.02315973503248273
before,nasdaq,invest,439,20,4,4,4,263040,290000,0,8550001,true,false,0.017752696006153475
before,nasdaq,invest,440,20,2,2,2,129052,149000,0,1836043,false,false,0.035488953801028324
before,nasdaq,invest,441,20,3,3,3,210931,240000,0,3992678,true,false,0.030484979856725464
before,nasdaq,invest,442,20,2,1,1,34621,120000,0,535844,false,false,0.04209599522374422
before,nasdaq,invest,443,20,2,2,2,109347,139500,0,466675,false,false,0.06916657122826006
before,nasdaq,invest,444,20,3,3,3,153174,214000,0,1009349,false,false,0.049318138637157914
before,nasdaq,invest,445,20,0,0,0,0,0,0,2647511,false,false,0.028165261426268018
before,nasdaq,invest,446,20,5,5,5,247588,288000,0,179850,false,false,0.054148703759602526
before,nasdaq,invest,447,20,1,1,1,106915,110000,0,472087,false,false,0.04205313558033855
before,nasdaq,invest,448,20,3,3,3,130731,205000,0,929263,false,false,0.02047365751306115
before,nasdaq,invest,449,20,2,2,2,91273,105000,0,541689,false,false,0.04652187619401617
before,nasdaq,invest,450,20,2,2,2,60317,99000,0,1205455,false,false,0.041321947861951876
before,nasdaq,invest,451,20,2,2,2,65668,150500,0,2629975,false,false,0.021533263315736344
before,nasdaq,invest,452,20,1,1,1,29394,45000,0,2348286,false,false,0.024608243470824975
before,nasdaq,invest,453,20,2,2,2,57002,85500,0,3577773,true,false,0.023662591441948776
before,nasdaq,invest,454,20,0,0,0,0,0,0,2664012,false,false,0.03407822012226524
before,nasdaq,invest,455,20,3,3,3,195272,225000,0,4758545,true,false,0.018872149815256287
before,nasdaq,invest,456,20,2,2,2,41225,95000,0,5677336,true,false,0.026590746360670242
before,nasdaq,invest,457,20,3,3,3,190631,216000,0,2178380,false,false,0.019192149885282093
before,nasdaq,invest,458,20,3,3,3,192899,252000,0,1636276,false,false,0.016930190378154315
before,nasdaq,invest,459,20,1,1,1,46875,50000,0,1141364,false,false,0.04088870112284397
before,nasdaq,invest,460,20,0,0,0,0,0,0,4199006,true,false,0.018847878127626897
before,nasdaq,invest,461,20,4,4,4,157055,226500,0,1895796,false,false,0.02117665457410884
before,nasdaq,invest,462,20,2,2,2,49401,108000,0,8224366,true,false,0.01710856091919911
before,nasdaq,invest,463,20,2,2,2,77120,104000,0,1007577,false,false,0.056834485105934494
before,nasdaq,invest,464,20,2,2,2,93152,120000,0,808765,false,false,0.03939084727655615
before,nasdaq,invest,465,20,2,1,1,51082,141000,0,2281064,false,false,0.02744204349844393
before,nasdaq,invest,466,20,2,2,2,82626,94500,0,1087429,false,false,0.03194459968494441
before,nasdaq,invest,467,20,0,0,0,0,0,0,1262686,false,false,0.028165918310845757
before,nasdaq,invest,468,20,2,2,2,129742,160000,0,1859828,false,false,0.02625965498072404
before,nasdaq,invest,469,20,3,3,3,192828,245000,0,1411161,false,false,0.019278484021884697
before,nasdaq,invest,470,20,2,2,2,124875,130500,0,2718668,false,false,0.019794156619884592
before,nasdaq,invest,471,20,2,2,2,124002,151000,0,634715,false,false,0.04865903917762434
before,nasdaq,invest,472,20,3,2,2,148761,212000,0,1030085,false,false,0.03259319072015644
before,nasdaq,invest,473,20,1,1,1,35348,45000,0,2830128,false,false,0.02461563041989719
before,nasdaq,invest,474,20,2,2,2,45022,110000,0,2969336,false,false,0.03404438584036004
before,nasdaq,invest,475,20,2,2,2,95902,123000,0,1161495,false,false,0.04148285539285203
before,nasdaq,invest,476,20,2,2,2,60100,95000,0,4756466,true,false,0.029600079680154767
before,nasdaq,invest,477,20,2,2,2,174219,200000,0,3554442,true,false,0.040819696217299764
before,nasdaq,invest,478,15,2,2,2,46728,107150,0,0,false,true,0.020905029354652757
before,nasdaq,invest,479,20,1,1,1,36910,45000,0,1765699,false,false,0.029625413113024867
before,nasdaq,invest,480,20,2,2,2,149690,153000,0,7717928,true,false,0.017191711811158496
before,nasdaq,invest,481,20,2,2,2,81436,99000,0,2400885,false,false,0.017637999115222878
before,nasdaq,invest,482,20,3,3,3,169783,223000,0,2642040,false,false,0.020947212769776933
before,nasdaq,invest,483,20,2,2,2,115035,169000,0,2129332,false,false,0.026214401282954852
before,nasdaq,invest,484,20,2,2,2,130833,164000,0,3376525,true,false,0.023241838412869205
before,nasdaq,invest,485,20,1,1,1,61315,70000,0,8197970,true,false,0.03186437640616625
before,nasdaq,invest,486,20,3,3,3,202476,223000,0,1006218,false,false,0.07639252978478517
before,nasdaq,invest,487,20,0,0,0,0,0,0,2380529,false,false,0.022622517460539456
before,nasdaq,invest,488,20,4,4,4,232244,268000,0,2036180,false,false,0.03437576979729043
before,nasdaq,invest,489,20,3,3,3,152407,180000,0,7940041,true,false,0.018698807345579264
before,nasdaq,invest,490,20,4,3,3,228194,320000,0,1310814,false,false,0.023967424003245613
before,nasdaq,invest,491,20,3,2,2,138995,189000,0,913192,false,false,0.027869437258229483
before,nasdaq,invest,492,20,4,4,4,220544,300500,0,1998695,false,false,0.022276544240940215
before,nasdaq,invest,493,20,3,3,3,139963,171000,0,904785,false,false,0.036096199927636005
before,nasdaq,invest,494,20,2,1,1,48243,153000,0,2020586,false,false,0.03170813513174765
before,nasdaq,invest,495,20,1,1,1,41863,45000,0,466661,false,false,0.06380256952546903
before,nasdaq,invest,496,20,2,2,2,109248,159000,0,5768383,true,false,0.016478407336196536
before,nasdaq,invest,497,20,3,3,3,208186,270000,0,2677470,false,false,0.02904300623428558
before,nasdaq,invest,498,20,3,3,3,157263,191500,0,3904800,true,false,0.022101663711577173
before,nasdaq,invest,499,20,1,1,1,97500,110000,0,1158213,false,false,0.02897365786106233
before,nasdaq,invest,500,20,2,2,2,141578,155000,0,451400,false,false,0.10291840713473313
before,nasdaq,invest,501,20,3,2,2,122325,205000,0,4948821,true,false,0.016816217734273425
before,nasdaq,invest,502,20,4,4,4,237087,284000,0,3532164,true,false,0.0157729176616285
before,nasdaq,invest,503,20,2,2,2,131071,155000,0,4026356,true,false,0.0279172109273707
before,nasdaq,invest,504,20,3,3,3,223505,254000,0,902973,false,false,0.030302798653280623
before,nasdaq,invest,505,20,2,2,2,108181,135000,0,5820362,true,false,0.015875825613068516
before,nasdaq,invest,506,20,2,2,2,77703,105000,0,2524427,false,false,0.03099910345624362
before,nasdaq,invest,507,20,2,2,2,117243,121500,0,8381181,true,false,0.016811639749097926
before,nasdaq,invest,508,20,3,3,3,251702,259000,0,2404733,false,false,0.017192401944444765
before,nasdaq,invest,509,20,1,1,1,88931,99000,0,1055146,false,false,0.02800757449020405
before,nasdaq,invest,510,20,1,1,1,99099,110000,0,3350285,true,false,0.02458187397591379
before,nasdaq,invest,511,20,1,1,1,30336,45000,0,1701569,false,false,0.032708306653348874
before,nasdaq,invest,512,20,2,1,1,44576,105000,0,5148880,true,false,0.019933880977203732
before,nasdaq,invest,513,20,3,3,3,142066,162000,0,1568227,false,false,0.022735039694381416
before,nasdaq,invest,514,20,1,1,1,20000,70000,0,1244276,false,false,0.03132846416683511
before,nasdaq,invest,515,20,3,3,3,220751,240000,0,1472812,false,false,0.02262742882542112
before,nasdaq,invest,516,20,2,2,2,138750,155000,0,1956093,false,false,0.028917916222948686
before,nasdaq,invest,517,20,2,2,2,135144,144000,0,1242802,false,false,0.03449363886574604
before,nasdaq,invest,518,20,1,1,1,71440,81000,0,600068,false,false,0.055118947012094674
before,nasdaq,invest,519,20,1,1,1,77667,81000,0,2921088,false,false,0.025301517165539678
before,nasdaq,invest,520,20,2,1,1,41850,135000,0,237122,false,false,0.07319342142187979
before,nasdaq,invest,521,20,1,1,1,16845,45000,0,3673801,true,false,0.028194161276438666
before,nasdaq,invest,522,20,4,4,4,259286,285500,0,910019,false,false,0.032393675643277484
before,nasdaq,invest,523,20,2,2,2,91555,108000,0,2006426,false,false,0.02099526034915072
before,nasdaq,invest,524,20,3,3,3,193719,212000,0,1481049,false,false,0.03262645217765307
before,nasdaq,invest,525,20,0,0,0,0,0,0,361090,false,false,0.08480216563642652
before,nasdaq,invest,526,20,4,4,4,240404,258000,0,133464,false,false,0.07548428938949991
before,nasdaq,invest,527,20,3,3,3,169875,210000,0,3524461,true,false,0.016465306934428756
before,nasdaq,invest,528,20,1,1,1,43691,45000,0,241056,false,false,0.06296931571335193
before,nasdaq,invest,529,20,2,2,2,109172,130500,0,2028209,false,false,0.030087320903539615
before,nasdaq,invest,530,20,4,4,4,264047,313000,0,932450,false,false,0.042357080472583374
before,nasdaq,invest,531,20,1,1,1,39375,45000,0,5209654,true,false,0.01580709740435766
before,nasdaq,invest,532,20,2,2,2,121335,126000,0,490282,false,false,0.018863081419073356
before,nasdaq,invest,533,20,1,1,1,41719,45000,0,2724230,false,false,0.027496244137674496
before,nasdaq,invest,534,20,3,3,3,146258,200000,0,4314758,true,false,0.022258399182970574
before,nasdaq,invest,535,20,2,2,2,71377,99000,0,1923900,false,false,0.019668431801736296
before,nasdaq,invest,536,20,0,0,0,0,0,0,2744611,false,false,0.029588830115920672
before,nasdaq,invest,537,20,1,1,1,67627,81000,0,5293710,true,false,0.03475365683635949
before,nasdaq,invest,538,20,2,2,2,110558,126000,0,4088921,true,false,0.02508621451006776
before,nasdaq,invest,539,20,1,1,1,98555,110000,0,13827999,true,false,0.018849188513921297
before,nasdaq,invest,540,20,4,4,4,249763,304000,0,1261837,false,false,0.042270661778840854
before,nasdaq,invest,541,20,3,3,3,111788,175500,0,7801225,true,false,0.015586508148134148
before,nasdaq,invest,542,20,1,1,1,10000,60000,0,621347,false,false,0.023434251359610286
before,nasdaq,invest,543,20,4,4,4,170240,207000,0,1600168,false,false,0.022600000849936696
before,nasdaq,invest,544,20,0,0,0,0,0,0,1606166,false,false,0.02300908021729789
before,nasdaq,invest,545,20,2,2,2,158394,169000,0,739368,false,false,0.046393716612890476
before,nasdaq,invest,546,20,0,0,0,0,0,0,515351,false,false,0.04363569448655524
before,nasdaq,invest,547,20,3,3,3,152760,166500,0,1489962,false,false,0.023590095230243035
before,nasdaq,invest,548,20,2,2,2,144000,159000,0,4569384,true,false,0.01563772943677344
before,nasdaq,invest,549,20,2,2,2,96915,110500,0,1006569,false,false,0.029714898413367975
before,nasdaq,invest,550,20,2,2,2,49330,110500,0,1497462,false,false,0.026221877731249475
before,nasdaq,invest,551,20,1,1,1,37500,50000,0,1164251,false,false,0.04098743968940688
before,nasdaq,invest,552,20,2,2,2,91738,100500,0,3040035,true,false,0.025886278557051993
before,nasdaq,invest,553,20,4,3,3,132936,245500,0,3895892,true,false,0.027902739414472806
before,nasdaq,invest,554,20,3,3,3,176093,204000,0,1982069,false,false,0.021437238178637123
before,nasdaq,invest,555,20,1,1,1,44951,45000,0,2306922,false,false,0.026792850119195077
before,nasdaq,invest,556,20,0,0,0,0,0,0,5071383,true,false,0.017940499837381045
before,nasdaq,invest,557,20,1,1,1,86875,90000,0,571352,false,false,0.05338829600893239
before,nasdaq,invest,558,20,2,2,2,175304,200000,0,462125,false,false,0.036731674001807726
before,nasdaq,invest,559,20,1,1,1,66153,70000,0,3064389,true,false,0.019862843147419755
before,nasdaq,invest,560,20,3,3,3,202138,219000,0,2738344,false,false,0.01959481332160664
before,nasdaq,invest,561,20,0,0,0,0,0,0,2971587,false,false,0.03590300580983523
before,nasdaq,invest,562,20,3,3,3,154735,198000,0,2394240,false,false,0.023579360359524675
before,nasdaq,invest,563,20,0,0,0,0,0,0,1079099,false,false,0.0319465077883216
before,nasdaq,invest,564,20,1,0,0,0,45000,0,559517,false,false,0.07854798742067667
before,nasdaq,invest,565,20,4,4,4,221473,272000,0,2658392,false,false,0.03317873252499419
before,nasdaq,invest,566,20,1,1,1,40488,40500,0,4452852,true,false,0.02090783007154307
before,nasdaq,invest,567,20,2,2,2,134448,140000,0,585395,false,false,0.07064722544544379
before,nasdaq,invest,568,20,1,1,1,41667,45000,0,4774162,true,false,0.02319732730643565
before,nasdaq,invest,569,20,1,1,1,66875,70000,0,6260413,true,false,0.024133247641594434
before,nasdaq,invest,570,20,1,1,1,58031,81000,0,1066899,false,false,0.03125895334736124
before,nasdaq,invest,571,20,3,3,3,159353,214000,0,15485261,true,false,0.019882537861512558
before,nasdaq,invest,572,20,4,4,4,209136,225500,0,158364,false,false,0.09845029719885158
before,nasdaq,invest,573,20,2,2,2,56375,90500,0,3178417,true,false,0.028352399049679806
before,nasdaq,invest,574,20,1,1,1,60000,110000,0,1886172,false,false,0.01916245685808824
before,nasdaq,invest,575,20,2,2,2,115509,131000,0,2899178,false,false,0.022869914638478938
before,nasdaq,invest,576,20,2,2,2,169957,191000,0,566757,false,false,0.03851629795859417
before,nasdaq,invest,577,20,2,2,2,138096,149000,0,1274579,false,false,0.041434572726967996
before,nasdaq,invest,578,20,2,1,1,93139,149000,0,554244,false,false,0.04033619849972794
before,nasdaq,invest,579,20,1,1,1,53988,54000,0,1798769,false,false,0.01996433618041017
before,nasdaq,invest,580,20,0,0,0,0,0,0,1727351,false,false,0.03275912887800532
before,nasdaq,invest,581,20,3,3,3,237381,250000,0,449508,false,false,0.0388748806441955
before,nasdaq,invest,582,20,2,2,2,127079,169000,0,1905954,false,false,0.041377572938360155
before,nasdaq,invest,583,20,3,3,3,126994,157500,0,2205660,false,false,0.0253614849536741
before,nasdaq,invest,584,20,2,2,2,169671,180000,0,385465,false,false,0.050864872586005874
before,nasdaq,invest,585,20,4,4,4,175042,268000,0,3485326,true,false,0.019479896460245665
before,nasdaq,invest,586,20,1,1,1,62452,63000,0,3738592,true,false,0.0267568471549555
before,nasdaq,invest,587,20,2,2,2,99110,160000,0,725964,false,false,0.026746000302437185
before,nasdaq,invest,588,20,2,2,2,178630,189000,0,1297516,false,false,0.04653074965856643
before,nasdaq,invest,589,20,3,3,3,170816,205000,0,1636918,false,false,0.042362006519034864
before,nasdaq,invest,590,20,3,3,3,116875,180000,0,4720504,true,false,0.01578889149252251
before,nasdaq,invest,591,20,2,2,2,106892,123000,0,784027,false,false,0.030711783237274408
before,nasdaq,invest,592,20,4,4,4,238261,261000,0,1778943,false,false,0.030796300847718273
before,nasdaq,invest,593,20,1,1,1,50577,81000,0,1925373,false,false,0.021010330663877023
before,nasdaq,invest,594,20,3,3,3,165340,194000,0,518009,false,false,0.06075774322666888
before,nasdaq,invest,595,20,1,1,1,65449,70000,0,1721782,false,false,0.05239454551025654
before,nasdaq,invest,596,20,0,0,0,0,0,0,15185562,true,false,0.026438377303889253
before,nasdaq,invest,597,20,2,2,2,177555,189000,0,1210925,false,false,0.023228005503189996
before,nasdaq,invest,598,20,1,1,1,49898,54000,0,799525,false,false,0.03365013204736756
before,nasdaq,invest,599,20,2,2,2,77533,103500,0,3325722,true,false,0.02171015897948331
after,allWorld,cash,0,20,2,0,0,0,350072,0,1728838,false,false,0.4218833283551181
after,allWorld,cash,1,20,2,0,0,0,371664,0,1827001,false,false,0.4431731787018859
after,allWorld,cash,2,20,2,0,0,0,396229,0,1775181,false,false,0.43686144833808926
after,allWorld,cash,3,20,2,0,0,0,382705,0,1361952,false,false,0.4381609477411706
after,allWorld,cash,4,20,1,0,0,0,63688,0,1897095,false,false,0.4298588791041281
after,allWorld,cash,5,20,2,0,0,0,203567,0,1558408,false,false,0.4050791108007775
after,allWorld,cash,6,20,3,0,0,0,394035,0,1184091,false,false,0.4175007324320186
after,allWorld,cash,7,20,4,0,0,0,445407,1,813472,false,false,0.4379791305202635
after,allWorld,cash,8,20,1,0,0,0,259715,0,1258711,false,false,0.4650931020738246
after,allWorld,cash,9,20,2,0,0,0,386313,0,1443765,false,false,0.45533778279186965
after,allWorld,cash,10,20,2,0,0,0,251544,0,1464158,false,false,0.44639922444222535
after,allWorld,cash,11,20,3,0,0,0,559174,0,775305,false,false,0.43222418862442913
after,allWorld,cash,12,20,2,0,0,0,420740,0,944821,false,false,0.44772919638014724
after,allWorld,cash,13,20,2,0,0,0,284904,0,1988673,false,false,0.4454094005751491
after,allWorld,cash,14,20,2,0,0,0,258736,0,1219577,false,false,0.4443610224101642
after,allWorld,cash,15,20,1,0,0,0,221438,0,1439215,false,false,0.4903949967224312
after,allWorld,cash,16,20,3,0,0,0,471887,0,1193049,false,false,0.43292545021784806
after,allWorld,cash,17,20,2,0,0,0,330123,0,1918587,false,false,0.42343527241012113
after,allWorld,cash,18,20,5,0,0,0,768247,0,1168423,false,false,0.431344229444561
after,allWorld,cash,19,20,3,0,0,0,679913,0,1490982,false,false,0.42873398243759164
after,allWorld,cash,20,20,2,0,0,0,248873,0,1171593,false,false,0.44173011191169353
after,allWorld,cash,21,20,4,0,0,0,490278,0,1584302,false,false,0.4084206008580561
after,allWorld,cash,22,20,4,0,0,0,561939,0,692912,false,false,0.4422556271366342
after,allWorld,cash,23,20,2,0,0,0,397019,0,1298667,false,false,0.4263423827674484
after,allWorld,cash,24,20,4,0,0,0,541539,0,1359473,false,false,0.41398698085482477
after,allWorld,cash,25,20,1,0,0,0,117278,0,1587008,false,false,0.47643899423454067
after,allWorld,cash,26,20,1,0,0,0,55801,0,1334457,false,false,0.49385373155159895
after,allWorld,cash,27,20,1,0,0,0,69586,0,1251377,false,false,0.4903404582467907
after,allWorld,cash,28,20,2,0,0,0,347126,0,912729,false,false,0.4439509372274323
after,allWorld,cash,29,20,2,0,0,0,329253,0,1581604,false,false,0.46317165490989776
after,allWorld,cash,30,20,1,0,0,0,170791,0,1760672,false,false,0.43664271451398395
after,allWorld,cash,31,20,2,0,0,0,298213,0,1380092,false,false,0.417361906348287
after,allWorld,cash,32,20,4,0,0,0,745803,0,597145,false,false,0.43346458353948447
after,allWorld,cash,33,20,0,0,0,0,0,0,1459000,false,false,0.45988678212342793
after,allWorld,cash,34,20,1,0,0,0,273826,0,1499915,false,false,0.4086074082748826
after,allWorld,cash,35,20,2,0,0,0,303437,0,1509785,false,false,0.42973467026493284
after,allWorld,cash,36,20,1,0,0,0,99022,0,1778997,false,false,0.4491008388203531
after,allWorld,cash,37,20,2,0,0,0,234702,0,1215691,false,false,0.4523061217435802
after,allWorld,cash,38,20,4,0,0,0,726178,0,969236,false,false,0.42929330654919273
after,allWorld,cash,39,20,2,0,0,0,402566,0,935637,false,false,0.47253308365443514
after,allWorld,cash,40,20,3,0,0,0,641283,0,1135568,false,false,0.4368907128116969
after,allWorld,cash,41,20,2,0,0,0,212204,0,1402310,false,false,0.4593066029749061
after,allWorld,cash,42,20,2,0,0,0,279176,0,1378548,false,false,0.46048901959526356
after,allWorld,cash,43,20,3,0,0,0,556017,0,1058007,false,false,0.44550993974800057
after,allWorld,cash,44,20,3,0,0,0,548607,1,1691087,false,false,0.427609042953469
after,allWorld,cash,45,20,4,0,0,0,534382,0,429934,false,false,0.43019466490539937
after,allWorld,cash,46,20,3,0,0,0,533588,0,622305,false,false,0.48687797162896107
after,allWorld,cash,47,20,3,0,0,0,426870,0,1214903,false,false,0.42355743269041535
after,allWorld,cash,48,20,2,0,0,0,320707,0,1088840,false,false,0.47161712419799684
after,allWorld,cash,49,20,3,0,0,0,511957,0,708465,false,false,0.4682875826913267
after,allWorld,cash,50,20,3,0,0,0,508566,1,1231851,false,false,0.4310864821429723
after,allWorld,cash,51,20,2,0,0,0,208780,1,1653125,false,false,0.43109446024579895
after,allWorld,cash,52,20,3,0,0,0,470372,0,1038210,false,false,0.41558255012482925
after,allWorld,cash,53,20,3,0,0,0,626319,0,1012704,false,false,0.43021419619441625
after,allWorld,cash,54,20,2,0,0,0,172715,0,1663559,false,false,0.45270335484250224
after,allWorld,cash,55,20,3,0,0,0,466223,0,728159,false,false,0.4009242985163362
after,allWorld,cash,56,20,2,0,0,0,304586,0,1807395,false,false,0.430413731412478
after,allWorld,cash,57,20,0,0,0,0,0,0,1329369,false,false,0.524600768852719
after,allWorld,cash,58,20,3,0,0,0,454735,0,1090953,false,false,0.41760637296337644
after,allWorld,cash,59,20,2,0,0,0,253151,0,1690882,false,false,0.44584780390821904
after,allWorld,cash,60,20,4,0,0,0,559084,0,1958166,false,false,0.4178046201060523
after,allWorld,cash,61,20,5,0,0,0,648012,0,1533451,false,false,0.4302195278212572
after,allWorld,cash,62,20,1,0,0,0,124331,0,1498050,false,false,0.47914631923700385
after,allWorld,cash,63,20,1,0,0,0,166885,0,1304920,false,false,0.44748046374435163
after,allWorld,cash,64,20,2,0,0,0,310681,0,2432492,false,false,0.41037189539826
after,allWorld,cash,65,20,4,0,0,0,592050,1,1194069,false,false,0.4329182759224232
after,allWorld,cash,66,20,1,0,0,0,148343,0,1507372,false,false,0.4398603186425025
after,allWorld,cash,67,20,3,0,0,0,374426,0,621086,false,false,0.4576256138705137
after,allWorld,cash,68,20,2,0,0,0,450139,0,2033104,false,false,0.4028687604773141
after,allWorld,cash,69,20,3,0,0,0,625152,0,1364527,false,false,0.42314749319357603
after,allWorld,cash,70,20,2,0,0,0,329918,0,1284362,false,false,0.4398754726729062
after,allWorld,cash,71,20,5,0,0,0,583698,0,765700,false,false,0.4091018870327683
after,allWorld,cash,72,20,3,0,0,0,434978,0,1910406,false,false,0.41389718890806393
after,allWorld,cash,73,20,2,0,0,0,158858,0,1347029,false,false,0.5127875535380212
after,allWorld,cash,74,20,3,0,0,0,539388,0,595959,false,false,0.4455533281346744
after,allWorld,cash,75,20,2,0,0,0,236871,0,1324469,false,false,0.43852990472383874
after,allWorld,cash,76,20,3,0,0,0,508199,0,1272403,false,false,0.405169200637825
after,allWorld,cash,77,20,3,0,0,0,443694,0,1258811,false,false,0.42058199245653627
after,allWorld,cash,78,20,1,0,0,0,170355,0,2229321,false,false,0.471598288750152
after,allWorld,cash,79,20,2,0,0,0,268354,0,845747,false,false,0.5451221228364632
after,allWorld,cash,80,20,2,0,0,0,385705,0,1012781,false,false,0.4768924039442881
after,allWorld,cash,81,20,4,0,0,0,716989,0,1492596,false,false,0.42723798944373365
after,allWorld,cash,82,20,3,0,0,0,562729,0,1029227,false,false,0.4238360103125345
after,allWorld,cash,83,20,3,0,0,0,620295,0,1349114,false,false,0.43462375169789613
after,allWorld,cash,84,20,3,0,0,0,416250,0,1933977,false,false,0.4142760587400153
after,allWorld,cash,85,20,3,0,0,0,586382,0,645667,false,false,0.4154892069446272
after,allWorld,cash,86,20,2,0,0,0,325588,0,1553604,false,false,0.4503193393857403
after,allWorld,cash,87,20,2,0,0,0,281119,0,1359171,false,false,0.4702549014345693
after,allWorld,cash,88,20,2,0,0,0,290149,0,2220355,false,false,0.4064695357401494
after,allWorld,cash,89,20,2,0,0,0,345832,0,1453321,false,false,0.42867497294549006
after,allWorld,cash,90,20,2,0,0,0,198014,0,1794266,false,false,0.4234280140013184
after,allWorld,cash,91,20,2,0,0,0,254720,0,1111377,false,false,0.5012105506442032
after,allWorld,cash,92,20,3,0,0,0,384913,0,884518,false,false,0.4623710685557059
after,allWorld,cash,93,20,1,0,0,0,165490,0,1085148,false,false,0.48011594002752445
after,allWorld,cash,94,20,3,0,0,0,551860,0,1103893,false,false,0.44133543241066436
after,allWorld,cash,95,20,1,0,0,0,52954,0,2149299,false,false,0.44669344361662155
after,allWorld,cash,96,20,1,0,0,0,113226,0,1631640,false,false,0.44381539976855
after,allWorld,cash,97,20,2,0,0,0,426109,0,1477472,false,false,0.42464926464882585
after,allWorld,cash,98,20,3,0,0,0,583827,0,1135827,false,false,0.41041535840274906
after,allWorld,cash,99,20,2,0,0,0,232261,0,1191664,false,false,0.5218956727535875
after,allWorld,cash,100,20,4,0,0,0,761697,0,1224949,false,false,0.4144267226933243
after,allWorld,cash,101,20,4,0,0,0,840133,0,1151121,false,false,0.4010850874630852
after,allWorld,cash,102,20,3,0,0,0,560532,0,1228094,false,false,0.4615590761096596
after,allWorld,cash,103,20,3,0,0,0,405319,0,796141,false,false,0.4304146730873225
after,allWorld,cash,104,20,3,0,0,0,561566,0,1266249,false,false,0.4471719116687517
after,allWorld,cash,105,20,4,0,0,0,588232,0,1214495,false,false,0.4247952135617452
after,allWorld,cash,106,20,2,0,0,0,306154,0,1149774,false,false,0.4767407958956854
after,allWorld,cash,107,20,2,0,0,0,378772,0,1233534,false,false,0.4367447207033252
after,allWorld,cash,108,20,1,0,0,0,111446,0,1871949,false,false,0.4565830378863877
after,allWorld,cash,109,20,2,0,0,0,398182,0,1592239,false,false,0.43366693585904
after,allWorld,cash,110,20,1,0,0,0,98892,0,1929210,false,false,0.4155621328153865
after,allWorld,cash,111,20,2,0,0,0,297430,0,1659072,false,false,0.41552681771231514
after,allWorld,cash,112,20,2,0,0,0,446369,0,1655484,false,false,0.4269160590895901
after,allWorld,cash,113,20,2,0,0,0,296367,0,893086,false,false,0.44950511069126753
after,allWorld,cash,114,20,3,0,0,0,527436,0,1572608,false,false,0.4180959545996877
after,allWorld,cash,115,20,1,0,0,0,145010,0,1424775,false,false,0.4884595624262307
after,allWorld,cash,116,20,2,0,0,0,450419,0,1204576,false,false,0.47014614062029364
after,allWorld,cash,117,20,2,0,0,0,257457,0,1129337,false,false,0.4485492453181066
after,allWorld,cash,118,20,3,0,0,0,404340,0,534007,false,false,0.4560788884578703
after,allWorld,cash,119,20,2,0,0,0,277073,0,2262455,false,false,0.4385287055769177
after,allWorld,cash,120,20,2,0,0,0,336213,0,1666038,false,false,0.4340243478534454
after,allWorld,cash,121,20,2,0,0,0,283157,1,1213745,false,false,0.4801331087087101
after,allWorld,cash,122,20,3,0,0,0,538928,0,1940664,false,false,0.4138052826678532
after,allWorld,cash,123,20,1,0,0,0,207395,0,1114553,false,false,0.49256449730052776
after,allWorld,cash,124,20,1,0,0,0,262733,0,1152748,false,false,0.5241315157842246
after,allWorld,cash,125,20,1,0,0,0,198980,0,2125708,false,false,0.4192442652830241
after,allWorld,cash,126,20,1,0,0,0,105063,0,2036966,false,false,0.44141456063683576
after,allWorld,cash,127,20,1,0,0,0,108230,0,1762743,false,false,0.45815770044606935
after,allWorld,cash,128,20,3,0,0,0,277390,0,1049778,false,false,0.4456064888281854
after,allWorld,cash,129,20,2,0,0,0,360384,0,686341,false,false,0.49658861907158797
after,allWorld,cash,130,20,1,0,0,0,170829,0,1353813,false,false,0.45815110975278384
after,allWorld,cash,131,20,2,0,0,0,339766,0,929936,false,false,0.4650329065281751
after,allWorld,cash,132,20,2,0,0,0,389048,0,854583,false,false,0.4538144512903317
after,allWorld,cash,133,20,1,0,0,0,114951,0,1711416,false,false,0.45433294158252624
after,allWorld,cash,134,20,2,0,0,0,209175,1,1410293,false,false,0.4564517590085673
after,allWorld,cash,135,20,2,0,0,0,597309,0,1480458,false,false,0.43244266677380516
after,allWorld,cash,136,20,4,0,0,0,797460,0,1027963,false,false,0.4205318683712428
after,allWorld,cash,137,20,3,0,0,0,765614,0,1547204,false,false,0.4379861670476024
after,allWorld,cash,138,20,1,0,0,0,211228,0,2387762,false,false,0.4197631573431672
after,allWorld,cash,139,20,1,0,0,0,326477,0,1968975,false,false,0.42395280952882713
after,allWorld,cash,140,20,3,0,0,0,379753,0,2452502,false,false,0.3805443089817405
after,allWorld,cash,141,20,6,0,0,0,948337,0,508614,false,false,0.3909331308133733
after,allWorld,cash,142,20,3,0,0,0,353170,0,934828,false,false,0.41532548346498777
after,allWorld,cash,143,20,2,0,0,0,360723,0,1116430,false,false,0.47092008967053695
after,allWorld,cash,144,20,5,0,0,0,645189,0,284793,false,false,0.4058811565073731
after,allWorld,cash,145,20,2,0,0,0,235045,1,2321083,false,false,0.42409800911748397
after,allWorld,cash,146,20,3,0,0,0,520305,0,1151658,false,false,0.44253785138091495
after,allWorld,cash,147,20,3,0,0,0,391108,0,1443855,false,false,0.43557239350614907
after,allWorld,cash,148,20,5,0,0,0,718691,0,776609,false,false,0.40758300443791357
after,allWorld,cash,149,20,4,0,0,0,646411,0,1360437,false,false,0.44765370963231826
after,allWorld,cash,150,20,2,0,0,0,260490,0,1265216,false,false,0.4609850078923161
after,allWorld,cash,151,20,4,0,0,0,591063,0,1440666,false,false,0.4098352539466309
after,allWorld,cash,152,20,1,0,0,0,183188,0,1100658,false,false,0.5361676299236648
after,allWorld,cash,153,20,2,0,0,0,364477,0,1488711,false,false,0.4415616122582845
after,allWorld,cash,154,20,3,0,0,0,543235,0,2555912,false,false,0.4099559314021589
after,allWorld,cash,155,20,2,0,0,0,562908,0,1498017,false,false,0.4461375163226455
after,allWorld,cash,156,20,3,0,0,0,628709,0,1635437,false,false,0.40154863559532183
after,allWorld,cash,157,20,3,0,0,0,369201,0,939218,false,false,0.4247393148730925
after,allWorld,cash,158,20,4,0,0,0,708083,0,929636,false,false,0.3803057056449375
after,allWorld,cash,159,20,2,0,0,0,297186,0,1241140,false,false,0.4443231617119176
after,allWorld,cash,160,20,3,0,0,0,396421,1,1061126,false,false,0.4520519866450443
after,allWorld,cash,161,20,1,0,0,0,238556,0,1712359,false,false,0.4543695911469846
after,allWorld,cash,162,20,1,0,0,0,115599,0,2117445,false,false,0.4544747101408825
after,allWorld,cash,163,20,0,0,0,0,0,0,3071629,true,false,0.43576962608803677
after,allWorld,cash,164,20,3,0,0,0,409222,0,1518672,false,false,0.4330757235983092
after,allWorld,cash,165,20,2,0,0,0,256798,0,993524,false,false,0.4517041997215115
after,allWorld,cash,166,20,4,0,0,0,710333,0,486235,false,false,0.41849242105899725
after,allWorld,cash,167,20,2,0,0,0,300875,0,928551,false,false,0.4506754542040813
after,allWorld,cash,168,20,2,0,0,0,453391,0,1670394,false,false,0.44282669244905437
after,allWorld,cash,169,20,2,0,0,0,489246,0,1129801,false,false,0.40305522232703767
after,allWorld,cash,170,20,3,0,0,0,408228,0,1361685,false,false,0.4253166604177897
after,allWorld,cash,171,20,1,0,0,0,250536,0,1860169,false,false,0.4269147671628565
after,allWorld,cash,172,20,1,0,0,0,240633,0,2277409,false,false,0.40626505506394245
after,allWorld,cash,173,20,2,0,0,0,202929,0,1270911,false,false,0.4553111212821488
after,allWorld,cash,174,20,4,0,0,0,618166,0,905902,false,false,0.42915536662841125
after,allWorld,cash,175,20,3,0,0,0,542027,0,659561,false,false,0.43125785514378573
after,allWorld,cash,176,20,4,0,0,0,733842,0,919476,false,false,0.4316807222133444
after,allWorld,cash,177,20,3,0,0,0,439616,0,1350569,false,false,0.4645922783028281
after,allWorld,cash,178,20,4,0,0,0,773440,0,509447,false,false,0.4632170801063638
after,allWorld,cash,179,20,4,0,0,0,748887,0,713842,false,false,0.43978458692715144
after,allWorld,cash,180,20,2,0,0,0,525178,0,1389657,false,false,0.4469959743231812
after,allWorld,cash,181,20,3,0,0,0,662926,0,1589198,false,false,0.4285673688943262
after,allWorld,cash,182,20,2,0,0,0,425379,0,2053894,false,false,0.42756303629443215
after,allWorld,cash,183,20,3,0,0,0,402695,0,1352566,false,false,0.43456942949939226
after,allWorld,cash,184,20,4,0,0,0,592569,0,351503,false,false,0.49020268534851014
after,allWorld,cash,185,20,3,0,0,0,513798,0,1689552,false,false,0.4290695690352244
after,allWorld,cash,186,20,3,0,0,0,637849,0,902947,false,false,0.4239362965488563
after,allWorld,cash,187,20,2,0,0,0,342635,0,1469052,false,false,0.42628755941764107
after,allWorld,cash,188,20,2,0,0,0,343869,0,944280,false,false,0.4196628447952799
after,allWorld,cash,189,20,3,0,0,0,471061,1,1390155,false,false,0.43984373050137276
after,allWorld,cash,190,20,3,0,0,0,570797,0,950518,false,false,0.4357405281346657
after,allWorld,cash,191,20,3,0,0,0,596265,0,890721,false,false,0.4297124568207262
after,allWorld,cash,192,20,1,0,0,0,282773,0,922349,false,false,0.45834025958797414
after,allWorld,cash,193,20,3,0,0,0,459653,0,1116354,false,false,0.4241816329658419
after,allWorld,cash,194,20,2,0,0,0,443777,0,1258565,false,false,0.4509502539352955
after,allWorld,cash,195,20,3,0,0,0,445923,0,1144520,false,false,0.46989747713653174
after,allWorld,cash,196,20,5,0,0,0,761910,0,717932,false,false,0.4065641562814723
after,allWorld,cash,197,20,3,0,0,0,377445,0,1844164,false,false,0.40669316911458686
after,allWorld,cash,198,20,2,0,0,0,287220,0,630647,false,false,0.5724373184666188
after,allWorld,cash,199,20,4,0,0,0,394120,0,1095572,false,false,0.4270668296438135
after,allWorld,cash,200,20,3,0,0,0,370290,0,1338163,false,false,0.4283115689396243
after,allWorld,cash,201,20,2,0,0,0,195908,1,1503051,false,false,0.44007809119208635
after,allWorld,cash,202,20,3,0,0,0,442674,0,1885324,false,false,0.41704229595359255
after,allWorld,cash,203,20,3,0,0,0,654306,0,857026,false,false,0.4336091835177419
after,allWorld,cash,204,20,1,0,0,0,74757,0,1508890,false,false,0.45620068974247224
after,allWorld,cash,205,20,2,0,0,0,334615,0,1935008,false,false,0.4374099456244992
after,allWorld,cash,206,20,2,0,0,0,280546,0,1658811,false,false,0.4411997445770983
after,allWorld,cash,207,20,4,0,0,0,731015,0,1252072,false,false,0.4076908201668187
after,allWorld,cash,208,20,2,0,0,0,199961,0,2301887,false,false,0.41013171490521955
after,allWorld,cash,209,20,1,0,0,0,192120,0,1727906,false,false,0.44532634780796
after,allWorld,cash,210,20,2,0,0,0,439262,0,728856,false,false,0.5117293090369437
after,allWorld,cash,211,20,3,0,0,0,414882,0,682790,false,false,0.4465913969200071
after,allWorld,cash,212,20,3,0,0,0,591037,0,1235523,false,false,0.43045995293448963
after,allWorld,cash,213,20,3,0,0,0,480445,0,775019,false,false,0.43261522019509924
after,allWorld,cash,214,20,5,0,0,0,717527,0,1016056,false,false,0.4015667526439313
after,allWorld,cash,215,20,2,0,0,0,315627,0,1883655,false,false,0.43215321914560756
after,allWorld,cash,216,20,3,0,0,0,348121,1,851408,false,false,0.44402308540297186
after,allWorld,cash,217,20,3,0,0,0,446875,0,1456203,false,false,0.44252919678059843
after,allWorld,cash,218,20,2,0,0,0,238681,0,1734178,false,false,0.4359516353012728
after,allWorld,cash,219,20,2,0,0,0,141751,1,1264755,false,false,0.4823941958601984
after,allWorld,cash,220,20,3,0,0,0,786505,0,1738610,false,false,0.3999987591491032
after,allWorld,cash,221,20,3,0,0,0,357874,1,1404272,false,false,0.41977427189653904
after,allWorld,cash,222,20,3,0,0,0,527671,0,1101608,false,false,0.4241385711399738
after,allWorld,cash,223,20,2,0,0,0,320754,0,1559664,false,false,0.43465286840141715
after,allWorld,cash,224,20,3,0,0,0,537583,0,1002689,false,false,0.42599000104232376
after,allWorld,cash,225,20,3,0,0,0,515955,0,1766944,false,false,0.44559448239129235
after,allWorld,cash,226,20,2,0,0,0,193240,0,2070438,false,false,0.4303728153095091
after,allWorld,cash,227,20,3,0,0,0,479878,0,1405433,false,false,0.45753993693888634
after,allWorld,cash,228,20,1,0,0,0,273407,0,1378239,false,false,0.45772141875448485
after,allWorld,cash,229,20,3,0,0,0,339563,0,833854,false,false,0.45243377670222634
after,allWorld,cash,230,20,2,0,0,0,448860,0,1130922,false,false,0.4362207571578173
after,allWorld,cash,231,20,3,0,0,0,533449,0,1203569,false,false,0.4127749021627752
after,allWorld,cash,232,20,4,0,0,0,828303,0,817971,false,false,0.446153869094844
after,allWorld,cash,233,20,1,0,0,0,128424,0,1306197,false,false,0.4861028389842982
after,allWorld,cash,234,20,2,0,0,0,234869,0,1411522,false,false,0.453673353617451
after,allWorld,cash,235,20,3,0,0,0,441313,0,960730,false,false,0.4562022637088834
after,allWorld,cash,236,20,0,0,0,0,0,0,1481176,false,false,0.479578863359566
after,allWorld,cash,237,20,2,0,0,0,338813,0,1665579,false,false,0.42331437794227506
after,allWorld,cash,238,20,3,0,0,0,731959,0,659120,false,false,0.4634855031356572
after,allWorld,cash,239,20,1,0,0,0,148972,0,1384745,false,false,0.45193998904896154
after,allWorld,cash,240,20,1,0,0,0,294269,0,1811360,false,false,0.42569629139386383
after,allWorld,cash,241,20,1,0,0,0,140389,0,1582898,false,false,0.46014464549760614
after,allWorld,cash,242,20,3,0,0,0,423500,0,729328,false,false,0.48335199291986575
after,allWorld,cash,243,20,4,0,0,0,743704,0,663657,false,false,0.450663303731292
after,allWorld,cash,244,20,2,0,0,0,257788,0,1107579,false,false,0.4281805578735433
after,allWorld,cash,245,20,3,0,0,0,567170,0,1478437,false,false,0.4134146917151499
after,allWorld,cash,246,20,2,0,0,0,332031,0,1133246,false,false,0.4405670344110921
after,allWorld,cash,247,20,3,0,0,0,518275,0,953121,false,false,0.4248500060637547
after,allWorld,cash,248,20,1,0,0,0,237861,0,1866477,false,false,0.43141803960932057
after,allWorld,cash,249,20,4,0,0,0,630550,1,1066649,false,false,0.41958938370831006
after,allWorld,cash,250,20,2,0,0,0,335566,0,1610991,false,false,0.42508615244465303
after,allWorld,cash,251,20,6,0,0,0,907514,0,274728,false,false,0.4003373611166525
after,allWorld,cash,252,20,3,0,0,0,326508,0,1131787,false,false,0.4632482842140724
after,allWorld,cash,253,20,0,0,0,0,0,0,1682290,false,false,0.476311157467691
after,allWorld,cash,254,20,2,0,0,0,179872,0,2054626,false,false,0.4270456350741886
after,allWorld,cash,255,20,1,0,0,0,180863,0,1782299,false,false,0.4576244536256134
after,allWorld,cash,256,20,3,0,0,0,551437,0,1344703,false,false,0.46327451822161836
after,allWorld,cash,257,20,2,0,0,0,232925,0,1410948,false,false,0.44497912568825626
after,allWorld,cash,258,20,4,0,0,0,589692,0,1098000,false,false,0.4114379425451685
after,allWorld,cash,259,20,2,0,0,0,426099,0,2121863,false,false,0.42811165076279145
after,allWorld,cash,260,20,3,0,0,0,691298,0,1041036,false,false,0.4090642929595119
after,allWorld,cash,261,20,4,0,0,0,528552,0,813359,false,false,0.42762172279946287
after,allWorld,cash,262,20,2,0,0,0,359988,0,1493017,false,false,0.46193922103114887
after,allWorld,cash,263,20,4,0,0,0,631228,0,636145,false,false,0.4552924706387021
after,allWorld,cash,264,20,2,0,0,0,317618,0,835282,false,false,0.4475981921367492
after,allWorld,cash,265,20,5,0,0,0,866188,0,864790,false,false,0.3935764137901482
after,allWorld,cash,266,20,2,0,0,0,243392,0,897849,false,false,0.4548671577159957
after,allWorld,cash,267,20,3,0,0,0,486831,0,1347108,false,false,0.44346624579284544
after,allWorld,cash,268,20,3,0,0,0,269291,0,3061408,true,false,0.4222522105664896
after,allWorld,cash,269,20,4,0,0,0,799804,0,1416714,false,false,0.3998165964610412
after,allWorld,cash,270,20,3,0,0,0,227544,0,1561647,false,false,0.45345503774645285
after,allWorld,cash,271,20,2,0,0,0,176407,0,1572155,false,false,0.47100340170409993
after,allWorld,cash,272,20,1,0,0,0,175343,0,1889902,false,false,0.4450493821249612
after,allWorld,cash,273,20,3,0,0,0,394769,0,1437518,false,false,0.4079496601740623
after,allWorld,cash,274,20,1,0,0,0,127568,0,1333760,false,false,0.45904153709204926
after,allWorld,cash,275,20,1,0,0,0,134220,0,1316865,false,false,0.4910939226455401
after,allWorld,cash,276,20,3,0,0,0,642957,0,1281302,false,false,0.4136670848833658
after,allWorld,cash,277,20,3,0,0,0,342962,0,1093094,false,false,0.4466756146045901
after,allWorld,cash,278,20,2,0,0,0,289091,0,1008775,false,false,0.4613305041437624
after,allWorld,cash,279,20,3,0,0,0,609528,0,1439881,false,false,0.4225509734128002
after,allWorld,cash,280,20,3,0,0,0,397074,0,862943,false,false,0.4660185757293841
after,allWorld,cash,281,20,2,0,0,0,366347,0,1921944,false,false,0.41798963042860154
after,allWorld,cash,282,20,2,0,0,0,155871,0,2567464,false,false,0.41445927092427437
after,allWorld,cash,283,20,5,0,0,0,849766,0,409234,false,false,0.4013586772933439
after,allWorld,cash,284,20,3,0,0,0,262015,0,1211845,false,false,0.44884266470037903
after,allWorld,cash,285,20,4,0,0,0,550813,0,1009700,false,false,0.41015603527306155
after,allWorld,cash,286,20,2,0,0,0,271683,0,1493097,false,false,0.4427686761223858
after,allWorld,cash,287,20,2,0,0,0,208733,0,1316643,false,false,0.4556927401292284
after,allWorld,cash,288,20,1,0,0,0,146388,0,1404697,false,false,0.46083075306316423
after,allWorld,cash,289,20,3,0,0,0,402289,0,1617304,false,false,0.41670094592574347
after,allWorld,cash,290,20,3,0,0,0,441633,0,1461731,false,false,0.43684651923434303
after,allWorld,cash,291,20,4,0,0,0,594089,0,796591,false,false,0.3790118282350324
after,allWorld,cash,292,20,3,0,0,0,367858,0,617604,false,false,0.48192004456819804
after,allWorld,cash,293,20,2,0,0,0,210255,0,2192368,false,false,0.4140327077750395
after,allWorld,cash,294,20,3,0,0,0,468055,0,1492448,false,false,0.4140594487050504
after,allWorld,cash,295,20,2,0,0,0,148069,0,1349752,false,false,0.49672637764097016
after,allWorld,cash,296,20,4,0,0,0,606175,1,1049251,false,false,0.4152743996635536
after,allWorld,cash,297,20,2,0,0,0,279090,0,1404236,false,false,0.431097039165102
after,allWorld,cash,298,20,2,0,0,0,255069,0,2175283,false,false,0.4152009412533251
after,allWorld,cash,299,20,5,0,0,0,842615,0,658170,false,false,0.38631535886257834
after,allWorld,cash,300,20,2,0,0,0,326955,0,1252279,false,false,0.44709840575503346
after,allWorld,cash,301,20,3,0,0,0,487229,0,1321900,false,false,0.4367741348620876
after,allWorld,cash,302,20,3,0,0,0,482892,0,1075411,false,false,0.44564719852413637
after,allWorld,cash,303,20,3,0,0,0,366450,0,927711,false,false,0.4829792456038519
after,allWorld,cash,304,20,2,0,0,0,275677,1,1683478,false,false,0.4280008637159301
after,allWorld,cash,305,20,2,0,0,0,274836,0,2288685,false,false,0.42478269654977785
after,allWorld,cash,306,20,1,0,0,0,55281,0,1724889,false,false,0.4236013971685103
after,allWorld,cash,307,20,2,0,0,0,183969,0,1587885,false,false,0.4219679419276986
after,allWorld,cash,308,20,5,0,0,0,731806,0,908268,false,false,0.4180586781674182
after,allWorld,cash,309,20,4,0,0,0,924635,0,2015085,false,false,0.40872396627613805
after,allWorld,cash,310,20,4,0,0,0,912739,0,480165,false,false,0.42916770273283883
after,allWorld,cash,311,20,2,0,0,0,333512,0,861888,false,false,0.48338109571261967
after,allWorld,cash,312,20,2,0,0,0,540404,0,961511,false,false,0.47171329389543637
after,allWorld,cash,313,20,3,0,0,0,408984,0,1641185,false,false,0.4233083474376249
after,allWorld,cash,314,20,3,0,0,0,423786,0,1211324,false,false,0.43328868639118356
after,allWorld,cash,315,20,0,0,0,0,0,0,1794844,false,false,0.4355862145296139
after,allWorld,cash,316,20,2,0,0,0,566754,0,1515612,false,false,0.4365003230544347
after,allWorld,cash,317,20,2,0,0,0,346586,0,1224149,false,false,0.4478422214750878
after,allWorld,cash,318,20,2,0,0,0,277410,0,942242,false,false,0.4299868004167989
after,allWorld,cash,319,20,2,0,0,0,282811,0,1317281,false,false,0.43779169975712773
after,allWorld,cash,320,20,4,0,0,0,603252,0,708596,false,false,0.39692115182784793
after,allWorld,cash,321,20,4,0,0,0,335368,0,2254784,false,false,0.4106295127909685
after,allWorld,cash,322,20,4,0,0,0,777126,0,1683085,false,false,0.3876223751728431
after,allWorld,cash,323,20,2,0,0,0,233445,0,1402032,false,false,0.43841013792658645
after,allWorld,cash,324,20,3,0,0,0,490340,0,1551255,false,false,0.4323148635824565
after,allWorld,cash,325,20,1,0,0,0,99153,0,2173581,false,false,0.4342834768289248
after,allWorld,cash,326,20,2,0,0,0,234831,0,1143491,false,false,0.4775715357924527
after,allWorld,cash,327,20,1,0,0,0,173692,0,1308497,false,false,0.46275544916234645
after,allWorld,cash,328,20,3,0,0,0,558317,0,833474,false,false,0.4845551395975708
after,allWorld,cash,329,20,2,0,0,0,317726,0,1303692,false,false,0.45142724145317503
after,allWorld,cash,330,20,2,0,0,0,400569,0,1290968,false,false,0.4878751513200218
after,allWorld,cash,331,20,2,0,0,0,360083,0,812135,false,false,0.49777161762007543
after,allWorld,cash,332,20,3,0,0,0,546017,0,1024650,false,false,0.44521684312621945
after,allWorld,cash,333,20,1,0,0,0,108673,0,1690012,false,false,0.4326834792832829
after,allWorld,cash,334,20,3,0,0,0,715486,0,1186282,false,false,0.45759241437523734
after,allWorld,cash,335,20,4,0,0,0,855396,0,1166895,false,false,0.4475215326762879
after,allWorld,cash,336,20,1,0,0,0,126388,0,1944473,false,false,0.4461617064323318
after,allWorld,cash,337,20,3,0,0,0,438074,0,1076274,false,false,0.43459668806069507
after,allWorld,cash,338,20,4,0,0,0,558582,1,1083831,false,false,0.42251645868333637
after,allWorld,cash,339,20,1,0,0,0,156173,0,1758200,false,false,0.42055504489473927
after,allWorld,cash,340,20,1,0,0,0,167063,0,1341880,false,false,0.46358792455927783
after,allWorld,cash,341,20,2,0,0,0,337034,0,1503946,false,false,0.43996332363170687
after,allWorld,cash,342,20,1,0,0,0,155566,0,1511211,false,false,0.4646590359842345
after,allWorld,cash,343,20,3,0,0,0,290481,0,2337234,false,false,0.40744757061452175
after,allWorld,cash,344,20,4,0,0,0,510668,0,1713370,false,false,0.3879198601229499
after,allWorld,cash,345,20,3,0,0,0,261631,1,1724680,false,false,0.43103856598887524
after,allWorld,cash,346,20,3,0,0,0,604916,0,864981,false,false,0.43179998284415105
after,allWorld,cash,347,20,4,0,0,0,501476,0,1105773,false,false,0.38063248319232945
after,allWorld,cash,348,20,4,0,0,0,682368,0,676828,false,false,0.48351350723888664
after,allWorld,cash,349,20,3,0,0,0,278831,0,835586,false,false,0.44562458399371685
after,allWorld,cash,350,20,3,0,0,0,554775,0,1230980,false,false,0.4318083061751622
after,allWorld,cash,351,20,2,0,0,0,308130,0,1165597,false,false,0.44289727824533676
after,allWorld,cash,352,20,4,0,0,0,471717,0,719149,false,false,0.4299544676509492
after,allWorld,cash,353,20,2,0,0,0,462380,0,2077310,false,false,0.4309531108705224
after,allWorld,cash,354,20,3,0,0,0,341972,0,1564896,false,false,0.41158784146915267
after,allWorld,cash,355,20,1,0,0,0,143719,0,1799181,false,false,0.4070290735433266
after,allWorld,cash,356,20,2,0,0,0,196329,0,2038085,false,false,0.39594328063165246
after,allWorld,cash,357,20,1,0,0,0,175576,0,1907763,false,false,0.45005011069406314
after,allWorld,cash,358,20,3,0,0,0,527647,0,907227,false,false,0.466779069780798
after,allWorld,cash,359,20,3,0,0,0,389744,0,859988,false,false,0.43061009964761476
after,allWorld,cash,360,20,3,0,0,0,589212,0,1250865,false,false,0.41339476489064014
after,allWorld,cash,361,20,5,0,0,0,758414,0,807132,false,false,0.43104836778826117
after,allWorld,cash,362,20,2,0,0,0,340534,0,1190114,false,false,0.46517573423573105
after,allWorld,cash,363,20,3,0,0,0,399098,0,1064504,false,false,0.47214702408105796
after,allWorld,cash,364,20,3,0,0,0,366390,0,1742475,false,false,0.42981785983411436
after,allWorld,cash,365,20,2,0,0,0,349011,0,1649140,false,false,0.42095093901617897
after,allWorld,cash,366,20,2,0,0,0,369666,0,1341044,false,false,0.46334141765434955
after,allWorld,cash,367,20,1,0,0,0,164831,0,1558370,false,false,0.44522534176803585
after,allWorld,cash,368,20,0,0,0,0,0,0,1921997,false,false,0.46645804528407286
after,allWorld,cash,369,20,2,0,0,0,268498,0,1391716,false,false,0.49676534957417695
after,allWorld,cash,370,20,3,0,0,0,505210,1,1023097,false,false,0.4265685822009452
after,allWorld,cash,371,20,2,0,0,0,297637,1,1659281,false,false,0.39317904340810295
after,allWorld,cash,372,20,2,0,0,0,415875,0,869664,false,false,0.4829434804013438
after,allWorld,cash,373,20,2,0,0,0,230281,0,1484366,false,false,0.45136324747754325
after,allWorld,cash,374,20,4,0,0,0,428681,0,1145203,false,false,0.42186019794079394
after,allWorld,cash,375,20,3,0,0,0,451202,0,1362030,false,false,0.4624150871053859
after,allWorld,cash,376,20,1,0,0,0,175003,0,1597007,false,false,0.4409281473360296
after,allWorld,cash,377,20,4,0,0,0,653892,0,428503,false,false,0.4280458628165137
after,allWorld,cash,378,20,2,0,0,0,466614,0,1368191,false,false,0.4460936541669909
after,allWorld,cash,379,20,3,0,0,0,497058,0,2267645,false,false,0.4280251839026284
after,allWorld,cash,380,20,4,0,0,0,677443,0,615462,false,false,0.3812922964162494
after,allWorld,cash,381,20,2,0,0,0,273494,0,1732385,false,false,0.44603679589420875
after,allWorld,cash,382,20,3,0,0,0,494572,1,1688823,false,false,0.4288076037403834
after,allWorld,cash,383,20,2,0,0,0,313593,0,1400728,false,false,0.4397621073650587
after,allWorld,cash,384,20,2,0,0,0,159831,0,1003872,false,false,0.47425764550577015
after,allWorld,cash,385,20,1,0,0,0,354176,0,940353,false,false,0.4231336304862407
after,allWorld,cash,386,20,1,0,0,0,145336,0,2124000,false,false,0.4428834725639656
after,allWorld,cash,387,20,2,0,0,0,294719,0,1711858,false,false,0.41028572069970226
after,allWorld,cash,388,20,2,0,0,0,204405,0,1453096,false,false,0.4365157856730046
after,allWorld,cash,389,20,2,0,0,0,351233,0,1034847,false,false,0.5344483557621971
after,allWorld,cash,390,20,2,0,0,0,324295,0,674632,false,false,0.47441012431739427
after,allWorld,cash,391,20,3,0,0,0,809475,0,1632813,false,false,0.4000974995450447
after,allWorld,cash,392,20,2,0,0,0,383358,0,1138983,false,false,0.4461467027225317
after,allWorld,cash,393,20,4,0,0,0,521084,0,1345314,false,false,0.43743877260678843
after,allWorld,cash,394,20,2,0,0,0,401561,0,2171717,false,false,0.4356579707242795
after,allWorld,cash,395,20,1,0,0,0,232090,0,1118180,false,false,0.4595634795137509
after,allWorld,cash,396,20,1,0,0,0,153242,0,1364829,false,false,0.4740710963866966
after,allWorld,cash,397,20,3,0,0,0,540545,0,1140777,false,false,0.4897058989365234
after,allWorld,cash,398,20,4,0,0,0,773888,0,986091,false,false,0.36350570221853673
after,allWorld,cash,399,20,3,0,0,0,426678,0,964942,false,false,0.46649149428573794
after,allWorld,cash,400,20,2,0,0,0,288144,0,2038945,false,false,0.4018558822804602
after,allWorld,cash,401,20,3,0,0,0,447922,0,1721744,false,false,0.40638901907536
after,allWorld,cash,402,20,3,0,0,0,375420,0,1031285,false,false,0.43179351523127113
after,allWorld,cash,403,20,3,0,0,0,521504,0,1930054,false,false,0.41667175652397354
after,allWorld,cash,404,20,2,0,0,0,404760,0,1442328,false,false,0.42928681305090244
after,allWorld,cash,405,20,2,0,0,0,219568,0,985444,false,false,0.4994444173384952
after,allWorld,cash,406,20,4,0,0,0,479859,1,1749610,false,false,0.41504922486703827
after,allWorld,cash,407,20,4,0,0,0,525120,0,1119002,false,false,0.45936765047691963
after,allWorld,cash,408,20,2,0,0,0,235300,0,1189118,false,false,0.43110390569548046
after,allWorld,cash,409,20,1,0,0,0,91977,0,1534706,false,false,0.49782304796377097
after,allWorld,cash,410,20,3,0,0,0,392168,0,1262427,false,false,0.5026862378421609
after,allWorld,cash,411,20,2,0,0,0,418001,0,1408095,false,false,0.458061008358081
after,allWorld,cash,412,20,1,0,0,0,127401,0,1783594,false,false,0.4296661928242157
after,allWorld,cash,413,20,3,0,0,0,412293,0,861185,false,false,0.41910161120327255
after,allWorld,cash,414,20,1,0,0,0,153038,0,2726127,false,false,0.4242865558414272
after,allWorld,cash,415,20,3,0,0,0,433409,0,1993608,false,false,0.4133595936875489
after,allWorld,cash,416,20,1,0,0,0,61797,0,1816151,false,false,0.44853308873625863
after,allWorld,cash,417,20,4,0,0,0,441442,0,1100728,false,false,0.4405159120661829
after,allWorld,cash,418,20,3,0,0,0,531269,0,1487413,false,false,0.4206684957559318
after,allWorld,cash,419,20,2,0,0,0,380060,0,1072084,false,false,0.4619640260045149
after,allWorld,cash,420,20,5,0,0,0,913143,0,896233,false,false,0.437847106950887
after,allWorld,cash,421,20,4,0,0,0,532730,0,660965,false,false,0.413583690969617
after,allWorld,cash,422,20,4,0,0,0,349521,0,650218,false,false,0.4818363174459786
after,allWorld,cash,423,20,4,0,0,0,605009,0,472518,false,false,0.46670818030964467
after,allWorld,cash,424,20,4,0,0,0,749414,0,677314,false,false,0.43266510432567856
after,allWorld,cash,425,20,2,0,0,0,288079,0,1247801,false,false,0.4628979983398618
after,allWorld,cash,426,20,2,0,0,0,419349,0,2141412,false,false,0.42585276818308754
after,allWorld,cash,427,20,1,0,0,0,87925,0,1305048,false,false,0.46716077992687505
after,allWorld,cash,428,20,1,0,0,0,63501,0,1801690,false,false,0.4684868165624449
after,allWorld,cash,429,20,2,0,0,0,335982,0,1220415,false,false,0.48037356861672675
after,allWorld,cash,430,20,3,0,0,0,380325,0,1157544,false,false,0.41187562331133654
after,allWorld,cash,431,20,4,0,0,0,517437,0,1022833,false,false,0.4342041269766058
after,allWorld,cash,432,20,2,0,0,0,393508,0,1272544,false,false,0.4649168866653948
after,allWorld,cash,433,20,1,0,0,0,212318,0,1691663,false,false,0.4665025818673111
after,allWorld,cash,434,20,3,0,0,0,422173,0,949627,false,false,0.46469267412640225
after,allWorld,cash,435,20,1,0,0,0,207964,0,1637533,false,false,0.4656427368236293
after,allWorld,cash,436,20,3,0,0,0,554640,0,810138,false,false,0.4587327071507751
after,allWorld,cash,437,20,1,0,0,0,197872,0,1109138,false,false,0.4609470449344862
after,allWorld,cash,438,20,2,0,0,0,415430,0,1421094,false,false,0.4424909227381276
after,allWorld,cash,439,20,4,0,0,0,729199,0,1414288,false,false,0.41236058127160435
after,allWorld,cash,440,20,3,0,0,0,534895,0,1200300,false,false,0.4588597094023342
after,allWorld,cash,441,20,3,0,0,0,433743,0,1752647,false,false,0.40442065402904676
after,allWorld,cash,442,20,2,0,0,0,343438,0,917116,false,false,0.4116817194550656
after,allWorld,cash,443,20,3,0,0,0,449514,0,844300,false,false,0.49059496266419966
after,allWorld,cash,444,20,4,0,0,0,590117,0,1162033,false,false,0.44131876545748766
after,allWorld,cash,445,20,1,0,0,0,117281,0,1849476,false,false,0.4444083815437045
after,allWorld,cash,446,20,5,1,1,6827,738697,0,285165,false,false,0.40685650722492517
after,allWorld,cash,447,20,1,0,0,0,123945,0,1035021,false,false,0.48938379660187004
after,allWorld,cash,448,20,3,0,0,0,437900,0,828192,false,false,0.46955911442326953
after,allWorld,cash,449,20,4,0,0,0,531490,0,632024,false,false,0.45417058534559046
after,allWorld,cash,450,20,2,0,0,0,304364,0,1226661,false,false,0.4572967346886808
after,allWorld,cash,451,20,2,0,0,0,271778,0,1662429,false,false,0.428055741752437
after,allWorld,cash,452,20,2,0,0,0,209854,0,1510868,false,false,0.43930926283205274
after,allWorld,cash,453,20,2,0,0,0,364928,0,1371681,false,false,0.44514213917465834
after,allWorld,cash,454,20,1,0,0,0,61640,0,1821812,false,false,0.43344474708289027
after,allWorld,cash,455,20,4,0,0,0,616652,0,1320275,false,false,0.4372989203354397
after,allWorld,cash,456,20,2,0,0,0,422803,0,1761179,false,false,0.42164264881773345
after,allWorld,cash,457,20,3,0,0,0,605554,0,998791,false,false,0.448552533944952
after,allWorld,cash,458,20,4,0,0,0,444608,0,979723,false,false,0.3794746489393059
after,allWorld,cash,459,20,1,0,0,0,97384,0,1454709,false,false,0.45328768843847866
after,allWorld,cash,460,20,1,0,0,0,123505,1,2161807,false,false,0.4233557207051672
after,allWorld,cash,461,20,5,0,0,0,786046,0,1135119,false,false,0.42170711482507217
after,allWorld,cash,462,20,3,0,0,0,516192,0,1804068,false,false,0.4241145505450687
after,allWorld,cash,463,20,2,0,0,0,299273,0,1347559,false,false,0.4160041809515027
after,allWorld,cash,464,20,2,0,0,0,390117,0,1012609,false,false,0.43788607546533526
after,allWorld,cash,465,20,2,0,0,0,260817,0,1458368,false,false,0.423856676162484
after,allWorld,cash,466,20,2,0,0,0,293507,0,1175190,false,false,0.46703659304021655
after,allWorld,cash,467,20,1,0,0,0,183128,0,1365720,false,false,0.4260275989926946
after,allWorld,cash,468,20,2,0,0,0,467634,0,1414688,false,false,0.44037011354757827
after,allWorld,cash,469,20,3,0,0,0,298107,0,1078973,false,false,0.44133378899445763
after,allWorld,cash,470,20,2,0,0,0,223849,0,1919765,false,false,0.43838942101244066
after,allWorld,cash,471,20,3,0,0,0,567986,0,638150,false,false,0.5047615059783632
after,allWorld,cash,472,20,3,0,0,0,337844,0,1129662,false,false,0.45495200336529973
after,allWorld,cash,473,20,1,0,0,0,178387,0,1690317,false,false,0.41915584106158177
after,allWorld,cash,474,20,3,0,0,0,662155,0,1119372,false,false,0.4199062688164039
after,allWorld,cash,475,20,2,0,0,0,430152,0,908405,false,false,0.45059167584682874
after,allWorld,cash,476,20,3,0,0,0,402383,0,1648385,false,false,0.44497436304339366
after,allWorld,cash,477,20,2,0,0,0,234424,0,1883728,false,false,0.4586108349797621
after,allWorld,cash,478,20,3,0,0,0,547422,0,573704,false,false,0.46752187064747835
after,allWorld,cash,479,20,2,0,0,0,245608,0,1433056,false,false,0.41732617550687434
after,allWorld,cash,480,20,2,0,0,0,297391,0,1920698,false,false,0.406042878893655
after,allWorld,cash,481,20,2,0,0,0,618507,0,1349697,false,false,0.45320570615349565
after,allWorld,cash,482,20,4,0,0,0,608259,1,1169039,false,false,0.43924758868208863
after,allWorld,cash,483,20,2,0,0,0,231088,0,1683864,false,false,0.45159222895719814
after,allWorld,cash,484,20,2,0,0,0,236151,0,1684415,false,false,0.4594304373813897
after,allWorld,cash,485,20,2,0,0,0,233857,0,2015578,false,false,0.43939586790179275
after,allWorld,cash,486,20,3,0,0,0,424783,0,1089030,false,false,0.4609427318549188
after,allWorld,cash,487,20,0,0,0,0,0,0,1812470,false,false,0.450793125530052
after,allWorld,cash,488,20,4,0,0,0,515829,0,1302072,false,false,0.4783220747799528
after,allWorld,cash,489,20,3,0,0,0,454426,0,1710665,false,false,0.43072046348087056
after,allWorld,cash,490,20,5,0,0,0,823700,0,978107,false,false,0.41254806625054
after,allWorld,cash,491,20,4,0,0,0,377386,1,904314,false,false,0.43436367396327
after,allWorld,cash,492,20,5,0,0,0,653887,1,996318,false,false,0.4406822631034496
after,allWorld,cash,493,20,4,0,0,0,745834,0,835870,false,false,0.4185646924035775
after,allWorld,cash,494,20,2,0,0,0,444682,0,1171303,false,false,0.4235808124957706
after,allWorld,cash,495,20,2,0,0,0,258930,0,976656,false,false,0.494350533837551
after,allWorld,cash,496,20,3,0,0,0,506740,1,1824757,false,false,0.41981168151974524
after,allWorld,cash,497,20,3,0,0,0,636446,0,1341320,false,false,0.43560453571435553
after,allWorld,cash,498,20,4,0,0,0,648703,0,1457038,false,false,0.38734127344481317
after,allWorld,cash,499,20,2,0,0,0,300651,0,1479598,false,false,0.4323420632539726
after,allWorld,cash,500,20,2,0,0,0,279546,0,1370008,false,false,0.4586661459340955
after,allWorld,cash,501,20,3,0,0,0,445072,0,1598166,false,false,0.4323846980847697
after,allWorld,cash,502,20,5,0,0,0,808180,0,1006070,false,false,0.4127876249885839
after,allWorld,cash,503,20,2,0,0,0,271151,0,2055787,false,false,0.4279828173382625
after,allWorld,cash,504,20,4,0,0,0,543593,0,825475,false,false,0.4311051256845045
after,allWorld,cash,505,20,2,0,0,0,372021,0,1606987,false,false,0.444481696514104
after,allWorld,cash,506,20,2,0,0,0,446060,0,1285628,false,false,0.45790630925323567
after,allWorld,cash,507,20,3,0,0,0,378435,1,2352687,false,false,0.4328789119814913
after,allWorld,cash,508,20,4,0,0,0,576461,0,957147,false,false,0.40813625477194365
after,allWorld,cash,509,20,1,0,0,0,194008,0,1318988,false,false,0.46310143090564526
after,allWorld,cash,510,20,1,0,0,0,150282,0,1474029,false,false,0.42907932988857234
after,allWorld,cash,511,20,2,0,0,0,332940,0,1215212,false,false,0.46054187884860803
after,allWorld,cash,512,20,3,0,0,0,568525,0,1595730,false,false,0.4717608967091992
after,allWorld,cash,513,20,4,0,0,0,680783,0,884647,false,false,0.43565922144872704
after,allWorld,cash,514,20,1,0,0,0,69980,0,1642561,false,false,0.48806143530189494
after,allWorld,cash,515,20,3,0,0,0,564982,0,874929,false,false,0.41361754831666897
after,allWorld,cash,516,20,2,0,0,0,260151,0,1622560,false,false,0.4402889612952121
after,allWorld,cash,517,20,2,0,0,0,193364,0,1325772,false,false,0.4333042795886207
after,allWorld,cash,518,20,2,0,0,0,438216,0,860064,false,false,0.5027521428329552
after,allWorld,cash,519,20,2,0,0,0,262158,0,1810359,false,false,0.4482905279850361
after,allWorld,cash,520,20,3,0,0,0,343801,0,912379,false,false,0.4414983013424404
after,allWorld,cash,521,20,2,0,0,0,277761,0,1325294,false,false,0.45838330249815434
after,allWorld,cash,522,20,4,0,0,0,558055,0,932794,false,false,0.43865907976401075
after,allWorld,cash,523,20,2,0,0,0,181227,0,1498726,false,false,0.44303272302136343
after,allWorld,cash,524,20,3,0,0,0,421623,0,1264770,false,false,0.43749289145447107
after,allWorld,cash,525,20,0,0,0,0,0,0,1067426,false,false,0.45110925631305604
after,allWorld,cash,526,20,5,0,0,0,898906,0,244769,false,false,0.3932690601714412
after,allWorld,cash,527,20,3,0,0,0,603526,0,1206638,false,false,0.42013196260483987
after,allWorld,cash,528,20,1,0,0,0,89029,0,750823,false,false,0.5872304452099076
after,allWorld,cash,529,20,3,0,0,0,622171,0,1069303,false,false,0.42733587719339744
after,allWorld,cash,530,20,5,0,0,0,682513,0,713427,false,false,0.43427503735453865
after,allWorld,cash,531,20,2,0,0,0,403388,0,1601105,false,false,0.3866674014075474
after,allWorld,cash,532,20,2,0,0,0,222364,0,1000331,false,false,0.4295448378413688
after,allWorld,cash,533,20,1,0,0,0,79532,0,1917063,false,false,0.44874936817758115
after,allWorld,cash,534,20,4,0,0,0,867990,0,1138158,false,false,0.4036913491369389
after,allWorld,cash,535,20,3,0,0,0,432340,0,1122340,false,false,0.4551795991707112
after,allWorld,cash,536,20,1,0,0,0,170507,0,1797970,false,false,0.4454576026514654
after,allWorld,cash,537,20,2,0,0,0,261567,0,2038930,false,false,0.43039067406878323
after,allWorld,cash,538,20,2,0,0,0,308983,0,1854762,false,false,0.43004645676388426
after,allWorld,cash,539,20,1,0,0,0,117427,0,2702551,false,false,0.43520075740300523
after,allWorld,cash,540,20,4,0,0,0,496641,0,1052214,false,false,0.47011446503705445
after,allWorld,cash,541,20,3,0,0,0,450424,0,1813908,false,false,0.4007752620739563
after,allWorld,cash,542,20,3,0,0,0,330767,0,1015683,false,false,0.4741062473975113
after,allWorld,cash,543,20,5,0,0,0,697621,0,835949,false,false,0.40802149824387
after,allWorld,cash,544,20,0,0,0,0,0,0,1768009,false,false,0.4642280687813026
after,allWorld,cash,545,20,2,0,0,0,232364,0,1334893,false,false,0.44992377813766593
after,allWorld,cash,546,20,0,0,0,0,0,0,1195496,false,false,0.552120962274748
after,allWorld,cash,547,20,3,0,0,0,507757,0,1041343,false,false,0.43258592611549007
after,allWorld,cash,548,20,3,0,0,0,370414,1,1894832,false,false,0.410687227049516
after,allWorld,cash,549,20,3,0,0,0,463318,0,1089390,false,false,0.4502773241848554
after,allWorld,cash,550,20,2,0,0,0,227368,0,1420306,false,false,0.4633095845424878
after,allWorld,cash,551,20,1,0,0,0,74585,0,1529120,false,false,0.43165966188777993
after,allWorld,cash,552,20,2,0,0,0,363094,0,1841769,false,false,0.42697218877030235
after,allWorld,cash,553,20,4,0,0,0,760479,0,1537414,false,false,0.4084578380885372
after,allWorld,cash,554,20,3,0,0,0,434660,0,1078754,false,false,0.43057436827076667
after,allWorld,cash,555,20,3,0,0,0,524098,1,1111575,false,false,0.43787128084069626
after,allWorld,cash,556,20,1,0,0,0,222863,0,1898822,false,false,0.44275089967762404
after,allWorld,cash,557,20,2,0,0,0,213730,0,1260179,false,false,0.465513286037865
after,allWorld,cash,558,20,3,0,0,0,492274,0,1078962,false,false,0.4282409578009355
after,allWorld,cash,559,20,2,0,0,0,389438,0,1709325,false,false,0.4219181825371029
after,allWorld,cash,560,20,4,0,0,0,686700,0,1164140,false,false,0.39302263625828443
after,allWorld,cash,561,20,1,0,0,0,191753,0,2007092,false,false,0.4233137671817568
after,allWorld,cash,562,20,4,0,0,0,702454,0,890423,false,false,0.4319426813430686
after,allWorld,cash,563,20,0,0,0,0,0,0,1356467,false,false,0.4780897694381972
after,allWorld,cash,564,20,1,0,0,0,75201,0,1097027,false,false,0.5347186177881778
after,allWorld,cash,565,20,4,0,0,0,941521,0,858115,false,false,0.43512958076071084
after,allWorld,cash,566,20,2,0,0,0,154437,0,2325141,false,false,0.4312656187083312
after,allWorld,cash,567,20,2,0,0,0,268158,0,1004795,false,false,0.4695228658950291
after,allWorld,cash,568,20,2,0,0,0,279589,0,1997917,false,false,0.43843276583902907
after,allWorld,cash,569,20,1,0,0,0,109599,0,2183747,false,false,0.44758925160169144
after,allWorld,cash,570,20,1,0,0,0,316601,0,1293033,false,false,0.44211731863065806
after,allWorld,cash,571,20,4,0,0,0,468698,1,2205878,false,false,0.40308548392600035
after,allWorld,cash,572,20,4,0,0,0,595127,0,1240559,false,false,0.40261720957839764
after,allWorld,cash,573,20,2,0,0,0,320294,0,1414651,false,false,0.4168587100272137
after,allWorld,cash,574,20,2,0,0,0,272350,0,1447415,false,false,0.4456883036130555
after,allWorld,cash,575,20,3,0,0,0,465020,0,1451982,false,false,0.4657765982177596
after,allWorld,cash,576,20,2,0,0,0,364809,0,831603,false,false,0.4577124453478481
after,allWorld,cash,577,20,3,0,0,0,375894,1,1425410,false,false,0.44178005663542647
after,allWorld,cash,578,20,2,0,0,0,250490,0,1165069,false,false,0.4860478984866078
after,allWorld,cash,579,20,2,0,0,0,356342,0,1350546,false,false,0.41031384595506537
after,allWorld,cash,580,20,1,0,0,0,232211,0,1305894,false,false,0.444837215291831
after,allWorld,cash,581,20,3,0,0,0,541619,0,826926,false,false,0.43236919797149687
after,allWorld,cash,582,20,2,0,0,0,343697,0,1269046,false,false,0.42587248751221196
after,allWorld,cash,583,20,3,0,0,0,544520,0,1154491,false,false,0.44321914681018715
after,allWorld,cash,584,20,2,0,0,0,387060,0,629494,false,false,0.49702045203972733
after,allWorld,cash,585,20,5,0,0,0,576534,0,1225952,false,false,0.4129268374585954
after,allWorld,cash,586,20,3,0,0,0,279089,1,1393006,false,false,0.4416153386821923
after,allWorld,cash,587,20,2,0,0,0,427102,0,1029144,false,false,0.46491344967240716
after,allWorld,cash,588,20,4,0,0,0,751388,0,1170094,false,false,0.4166179794445221
after,allWorld,cash,589,20,4,0,0,0,620778,0,981591,false,false,0.4062112057000514
after,allWorld,cash,590,20,3,0,0,0,303077,0,1826994,false,false,0.41595948509398867
after,allWorld,cash,591,20,2,0,0,0,438496,0,915953,false,false,0.4757355238030557
after,allWorld,cash,592,20,4,0,0,0,591771,0,1109303,false,false,0.46593701921626574
after,allWorld,cash,593,20,3,0,0,0,423521,1,1448322,false,false,0.4198427282042122
after,allWorld,cash,594,20,3,0,0,0,549538,0,728998,false,false,0.4910727713834687
after,allWorld,cash,595,20,2,0,0,0,208637,0,1507725,false,false,0.4486347715788397
after,allWorld,cash,596,20,1,0,0,0,174940,0,2930965,false,false,0.4270199819115371
after,allWorld,cash,597,20,3,0,0,0,433086,0,1064714,false,false,0.4526011558490063
after,allWorld,cash,598,20,2,0,0,0,344374,0,1016432,false,false,0.5036989852404432
after,allWorld,cash,599,20,2,0,0,0,343233,0,1488348,false,false,0.412672770048753
after,allWorld,standard,0,20,2,1,1,2988,353421,0,3165361,true,false,0.11220477266184452
after,allWorld,standard,1,20,2,0,0,0,401336,0,4051678,true,false,0.1574624792044445
after,allWorld,standard,2,20,2,0,0,0,432972,0,4345763,true,false,0.13295941002749107
after,allWorld,standard,3,20,2,0,0,0,406774,0,1866304,false,false,0.15271954206385688
after,allWorld,standard,4,20,1,0,0,0,64481,0,2588631,false,false,0.15903560082072826
after,allWorld,standard,5,20,2,0,0,0,205532,0,2231535,false,false,0.13226224101347028
after,allWorld,standard,6,20,3,1,1,95702,405991,0,2993831,false,false,0.07121441387833231
after,allWorld,standard,7,20,4,3,3,135863,456343,1,1585689,false,false,0.07996250126654154
after,allWorld,standard,8,20,1,0,0,0,263013,0,1479961,false,false,0.21021065677249723
after,allWorld,standard,9,20,2,1,1,1596,424055,0,4080995,true,false,0.12764110569147452
after,allWorld,standard,10,20,2,0,0,0,250115,0,1751141,false,false,0.19182380284856976
after,allWorld,standard,11,20,3,1,1,140653,568830,0,1012958,false,false,0.14531417920505446
after,allWorld,standard,12,20,2,0,0,0,431463,0,1060246,false,false,0.14120480323058676
after,allWorld,standard,13,20,2,0,0,0,292895,0,3530043,true,false,0.15069826510772327
after,allWorld,standard,14,20,2,1,1,33046,260598,0,1296699,false,false,0.14055445457885316
after,allWorld,standard,15,20,1,0,0,0,236335,0,3118514,true,false,0.16758326228101994
after,allWorld,standard,16,20,3,2,2,6313,509390,0,2967429,false,false,0.10583843925419416
after,allWorld,standard,17,20,2,1,1,23615,352974,0,5779692,true,false,0.08721629356140605
after,allWorld,standard,18,20,5,2,2,169288,823782,0,3308118,true,false,0.05536335209753953
after,allWorld,standard,19,20,3,2,2,322275,735736,0,3869980,true,false,0.09469494428331818
after,allWorld,standard,20,20,2,2,2,82185,243186,0,1257690,false,false,0.11289081295422247
after,allWorld,standard,21,20,4,1,1,86498,507296,0,3077678,true,false,0.08354264061452475
after,allWorld,standard,22,20,4,2,2,237199,587977,0,1228018,false,false,0.11049982288861933
after,allWorld,standard,23,20,2,0,0,0,423057,0,2581772,false,false,0.13422632180557328
after,allWorld,standard,24,20,4,0,0,0,583314,0,3872375,true,false,0.0775616533137036
after,allWorld,standard,25,20,1,0,0,0,123687,0,2684302,false,false,0.16965755363168583
after,allWorld,standard,26,20,1,0,0,0,56633,0,2406675,false,false,0.15285845824360417
after,allWorld,standard,27,20,1,0,0,0,71193,0,2026211,false,false,0.19508254119414753
after,allWorld,standard,28,20,2,0,0,0,361061,0,1680433,false,false,0.15447363091112204
after,allWorld,standard,29,20,2,0,0,0,342034,0,2578106,false,false,0.17373341243470763
after,allWorld,standard,30,20,1,0,0,0,175683,0,2741676,false,false,0.16212602870603662
after,allWorld,standard,31,20,2,0,0,0,309806,0,2677817,false,false,0.11499616656531227
after,allWorld,standard,32,20,4,2,2,321305,714914,0,528084,false,false,0.14999099922201062
after,allWorld,standard,33,20,0,0,0,0,0,0,2704049,false,false,0.140909857103421
after,allWorld,standard,34,20,1,0,0,0,295590,0,2871145,false,false,0.15038290810834354
after,allWorld,standard,35,20,2,0,0,0,308519,0,2309879,false,false,0.1738570287767224
after,allWorld,standard,36,20,1,0,0,0,101623,0,3098046,true,false,0.18561771075527905
after,allWorld,standard,37,20,2,0,0,0,241828,0,1641989,false,false,0.1624304602564271
after,allWorld,standard,38,20,4,2,2,142504,788047,0,1868593,false,false,0.10943868882139877
after,allWorld,standard,39,20,2,1,1,50240,429686,0,1748134,false,false,0.21583173157187732
after,allWorld,standard,40,20,3,2,2,146399,723569,0,4540425,true,false,0.1201498384709901
after,allWorld,standard,41,20,2,0,0,0,217122,0,2507278,false,false,0.13100925678400596
after,allWorld,standard,42,20,2,0,0,0,298616,0,1856346,false,false,0.15553696966305014
after,allWorld,standard,43,20,3,2,2,202003,600149,0,3080556,true,false,0.08667343125695551
after,allWorld,standard,44,20,3,1,1,43475,743270,1,4317520,true,false,0.07955982788899223
after,allWorld,standard,45,20,4,2,2,131703,537589,0,586668,false,false,0.14438475651274257
after,allWorld,standard,46,20,3,0,0,0,540764,0,429390,false,false,0.17479049472437663
after,allWorld,standard,47,20,3,1,1,58452,441751,0,1945660,false,false,0.10670892588462126
after,allWorld,standard,48,20,2,2,2,77945,332396,0,1734049,false,false,0.14260412241684833
after,allWorld,standard,49,20,3,1,1,90232,501216,0,749454,false,false,0.14813993881556747
after,allWorld,standard,50,20,3,1,1,7585,585033,1,3336699,true,false,0.08027615863223514
after,allWorld,standard,51,20,2,0,0,0,275826,1,2823301,false,false,0.16540717320531256
after,allWorld,standard,52,20,3,2,2,234445,492767,0,2010782,false,false,0.11784117168758587
after,allWorld,standard,53,20,3,1,1,2091,666271,0,1896629,false,false,0.0719394979589187
after,allWorld,standard,54,20,2,0,0,0,177458,0,5921064,true,false,0.10536219324016986
after,allWorld,standard,55,20,3,3,3,328009,480160,0,744603,false,false,0.11405873210510613
after,allWorld,standard,56,20,2,0,0,0,330184,0,3516533,true,false,0.14514388808547193
after,allWorld,standard,57,20,0,0,0,0,0,0,2187971,false,false,0.18288028728161804
after,allWorld,standard,58,20,3,1,1,142183,463709,0,1018264,false,false,0.11757165152440933
after,allWorld,standard,59,20,2,0,0,0,272524,0,5580335,true,false,0.15753759863819775
after,allWorld,standard,60,20,4,1,1,30960,585777,0,3540119,true,false,0.203766867910172
after,allWorld,standard,61,20,5,3,3,121268,691402,0,4892128,true,false,0.042223914278415896
after,allWorld,standard,62,20,1,0,0,0,130393,0,3036680,true,false,0.11958210580861259
after,allWorld,standard,63,20,1,0,0,0,177492,0,2852687,false,false,0.16388523448591955
after,allWorld,standard,64,20,2,0,0,0,333403,0,7730128,true,false,0.1168542585787371
after,allWorld,standard,65,20,4,1,1,108979,722946,1,3198223,true,false,0.11823362867024789
after,allWorld,standard,66,20,1,0,0,0,148042,0,1597104,false,false,0.20878918997619017
after,allWorld,standard,67,20,3,1,1,75245,372743,0,763970,false,false,0.13105385809554376
after,allWorld,standard,68,20,2,0,0,0,477852,0,6507508,true,false,0.10502788946068228
after,allWorld,standard,69,20,3,3,3,88117,661941,0,2636160,false,false,0.12235388292388186
after,allWorld,standard,70,20,2,1,1,12963,320397,0,2202453,false,false,0.13630409771278656
after,allWorld,standard,71,20,5,3,3,176636,596775,0,1585440,false,false,0.08229699928296297
after,allWorld,standard,72,20,3,0,0,0,462331,0,4385517,true,false,0.18206641733482815
after,allWorld,standard,73,20,2,0,0,0,165110,0,1611023,false,false,0.15676466993200602
after,allWorld,standard,74,20,3,1,1,123198,562089,0,984916,false,false,0.13362880733503282
after,allWorld,standard,75,20,2,0,0,0,249589,0,2394913,false,false,0.18779948188779608
after,allWorld,standard,76,20,3,1,1,23617,541486,0,2744647,false,false,0.08027193483201778
after,allWorld,standard,77,20,3,0,0,0,455537,0,2041725,false,false,0.18657096609835613
after,allWorld,standard,78,20,1,0,0,0,184055,0,4663636,true,false,0.16352097492246992
after,allWorld,standard,79,20,2,0,0,0,262144,0,755879,false,false,0.1321759541851579
after,allWorld,standard,80,20,2,0,0,0,422411,0,2477139,false,false,0.1839171155860853
after,allWorld,standard,81,20,4,1,1,27897,774011,0,4137338,true,false,0.09475228698962498
after,allWorld,standard,82,20,3,2,2,99284,600373,0,2217759,false,false,0.12221837133248506
after,allWorld,standard,83,20,3,2,2,274618,666465,0,3243554,true,false,0.0954914790317124
after,allWorld,standard,84,20,3,0,0,0,442964,0,6597316,true,false,0.07763351161659185
after,allWorld,standard,85,20,3,2,2,203941,634553,0,1628681,false,false,0.13699976238256023
after,allWorld,standard,86,20,2,0,0,0,354350,0,3717270,true,false,0.11067455479852273
after,allWorld,standard,87,20,2,0,0,0,283900,0,1566926,false,false,0.1967178985123523
after,allWorld,standard,88,20,2,0,0,0,307877,0,6031505,true,false,0.10976672521393176
after,allWorld,standard,89,20,2,1,1,25887,343029,0,1869779,false,false,0.14620264249723297
after,allWorld,standard,90,20,2,0,0,0,201593,0,2709778,false,false,0.1571677811178928
after,allWorld,standard,91,20,2,1,1,28548,260680,0,1950645,false,false,0.10607938098652585
after,allWorld,standard,92,20,3,2,2,30251,389804,0,1080756,false,false,0.15738956581733596
after,allWorld,standard,93,20,1,1,1,41450,161404,0,1416970,false,false,0.23649734748564316
after,allWorld,standard,94,20,3,3,3,161913,586273,0,2358457,false,false,0.09921639023417475
after,allWorld,standard,95,20,1,0,0,0,54069,0,6413600,true,false,0.12418103565580078
after,allWorld,standard,96,20,1,0,0,0,113432,0,2552496,false,false,0.17229463381774854
after,allWorld,standard,97,20,2,1,1,57179,447300,0,3931664,true,false,0.09984494658395822
after,allWorld,standard,98,20,3,2,2,335014,633887,0,2460306,false,false,0.12869659658909263
after,allWorld,standard,99,20,2,0,0,0,234738,0,1549285,false,false,0.28326122378227436
after,allWorld,standard,100,20,4,3,3,122769,834013,0,4187240,true,false,0.056795073524509146
after,allWorld,standard,101,20,4,2,2,211833,878519,0,2337035,false,false,0.10773489575309383
after,allWorld,standard,102,20,3,3,3,280735,605489,0,3238088,true,false,0.118074733567856
after,allWorld,standard,103,20,3,2,2,66581,407488,0,912037,false,false,0.08826783134520819
after,allWorld,standard,104,20,3,1,1,107562,604734,0,2708343,false,false,0.12252942986756324
after,allWorld,standard,105,20,4,2,2,162064,638523,0,2868910,false,false,0.061425580651374934
after,allWorld,standard,106,20,2,1,1,20160,313385,0,1804844,false,false,0.1230834384271278
after,allWorld,standard,107,20,2,0,0,0,390972,0,1761463,false,false,0.12488739080677087
after,allWorld,standard,108,20,1,0,0,0,113773,0,4638263,true,false,0.11486135811522365
after,allWorld,standard,109,20,2,1,1,86494,417799,0,2758467,false,false,0.16174594235925488
after,allWorld,standard,110,20,1,0,0,0,100871,0,3662297,true,false,0.14676666267177924
after,allWorld,standard,111,20,2,0,0,0,310320,0,2735478,false,false,0.16191339544943695
after,allWorld,standard,112,20,2,0,0,0,482859,0,4650307,true,false,0.10959433240068586
after,allWorld,standard,113,20,2,1,1,35956,298987,0,994116,false,false,0.16437525095795208
after,allWorld,standard,114,20,3,0,0,0,568965,0,4404612,true,false,0.12017591487701082
after,allWorld,standard,115,20,1,0,0,0,152012,0,2310148,false,false,0.1765624009134124
after,allWorld,standard,116,20,2,1,1,116775,466021,0,1794608,false,false,0.15396434834980158
after,allWorld,standard,117,20,2,1,1,16828,261189,0,1417984,false,false,0.11477437831758901
after,allWorld,standard,118,20,3,1,1,70700,411460,0,633949,false,false,0.12810061686508173
after,allWorld,standard,119,20,2,0,0,0,298901,0,5438303,true,false,0.12603206359045083
after,allWorld,standard,120,20,2,0,0,0,358709,0,3833072,true,false,0.18402746063709602
after,allWorld,standard,121,20,2,1,1,29183,321491,1,3425229,true,false,0.10389155306765482
after,allWorld,standard,122,20,3,1,1,45407,580647,0,4094270,true,false,0.15881126827931802
after,allWorld,standard,123,20,1,1,1,100021,210021,0,2269333,false,false,0.12561763231489356
after,allWorld,standard,124,20,1,1,1,103091,271769,0,1978997,false,false,0.22774878672164894
after,allWorld,standard,125,20,1,0,0,0,211963,0,4987293,true,false,0.14555562136083577
after,allWorld,standard,126,20,1,0,0,0,108581,0,4205935,true,false,0.0991483455822835
after,allWorld,standard,127,20,1,0,0,0,111836,0,4226105,true,false,0.11295753108906544
after,allWorld,standard,128,20,3,0,0,0,280355,0,1478311,false,false,0.12094247198755717
after,allWorld,standard,129,20,2,0,0,0,368454,0,1025430,false,false,0.28987970512816114
after,allWorld,standard,130,20,1,1,1,101308,167496,0,2056205,false,false,0.131172239004478
after,allWorld,standard,131,20,2,0,0,0,364293,0,1844621,false,false,0.13312140155355803
after,allWorld,standard,132,20,2,1,1,117004,410637,0,1372618,false,false,0.22758653873452253
after,allWorld,standard,133,20,1,0,0,0,118121,0,2609209,false,false,0.2416331265069188
after,allWorld,standard,134,20,2,0,0,0,251731,1,2166073,false,false,0.20463306729666608
after,allWorld,standard,135,20,2,0,0,0,647234,0,3924879,true,false,0.12995277949974343
after,allWorld,standard,136,20,4,3,3,202096,847422,0,1838003,false,false,0.082765747512551
after,allWorld,standard,137,20,3,1,1,224371,837145,0,4419911,true,false,0.11645341084466873
after,allWorld,standard,138,20,1,0,0,0,225342,0,5206165,true,false,0.1307979855771239
after,allWorld,standard,139,20,1,0,0,0,349819,0,5392017,true,false,0.13638056800449605
after,allWorld,standard,140,20,3,0,0,0,403697,0,6207516,true,false,0.08130646863631387
after,allWorld,standard,141,20,6,4,4,542298,995532,0,1127102,false,false,0.07729526215408938
after,allWorld,standard,142,20,3,1,1,80413,349663,0,1011225,false,false,0.08726991690330958
after,allWorld,standard,143,20,2,0,0,0,381704,0,2286707,false,false,0.18526262566128288
after,allWorld,standard,144,20,5,3,3,176263,674885,0,585394,false,false,0.10972858594948003
after,allWorld,standard,145,20,2,1,1,5263,274447,1,9603818,true,false,0.06891503193181549
after,allWorld,standard,146,20,3,2,2,169691,547647,0,2225725,false,false,0.11400189577030968
after,allWorld,standard,147,20,3,1,1,52148,422421,0,3932184,true,false,0.08295760848325767
after,allWorld,standard,148,20,5,0,0,0,761792,0,1555161,false,false,0.11741570295462626
after,allWorld,standard,149,20,4,1,1,30209,690546,0,3187517,true,false,0.12188374263675386
after,allWorld,standard,150,20,2,0,0,0,266813,0,1965145,false,false,0.20878384531544722
after,allWorld,standard,151,20,4,1,1,3599,595387,0,2074198,false,false,0.09557484051335645
after,allWorld,standard,152,20,1,1,1,74840,190389,0,1727442,false,false,0.13332000045556663
after,allWorld,standard,153,20,2,0,0,0,403193,0,2966270,false,false,0.10674242902907474
after,allWorld,standard,154,20,3,0,0,0,571472,0,8979898,true,false,0.12830043519602655
after,allWorld,standard,155,20,2,1,1,84589,612546,0,4079149,true,false,0.12234744466924415
after,allWorld,standard,156,20,3,1,1,52384,654791,0,3081499,true,false,0.08194398432566663
after,allWorld,standard,157,20,3,2,2,107528,386142,0,1775383,false,false,0.10387241108065182
after,allWorld,standard,158,20,4,1,1,134882,725257,0,1220782,false,false,0.15871821922829152
after,allWorld,standard,159,20,2,2,2,105745,302936,0,1576218,false,false,0.21320020620725888
after,allWorld,standard,160,20,3,1,1,23796,400022,1,1470501,false,false,0.12441414036710434
after,allWorld,standard,161,20,1,0,0,0,249830,0,3212980,true,false,0.15126784219321832
after,allWorld,standard,162,20,1,1,1,37973,114795,0,6050813,true,false,0.09890300641855353
after,allWorld,standard,163,20,0,0,0,0,0,0,7669003,true,false,0.18627633786521253
after,allWorld,standard,164,20,3,0,0,0,430049,0,3318685,true,false,0.1625462791484711
after,allWorld,standard,165,20,2,1,1,71551,268547,0,1998194,false,false,0.11387439497725474
after,allWorld,standard,166,20,4,3,3,409906,733620,0,775666,false,false,0.12360524963177588
after,allWorld,standard,167,20,2,0,0,0,310383,0,1443333,false,false,0.1327449482996186
after,allWorld,standard,168,20,2,1,1,175586,486306,0,3658263,true,false,0.12268938535059797
after,allWorld,standard,169,20,2,1,1,104808,526680,0,3508976,true,false,0.13471603622120826
after,allWorld,standard,170,20,3,1,1,148095,413938,0,2152016,false,false,0.09111405330516711
after,allWorld,standard,171,20,1,0,0,0,267445,0,3350265,true,false,0.18831483621176023
after,allWorld,standard,172,20,1,0,0,0,262134,0,6274747,true,false,0.13934102002617355
after,allWorld,standard,173,20,2,0,0,0,214721,0,2069768,false,false,0.14188030461877962
after,allWorld,standard,174,20,4,3,3,337220,667289,0,1799438,false,false,0.08346578787553939
after,allWorld,standard,175,20,3,2,2,232795,554306,0,594838,false,false,0.10969214351436274
after,allWorld,standard,176,20,4,2,2,293143,758075,0,1898181,false,false,0.0843944831817847
after,allWorld,standard,177,20,3,0,0,0,466377,0,2690156,false,false,0.12425233652447047
after,allWorld,standard,178,20,4,3,3,495124,827346,0,1011058,false,false,0.1817011346223349
after,allWorld,standard,179,20,4,2,2,314103,753609,0,981699,false,false,0.15260850239424706
after,allWorld,standard,180,20,2,1,1,235920,564425,0,2913904,false,false,0.15567516890620042
after,allWorld,standard,181,20,3,0,0,0,705106,0,3483492,true,false,0.16940292748910066
after,allWorld,standard,182,20,2,0,0,0,455846,0,5358778,true,false,0.1210561555448979
after,allWorld,standard,183,20,3,2,2,26693,409150,0,2027445,false,false,0.13673925374968834
after,allWorld,standard,184,20,4,2,2,202004,561246,0,159476,false,false,0.197549551979916
after,allWorld,standard,185,20,3,0,0,0,555483,0,4562084,true,false,0.09014191686696975
after,allWorld,standard,186,20,3,1,1,26057,661098,0,1506606,false,false,0.13949183277640614
after,allWorld,standard,187,20,2,0,0,0,358893,0,2485200,false,false,0.14976609043710892
after,allWorld,standard,188,20,2,1,1,130871,355158,0,1270871,false,false,0.14982853319084768
after,allWorld,standard,189,20,3,2,2,244550,551575,1,2428819,false,false,0.14198259521623516
after,allWorld,standard,190,20,3,3,3,328719,597059,0,1809393,false,false,0.12271102955241334
after,allWorld,standard,191,20,3,1,1,46333,626354,0,1653677,false,false,0.2177652391987185
after,allWorld,standard,192,20,1,1,1,78956,285893,0,1086664,false,false,0.16702911562813033
after,allWorld,standard,193,20,3,0,0,0,478669,0,2128967,false,false,0.10623322004142513
after,allWorld,standard,194,20,2,1,1,108480,461618,0,2472232,false,false,0.20609317009438116
after,allWorld,standard,195,20,3,1,1,21935,467382,0,2209406,false,false,0.13612668743748738
after,allWorld,standard,196,20,5,5,5,522115,782065,0,1175017,false,false,0.08039984935561889
after,allWorld,standard,197,20,3,0,0,0,402472,0,6799001,true,false,0.06274525946878731
after,allWorld,standard,198,20,2,0,0,0,287561,0,686280,false,false,0.23519636298176097
after,allWorld,standard,199,20,4,1,1,12584,400872,0,1296301,false,false,0.10235889069340882
after,allWorld,standard,200,20,3,0,0,0,389130,0,2744084,false,false,0.14623791382023646
after,allWorld,standard,201,20,2,0,0,0,265941,1,2402511,false,false,0.15609712492064984
after,allWorld,standard,202,20,3,1,1,5894,475204,0,5478390,true,false,0.06535423143086046
after,allWorld,standard,203,20,3,2,2,61449,697654,0,1525930,false,false,0.136606010606042
after,allWorld,standard,204,20,1,0,0,0,71302,0,1594610,false,false,0.20938398080631515
after,allWorld,standard,205,20,2,0,0,0,350658,0,6895928,true,false,0.072311718434852
after,allWorld,standard,206,20,2,1,1,76339,294494,0,3281793,true,false,0.12573375920124288
after,allWorld,standard,207,20,4,1,1,142093,801913,0,3801846,true,false,0.10241766847956639
after,allWorld,standard,208,20,2,0,0,0,206362,0,7582418,true,false,0.10339247728828918
after,allWorld,standard,209,20,1,1,1,74230,205403,0,3595206,true,false,0.14194065026127736
after,allWorld,standard,210,20,2,1,1,110454,464973,0,1362492,false,false,0.17453957821145571
after,allWorld,standard,211,20,3,1,1,53382,421630,0,704349,false,false,0.19464875414442323
after,allWorld,standard,212,20,3,0,0,0,652340,0,4505831,true,false,0.09919183416275648
after,allWorld,standard,213,20,3,3,3,277630,506616,0,2253457,false,false,0.06762157732153527
after,allWorld,standard,214,20,5,3,3,266584,741269,0,1849040,false,false,0.097378983755302
after,allWorld,standard,215,20,2,0,0,0,334430,0,3921620,true,false,0.20130727021361428
after,allWorld,standard,216,20,3,2,2,87745,346470,1,907320,false,false,0.14156475089596418
after,allWorld,standard,217,20,3,0,0,0,468740,0,2467937,false,false,0.17657173690125896
after,allWorld,standard,218,20,2,0,0,0,243430,0,2591438,false,false,0.15216781921643902
after,allWorld,standard,219,20,2,0,0,0,185688,1,1871868,false,false,0.20285268559357722
after,allWorld,standard,220,20,3,1,1,145390,834795,0,3969025,true,false,0.14832631475310679
after,allWorld,standard,221,20,3,0,0,0,424086,1,2321929,false,false,0.15118144151719276
after,allWorld,standard,222,20,3,1,1,204146,540195,0,1790420,false,false,0.17492684565796532
after,allWorld,standard,223,20,2,0,0,0,340606,0,3030045,true,false,0.13753383474424366
after,allWorld,standard,224,20,3,1,1,126080,551132,0,1382774,false,false,0.12119305147166774
after,allWorld,standard,225,20,3,0,0,0,552996,0,8282929,true,false,0.1236541155165998
after,allWorld,standard,226,20,2,0,0,0,205011,0,3496745,true,false,0.14365333950719522
after,allWorld,standard,227,20,3,1,1,38316,502337,0,2652502,false,false,0.09073737293617401
after,allWorld,standard,228,20,1,0,0,0,284887,0,2003765,false,false,0.17111686108865615
after,allWorld,standard,229,20,3,0,0,0,361427,0,1325430,false,false,0.15588647368655198
after,allWorld,standard,230,20,2,0,0,0,471741,0,1639134,false,false,0.16179144904474005
after,allWorld,standard,231,20,3,2,2,194270,591324,0,3511920,true,false,0.10253056457695704
after,allWorld,standard,232,20,4,2,2,56912,868234,0,1479795,false,false,0.13791207123493301
after,allWorld,standard,233,20,1,0,0,0,130271,0,1619002,false,false,0.20346095710150086
after,allWorld,standard,234,20,2,0,0,0,238448,0,1931392,false,false,0.1544266328165939
after,allWorld,standard,235,20,3,1,1,21660,467355,0,1557008,false,false,0.1100099369011914
after,allWorld,standard,236,20,0,0,0,0,0,0,2038412,false,false,0.1378563845857072
after,allWorld,standard,237,20,2,0,0,0,362322,0,4377009,true,false,0.11599684988611977
after,allWorld,standard,238,20,3,3,3,418608,749572,0,788584,false,false,0.14599584229233895
after,allWorld,standard,239,20,1,1,1,29756,151802,0,2740440,false,false,0.18487821362943935
after,allWorld,standard,240,20,1,0,0,0,318427,0,3667251,true,false,0.16267168540547136
after,allWorld,standard,241,20,1,0,0,0,145415,0,2054992,false,false,0.15315407659925412
after,allWorld,standard,242,20,3,0,0,0,414336,0,632813,false,false,0.22396358944550182
after,allWorld,standard,243,20,4,3,3,429448,786840,0,1537697,false,false,0.1155923997625363
after,allWorld,standard,244,20,2,0,0,0,267722,0,1923403,false,false,0.18293804767445876
after,allWorld,standard,245,20,3,1,1,55853,614493,0,4644641,true,false,0.12033863903523925
after,allWorld,standard,246,20,2,1,1,66568,344163,0,1330193,false,false,0.13869630163810748
after,allWorld,standard,247,20,3,1,1,7154,540241,0,1920321,false,false,0.14593808667015407
after,allWorld,standard,248,20,1,0,0,0,249856,0,2818115,false,false,0.20443827109182133
after,allWorld,standard,249,20,4,1,1,195143,718273,1,2227384,false,false,0.09891289478172274
after,allWorld,standard,250,20,2,1,1,38446,348014,0,2925980,false,false,0.1618920661988674
after,allWorld,standard,251,20,6,4,4,466034,928295,0,355938,false,false,0.09869536878198235
after,allWorld,standard,252,20,3,1,1,40388,330232,0,1575006,false,false,0.12324054302416158
after,allWorld,standard,253,20,0,0,0,0,0,0,3647348,true,false,0.14037175906825214
after,allWorld,standard,254,20,2,0,0,0,183919,0,4522392,true,false,0.13755277608330313
after,allWorld,standard,255,20,1,0,0,0,189121,0,2765846,false,false,0.20813345134134145
after,allWorld,standard,256,20,3,1,1,12297,585314,0,2773261,false,false,0.14927898516771046
after,allWorld,standard,257,20,2,0,0,0,237534,0,1985123,false,false,0.1561326198808282
after,allWorld,standard,258,20,4,2,2,174016,648541,0,3639879,true,false,0.07516832302874474
after,allWorld,standard,259,20,2,0,0,0,453992,0,5055835,true,false,0.1574956321541508
after,allWorld,standard,260,20,3,2,2,382076,708440,0,1486144,false,false,0.16124594313327975
after,allWorld,standard,261,20,4,0,0,0,533231,0,1046263,false,false,0.1942471055821832
after,allWorld,standard,262,20,2,0,0,0,384806,0,2659007,false,false,0.16612899013162588
after,allWorld,standard,263,20,4,4,4,441430,655174,0,1048874,false,false,0.06824650877972432
after,allWorld,standard,264,20,2,1,1,16570,329520,0,1183540,false,false,0.1516376808595453
after,allWorld,standard,265,20,5,3,3,335469,876768,0,1372332,false,false,0.09607579503868245
after,allWorld,standard,266,20,2,0,0,0,251847,0,1336564,false,false,0.18015094106003487
after,allWorld,standard,267,20,3,0,0,0,512139,0,2397308,false,false,0.18550928268400402
after,allWorld,standard,268,20,3,0,0,0,281425,0,9151714,true,false,0.09762210444344327
after,allWorld,standard,269,20,4,0,0,0,862362,0,4229812,true,false,0.0908132196977389
after,allWorld,standard,270,20,3,1,1,11320,228356,0,3298198,true,false,0.11412824574583509
after,allWorld,standard,271,20,2,0,0,0,179453,0,2521322,false,false,0.12134707040419783
after,allWorld,standard,272,20,1,0,0,0,178440,0,3559444,true,false,0.127334454041227
after,allWorld,standard,273,20,3,0,0,0,429709,0,3548311,true,false,0.12080626611569978
after,allWorld,standard,274,20,1,0,0,0,131165,0,1936478,false,false,0.175064554284118
after,allWorld,standard,275,20,1,0,0,0,135531,0,1913632,false,false,0.20518448195338998
after,allWorld,standard,276,20,3,1,1,156449,686352,0,3050110,true,false,0.10523785842668498
after,allWorld,standard,277,20,3,1,1,35664,352481,0,1868206,false,false,0.09487440480360748
after,allWorld,standard,278,20,2,0,0,0,298902,0,1389573,false,false,0.15624464930150758
after,allWorld,standard,279,20,3,1,1,8091,652853,0,3103689,true,false,0.10501848467139988
after,allWorld,standard,280,20,3,2,2,100628,389559,0,619991,false,false,0.13190062070308767
after,allWorld,standard,281,20,2,0,0,0,382215,0,3585207,true,false,0.1394390566933436
after,allWorld,standard,282,20,2,0,0,0,159278,0,8609099,true,false,0.09491078376107767
after,allWorld,standard,283,20,5,2,2,188280,901954,0,1032228,false,false,0.12679117092990516
after,allWorld,standard,284,20,3,1,1,10138,261817,0,1858915,false,false,0.11822769434783868
after,allWorld,standard,285,20,4,3,3,219385,591377,0,2991717,false,false,0.10575414983063283
after,allWorld,standard,286,20,2,1,1,12836,282179,0,3004937,true,false,0.0991252971929354
after,allWorld,standard,287,20,2,0,0,0,201716,0,1518813,false,false,0.1365695318615528
after,allWorld,standard,288,20,1,0,0,0,165744,0,3950234,true,false,0.12992745817627455
after,allWorld,standard,289,20,3,1,1,30544,429910,0,6371821,true,false,0.1312917454631948
after,allWorld,standard,290,20,3,0,0,0,456066,0,2271521,false,false,0.15445374658102887
after,allWorld,standard,291,20,4,2,2,115185,604901,0,1132082,false,false,0.12772763894685832
after,allWorld,standard,292,20,3,0,0,0,379818,0,813726,false,false,0.24983189635493877
after,allWorld,standard,293,20,2,0,0,0,224853,0,8614082,true,false,0.0935439181023954
after,allWorld,standard,294,20,3,0,0,0,470946,0,2076231,false,false,0.11011802936180304
after,allWorld,standard,295,20,2,0,0,0,148799,0,1922979,false,false,0.1441846906041327
after,allWorld,standard,296,20,4,0,0,0,673464,1,3859437,true,false,0.14892242541785652
after,allWorld,standard,297,20,2,1,1,24896,275924,0,2229530,false,false,0.10513915758384221
after,allWorld,standard,298,20,2,0,0,0,273065,0,5518301,true,false,0.11036990073321543
after,allWorld,standard,299,20,5,3,3,339137,882623,0,1807356,false,false,0.09709757736747893
after,allWorld,standard,300,20,2,1,1,30492,342487,0,2038087,false,false,0.16858844967161477
after,allWorld,standard,301,20,3,1,1,16689,511108,0,2688832,false,false,0.11329238994879101
after,allWorld,standard,302,20,3,1,1,9761,492831,0,1541655,false,false,0.19406190627479808
after,allWorld,standard,303,20,3,1,1,64287,374053,0,1209539,false,false,0.14037468779810564
after,allWorld,standard,304,20,2,0,0,0,435255,1,5108731,true,false,0.1459010928829402
after,allWorld,standard,305,20,2,1,1,5048,295575,0,7627317,true,false,0.1109662320458448
after,allWorld,standard,306,20,1,0,0,0,57327,0,3223113,true,false,0.15243899140980852
after,allWorld,standard,307,20,2,0,0,0,185655,0,2273245,false,false,0.18561367668768508
after,allWorld,standard,308,20,5,2,2,258604,796790,0,3560442,true,false,0.07186432685178114
after,allWorld,standard,309,20,4,0,0,0,1000769,0,10400105,true,false,0.1063590798947682
after,allWorld,standard,310,20,4,3,3,485542,976268,0,1040951,false,false,0.09923271038685215
after,allWorld,standard,311,20,2,1,1,101480,333561,0,857113,false,false,0.17883853605789107
after,allWorld,standard,312,20,2,2,2,246359,562748,0,1446026,false,false,0.14600477753232827
after,allWorld,standard,313,20,3,0,0,0,427071,0,2726864,false,false,0.14878480178780923
after,allWorld,standard,314,20,3,2,2,211783,425792,0,1721781,false,false,0.1261173968683529
after,allWorld,standard,315,20,0,0,0,0,0,0,2510343,false,false,0.20387809159821907
after,allWorld,standard,316,20,2,1,1,47175,604795,0,3338811,true,false,0.14321373591004521
after,allWorld,standard,317,20,2,1,1,26169,359950,0,2065593,false,false,0.17992794335476084
after,allWorld,standard,318,20,2,1,1,52802,283718,0,1358817,false,false,0.11943726328798872
after,allWorld,standard,319,20,2,0,0,0,296042,0,2689626,false,false,0.10759038622971917
after,allWorld,standard,320,20,4,1,1,165173,612512,0,1064190,false,false,0.12575731988571787
after,allWorld,standard,321,20,4,2,2,6687,339200,0,5948088,true,false,0.06248144546458453
after,allWorld,standard,322,20,4,1,1,186052,838830,0,4560667,true,false,0.08887650848352925
after,allWorld,standard,323,20,2,0,0,0,244232,0,2663850,false,false,0.12733344546355724
after,allWorld,standard,324,20,3,0,0,0,524536,0,3457240,true,false,0.12384456575229152
after,allWorld,standard,325,20,1,0,0,0,99623,0,3195243,true,false,0.11237884836821052
after,allWorld,standard,326,20,2,0,0,0,222260,0,1074643,false,false,0.17822080436001697
after,allWorld,standard,327,20,1,0,0,0,179424,0,1459471,false,false,0.17953329650199681
after,allWorld,standard,328,20,3,1,1,25613,582443,0,1599401,false,false,0.1424472567503047
after,allWorld,standard,329,20,2,1,1,37779,339272,0,2166213,false,false,0.08738525764923179
after,allWorld,standard,330,20,2,0,0,0,418598,0,2045010,false,false,0.15737673291432702
after,allWorld,standard,331,20,2,1,1,20889,368773,0,986701,false,false,0.16202662532838913
after,allWorld,standard,332,20,3,3,3,195830,542614,0,1074519,false,false,0.1452862868535581
after,allWorld,standard,333,20,1,1,1,56502,106502,0,2118145,false,false,0.12517978406681457
after,allWorld,standard,334,20,3,1,1,58918,785600,0,3501614,true,false,0.1451445383718145
after,allWorld,standard,335,20,4,1,1,172418,965992,0,4836543,true,false,0.10446315329295401
after,allWorld,standard,336,20,1,0,0,0,131650,0,2402323,false,false,0.18888221161445173
after,allWorld,standard,337,20,3,2,2,106338,452088,0,1771392,false,false,0.09216886810183042
after,allWorld,standard,338,20,4,2,2,72467,602137,1,1743773,false,false,0.07477572919878703
after,allWorld,standard,339,20,1,0,0,0,170744,0,3709032,true,false,0.11173177990657195
after,allWorld,standard,340,20,1,0,0,0,177843,0,2163919,false,false,0.15359253195567052
after,allWorld,standard,341,20,2,1,1,36328,344901,0,2161487,false,false,0.19531011060364523
after,allWorld,standard,342,20,1,0,0,0,156888,0,1608567,false,false,0.1606587326098626
after,allWorld,standard,343,20,3,0,0,0,304946,0,5276669,true,false,0.1197557231628084
after,allWorld,standard,344,20,4,0,0,0,542225,0,4735758,true,false,0.06936441056923219
after,allWorld,standard,345,20,3,0,0,0,289238,1,5553988,true,false,0.07263858750973015
after,allWorld,standard,346,20,3,1,1,89128,649573,0,1813075,false,false,0.14397106473885618
after,allWorld,standard,347,20,4,2,2,210295,522569,0,2730213,false,false,0.048366877685646986
after,allWorld,standard,348,20,4,3,3,192663,718414,0,1356535,false,false,0.08348585903141068
after,allWorld,standard,349,20,3,0,0,0,287430,0,1414828,false,false,0.144215181291889
after,allWorld,standard,350,20,3,1,1,170439,563989,0,1573390,false,false,0.17242093113858276
after,allWorld,standard,351,20,2,1,1,58037,323390,0,1982699,false,false,0.2126812260000467
after,allWorld,standard,352,20,4,3,3,224657,472447,0,1011713,false,false,0.08444879200538058
after,allWorld,standard,353,20,2,0,0,0,496502,0,6192329,true,false,0.155193878150421
after,allWorld,standard,354,20,3,2,2,130375,347025,0,3476168,true,false,0.11834088055812023
after,allWorld,standard,355,20,1,0,0,0,149032,0,3127323,true,false,0.18017322703531446
after,allWorld,standard,356,20,2,1,1,79430,198841,0,2552462,false,false,0.10111232950761546
after,allWorld,standard,357,20,1,0,0,0,189608,0,3715996,true,false,0.12203281846881789
after,allWorld,standard,358,20,3,1,1,58257,550615,0,1486742,false,false,0.12112392047786265
after,allWorld,standard,359,20,3,2,2,119471,400693,0,1139324,false,false,0.1205429453673664
after,allWorld,standard,360,20,3,2,2,144731,643590,0,3609776,true,false,0.11535194935286652
after,allWorld,standard,361,20,5,4,4,442154,804628,0,1813285,false,false,0.07505910736510171
after,allWorld,standard,362,20,2,0,0,0,352349,0,1644688,false,false,0.13822344590927754
after,allWorld,standard,363,20,3,0,0,0,410979,0,2140946,false,false,0.224264508527047
after,allWorld,standard,364,20,3,0,0,0,396497,0,5274264,true,false,0.1579226757172864
after,allWorld,standard,365,20,2,0,0,0,355541,0,2166033,false,false,0.16305236518610422
after,allWorld,standard,366,20,2,0,0,0,401867,0,3349678,true,false,0.091868047351364
after,allWorld,standard,367,20,1,0,0,0,168877,0,2374150,false,false,0.13763172359683445
after,allWorld,standard,368,20,0,0,0,0,0,0,3391327,true,false,0.14891310312276232
after,allWorld,standard,369,20,2,0,0,0,275699,0,2675221,false,false,0.1758494239838936
after,allWorld,standard,370,20,3,2,2,97257,543749,1,2856930,false,false,0.0799915058788995
after,allWorld,standard,371,20,2,0,0,0,321914,1,2545263,false,false,0.1780945902603589
after,allWorld,standard,372,20,2,1,1,54874,423175,0,1320083,false,false,0.20321106641854284
after,allWorld,standard,373,20,2,0,0,0,235336,0,2074983,false,false,0.15157525211691117
after,allWorld,standard,374,20,4,0,0,0,451661,0,2753677,false,false,0.1511895692996466
after,allWorld,standard,375,20,3,0,0,0,473042,0,1932994,false,false,0.12846828482654724
after,allWorld,standard,376,20,1,0,0,0,179790,0,3209972,true,false,0.16041243662480964
after,allWorld,standard,377,20,4,3,3,216438,669865,0,666782,false,false,0.16432223250699846
after,allWorld,standard,378,20,2,0,0,0,492980,0,2416014,false,false,0.1845645207143081
after,allWorld,standard,379,20,3,0,0,0,526238,0,5645452,true,false,0.13122183341769575
after,allWorld,standard,380,20,4,1,1,123987,696346,0,1032239,false,false,0.2892802189113702
after,allWorld,standard,381,20,2,0,0,0,280372,0,2188435,false,false,0.11101632349140145
after,allWorld,standard,382,20,3,0,0,0,669581,1,4763369,true,false,0.10047157157497051
after,allWorld,standard,383,20,2,0,0,0,325607,0,2124234,false,false,0.17426747713260968
after,allWorld,standard,384,20,2,0,0,0,160422,0,1741438,false,false,0.12195418096883726
after,allWorld,standard,385,20,1,1,1,95861,370540,0,1154400,false,false,0.20245195146961445
after,allWorld,standard,386,20,1,0,0,0,157549,0,6117342,true,false,0.16685498846753735
after,allWorld,standard,387,20,2,0,0,0,308930,0,3860182,true,false,0.1422867642692597
after,allWorld,standard,388,20,2,0,0,0,205362,0,2556964,false,false,0.11633793951791949
after,allWorld,standard,389,20,2,0,0,0,363013,0,1454704,false,false,0.16038244179094738
after,allWorld,standard,390,20,2,1,1,62642,346245,0,1210861,false,false,0.16652041211360186
after,allWorld,standard,391,20,3,2,2,281194,862168,0,3853190,true,false,0.11673629714980834
after,allWorld,standard,392,20,2,2,2,169399,394310,0,2021221,false,false,0.12232465119222255
after,allWorld,standard,393,20,4,1,1,53200,560856,0,3252199,true,false,0.12231719391311657
after,allWorld,standard,394,20,2,0,0,0,434482,0,7955050,true,false,0.11927923395227372
after,allWorld,standard,395,20,1,0,0,0,228650,0,1028509,false,false,0.22495968011234924
after,allWorld,standard,396,20,1,0,0,0,156251,0,2367338,false,false,0.14162655877928212
after,allWorld,standard,397,20,3,1,1,156248,573283,0,2528376,false,false,0.08637465479514037
after,allWorld,standard,398,20,4,3,3,287278,814686,0,2345421,false,false,0.07680991835430319
after,allWorld,standard,399,20,3,0,0,0,439660,0,1291489,false,false,0.11740411647829671
after,allWorld,standard,400,20,2,0,0,0,313425,0,6804778,true,false,0.12967383510690117
after,allWorld,standard,401,20,3,0,0,0,482028,0,4191420,true,false,0.18153820507809698
after,allWorld,standard,402,20,3,1,1,68460,408176,0,2169759,false,false,0.07537972415517366
after,allWorld,standard,403,20,3,1,1,16866,563855,0,9446612,true,false,0.07710102899965415
after,allWorld,standard,404,20,2,0,0,0,424143,0,2550327,false,false,0.16546675728093957
after,allWorld,standard,405,20,2,1,1,4096,214460,0,1186364,false,false,0.1507586968394113
after,allWorld,standard,406,20,4,2,2,61550,597937,1,5586236,true,false,0.07743307640187168
after,allWorld,standard,407,20,4,2,2,181080,538238,0,2896051,false,false,0.08271146826629386
after,allWorld,standard,408,20,2,2,2,89537,241418,0,2687006,false,false,0.09084014430907886
after,allWorld,standard,409,20,1,0,0,0,93129,0,2384380,false,false,0.14551983519537845
after,allWorld,standard,410,20,3,0,0,0,412335,0,2327799,false,false,0.12239740228979493
after,allWorld,standard,411,20,2,0,0,0,446909,0,2572303,false,false,0.17604735185794956
after,allWorld,standard,412,20,1,0,0,0,134730,0,4104153,true,false,0.11548676903301866
after,allWorld,standard,413,20,3,0,0,0,429004,0,1791244,false,false,0.07732966836441246
after,allWorld,standard,414,20,1,0,0,0,158679,0,9698692,true,false,0.13047443754882784
after,allWorld,standard,415,20,3,0,0,0,458815,0,3884217,true,false,0.1673496530057573
after,allWorld,standard,416,20,1,0,0,0,61968,0,3579395,true,false,0.15397341149115867
after,allWorld,standard,417,20,4,0,0,0,454757,0,1684826,false,false,0.15563744102240468
after,allWorld,standard,418,20,3,0,0,0,578838,0,4006984,true,false,0.08869511829068633
after,allWorld,standard,419,20,2,1,1,14650,383775,0,885467,false,false,0.11803635828010386
after,allWorld,standard,420,20,5,3,3,449730,984590,0,1999742,false,false,0.16675157200809204
after,allWorld,standard,421,20,4,2,2,211239,523244,0,606647,false,false,0.12061388155620115
after,allWorld,standard,422,20,4,2,2,63573,354670,0,513960,false,false,0.13283834275983505
after,allWorld,standard,423,20,4,4,4,452361,576350,0,463956,false,false,0.10384907874257862
after,allWorld,standard,424,20,4,2,2,337020,782405,0,973607,false,false,0.10440307544528815
after,allWorld,standard,425,20,2,1,1,12982,294726,0,1752371,false,false,0.1429770933559566
after,allWorld,standard,426,20,2,0,0,0,452688,0,11531953,true,false,0.10291648322639295
after,allWorld,standard,427,20,1,0,0,0,84685,0,1279003,false,false,0.26368452119893143
after,allWorld,standard,428,20,1,0,0,0,65048,0,3564290,true,false,0.14515060515879255
after,allWorld,standard,429,20,2,1,1,30624,354364,0,1968711,false,false,0.1400230855133531
after,allWorld,standard,430,20,3,0,0,0,399272,0,2482663,false,false,0.1265081329631889
after,allWorld,standard,431,20,4,0,0,0,535525,0,1637211,false,false,0.12059422259308408
after,allWorld,standard,432,20,2,1,1,8661,403324,0,1684058,false,false,0.22514490531734163
after,allWorld,standard,433,20,1,0,0,0,230894,0,3470696,true,false,0.14527787414728488
after,allWorld,standard,434,20,3,2,2,115590,440175,0,2198696,false,false,0.10457522036884492
after,allWorld,standard,435,20,1,1,1,28117,224755,0,4188545,true,false,0.09803020695432953
after,allWorld,standard,436,20,3,1,1,26904,568632,0,1014544,false,false,0.16070324827506408
after,allWorld,standard,437,20,1,0,0,0,199148,0,1413278,false,false,0.2172585669495819
after,allWorld,standard,438,20,2,0,0,0,452200,0,3065423,true,false,0.1721610361950344
after,allWorld,standard,439,20,4,3,3,339605,787135,0,4191460,true,false,0.07228387418419248
after,allWorld,standard,440,20,3,0,0,0,573938,0,2952711,false,false,0.11784978764169526
after,allWorld,standard,441,20,3,2,2,65077,445998,0,3947368,true,false,0.14560516096052672
after,allWorld,standard,442,20,2,1,1,5024,348906,0,867966,false,false,0.14159618726379636
after,allWorld,standard,443,20,3,0,0,0,448224,0,1028519,false,false,0.1843161345080916
after,allWorld,standard,444,20,4,2,2,74055,608594,0,2366741,false,false,0.09741655202718334
after,allWorld,standard,445,20,1,0,0,0,117965,0,3900980,true,false,0.17089661546448304
after,allWorld,standard,446,20,5,2,2,188458,741515,0,323803,false,false,0.1338232852561344
after,allWorld,standard,447,20,1,1,1,2057,117468,0,791966,false,false,0.16640291241820288
after,allWorld,standard,448,20,3,1,1,210244,447999,0,1076995,false,false,0.11344203500282032
after,allWorld,standard,449,20,4,3,3,158192,557921,0,1243477,false,false,0.09282531166834165
after,allWorld,standard,450,20,2,1,1,45100,319594,0,1916802,false,false,0.17835107706637787
after,allWorld,standard,451,20,2,0,0,0,282819,0,3147931,true,false,0.16443679136248135
after,allWorld,standard,452,20,2,0,0,0,215762,0,2188110,false,false,0.0868756486079372
after,allWorld,standard,453,20,2,0,0,0,400804,0,3912067,true,false,0.14698858620151672
after,allWorld,standard,454,20,1,0,0,0,61784,0,2895945,false,false,0.18210933220178988
after,allWorld,standard,455,20,4,0,0,0,677018,0,3512955,true,false,0.13067844473431103
after,allWorld,standard,456,20,2,0,0,0,449031,0,3405084,true,false,0.1794508092573534
after,allWorld,standard,457,20,3,3,3,378845,655643,0,2140175,false,false,0.05744648921713384
after,allWorld,standard,458,20,4,2,2,96243,441540,0,1404276,false,false,0.11216995993489284
after,allWorld,standard,459,20,1,0,0,0,98640,0,2377149,false,false,0.18699536218688936
after,allWorld,standard,460,20,1,0,0,0,222197,1,5710628,true,false,0.14395009776247558
after,allWorld,standard,461,20,5,2,2,322971,811766,0,2120480,false,false,0.11223646277242205
after,allWorld,standard,462,20,3,0,0,0,559602,0,4885386,true,false,0.15404123843235595
after,allWorld,standard,463,20,2,1,1,58049,307041,0,1878288,false,false,0.14203274419151876
after,allWorld,standard,464,20,2,1,1,39929,402140,0,1360052,false,false,0.14365744120290835
after,allWorld,standard,465,20,2,0,0,0,266928,0,1928426,false,false,0.15129862029358557
after,allWorld,standard,466,20,2,1,1,98464,288079,0,1283022,false,false,0.14771072400267088
after,allWorld,standard,467,20,1,0,0,0,185687,0,1371264,false,false,0.1893197279666601
after,allWorld,standard,468,20,2,1,1,75430,481100,0,1990670,false,false,0.13352426614039475
after,allWorld,standard,469,20,3,1,1,45436,300970,0,1825286,false,false,0.08921643104810759
after,allWorld,standard,470,20,2,0,0,0,239540,0,4321668,true,false,0.12156916324788677
after,allWorld,standard,471,20,3,1,1,132348,577427,0,900145,false,false,0.15881287164634303
after,allWorld,standard,472,20,3,0,0,0,351786,0,2033707,false,false,0.14963680214719943
after,allWorld,standard,473,20,1,0,0,0,182409,0,3472541,true,false,0.15562810325119625
after,allWorld,standard,474,20,3,1,1,7351,704615,0,2243849,false,false,0.12051381274823705
after,allWorld,standard,475,20,2,0,0,0,449215,0,1369693,false,false,0.1794696706344229
after,allWorld,standard,476,20,3,0,0,0,432332,0,4250708,true,false,0.09100774610235297
after,allWorld,standard,477,20,2,0,0,0,243463,0,4925477,true,false,0.1324607287339656
after,allWorld,standard,478,20,3,1,1,176644,583927,0,1310977,false,false,0.14672903670633852
after,allWorld,standard,479,20,2,0,0,0,248444,0,2032951,false,false,0.13623181449899213
after,allWorld,standard,480,20,2,0,0,0,313956,0,4860835,true,false,0.09396051707143722
after,allWorld,standard,481,20,2,1,1,219950,671542,0,3336102,true,false,0.1425021605100726
after,allWorld,standard,482,20,4,1,1,4296,751594,1,2556467,false,false,0.09120068774973313
after,allWorld,standard,483,20,2,0,0,0,242707,0,5728292,true,false,0.07977401532362562
after,allWorld,standard,484,20,2,0,0,0,253193,0,3597361,true,false,0.15576055256325408
after,allWorld,standard,485,20,2,0,0,0,240616,0,5284049,true,false,0.09222349446830021
after,allWorld,standard,486,20,3,2,2,197157,438130,0,1957380,false,false,0.19298402047740673
after,allWorld,standard,487,20,0,0,0,0,0,0,3918957,true,false,0.13306300704808502
after,allWorld,standard,488,20,4,0,0,0,544950,0,3350511,true,false,0.131500424415125
after,allWorld,standard,489,20,3,1,1,79543,490177,0,6931356,true,false,0.08364886997637706
after,allWorld,standard,490,20,5,3,3,236310,854172,0,1492269,false,false,0.07426275266135882
after,allWorld,standard,491,20,4,0,0,0,424972,1,999338,false,false,0.17627227613931057
after,allWorld,standard,492,20,5,3,3,236539,800633,1,2577804,false,false,0.07080851449595323
after,allWorld,standard,493,20,4,1,1,87746,764220,0,1154625,false,false,0.16090698551367488
after,allWorld,standard,494,20,2,0,0,0,474446,0,2539283,false,false,0.13795102194772013
after,allWorld,standard,495,20,2,0,0,0,259565,0,1079956,false,false,0.1911428271099479
after,allWorld,standard,496,20,3,0,0,0,648728,1,5883469,true,false,0.11825519533318234
after,allWorld,standard,497,20,3,1,1,189188,701135,0,3810228,true,false,0.1486564093769644
after,allWorld,standard,498,20,4,3,3,337758,691264,0,2386337,false,false,0.0806333608902158
after,allWorld,standard,499,20,2,1,1,37615,313931,0,2273640,false,false,0.08786091322336016
after,allWorld,standard,500,20,2,1,1,73172,287570,0,1949412,false,false,0.11170660587648693
after,allWorld,standard,501,20,3,0,0,0,470069,0,3000473,true,false,0.10347804439864598
after,allWorld,standard,502,20,5,3,3,305555,859496,0,2136672,false,false,0.08637153504080194
after,allWorld,standard,503,20,2,0,0,0,282996,0,4049903,true,false,0.17241710746369082
after,allWorld,standard,504,20,4,2,2,162769,557748,0,1288921,false,false,0.10024044325073793
after,allWorld,standard,505,20,2,2,2,12834,385052,0,2156867,false,false,0.0964327474948497
after,allWorld,standard,506,20,2,1,1,71569,463494,0,2333452,false,false,0.16864813458591768
after,allWorld,standard,507,20,3,2,2,129660,541106,1,6907446,true,false,0.08334533790417262
after,allWorld,standard,508,20,4,2,2,187328,614341,0,1925045,false,false,0.07878566249533607
after,allWorld,standard,509,20,1,0,0,0,207815,0,2438133,false,false,0.15151107952732984
after,allWorld,standard,510,20,1,0,0,0,156052,0,3179889,true,false,0.1550823280903167
after,allWorld,standard,511,20,2,1,1,58010,339025,0,1607978,false,false,0.16763664845734774
after,allWorld,standard,512,20,3,1,1,129628,581460,0,3191068,true,false,0.12004445051905152
after,allWorld,standard,513,20,4,1,1,152316,669974,0,741965,false,false,0.1576046184707436
after,allWorld,standard,514,20,1,0,0,0,70060,0,3281894,true,false,0.15276036931922832
after,allWorld,standard,515,20,3,2,2,259501,592552,0,1912127,false,false,0.1253103285302773
after,allWorld,standard,516,20,2,0,0,0,256487,0,2602091,false,false,0.1377915756900415
after,allWorld,standard,517,20,2,0,0,0,198099,0,1998798,false,false,0.16504413538102988
after,allWorld,standard,518,20,2,1,1,182200,429926,0,692720,false,false,0.17416238792517055
after,allWorld,standard,519,20,2,0,0,0,279705,0,3482260,true,false,0.1366063565528369
after,allWorld,standard,520,20,3,1,1,91843,343903,0,886635,false,false,0.14423735579401115
after,allWorld,standard,521,20,2,0,0,0,296510,0,2797893,false,false,0.1402768927616635
after,allWorld,standard,522,20,4,2,2,302494,578561,0,1557101,false,false,0.09362586472770142
after,allWorld,standard,523,20,2,0,0,0,183089,0,2138590,false,false,0.17267735746046564
after,allWorld,standard,524,20,3,1,1,119440,431620,0,2129805,false,false,0.11359116690504248
after,allWorld,standard,525,20,0,0,0,0,0,0,1511386,false,false,0.16470231905499244
after,allWorld,standard,526,20,5,5,5,638353,953837,0,602102,false,false,0.05933663405309893
after,allWorld,standard,527,20,3,2,2,224417,648976,0,2938652,false,false,0.11761951920868743
after,allWorld,standard,528,20,1,0,0,0,87712,0,572357,false,false,0.2550852407387759
after,allWorld,standard,529,20,3,1,1,117610,636038,0,1615708,false,false,0.1211049104893254
after,allWorld,standard,530,20,5,0,0,0,704717,0,1058383,false,false,0.15504805834160856
after,allWorld,standard,531,20,2,0,0,0,430423,0,3647254,true,false,0.1335117286467352
after,allWorld,standard,532,20,2,0,0,0,222443,0,1086462,false,false,0.24775934258626792
after,allWorld,standard,533,20,1,0,0,0,81096,0,3118998,true,false,0.1959726657611268
after,allWorld,standard,534,20,4,2,2,339939,938644,0,3375776,true,false,0.08636894090281032
after,allWorld,standard,535,20,3,0,0,0,428967,0,946456,false,false,0.12112108980542291
after,allWorld,standard,536,20,1,0,0,0,175456,0,3171404,true,false,0.1514574387307548
after,allWorld,standard,537,20,2,0,0,0,274657,0,4809606,true,false,0.17257434561092475
after,allWorld,standard,538,20,2,0,0,0,329197,0,4344586,true,false,0.1520980551941317
after,allWorld,standard,539,20,1,0,0,0,122154,0,7486236,true,false,0.14982081284126642
after,allWorld,standard,540,20,4,1,1,76580,509681,0,2086484,false,false,0.12855603313049818
after,allWorld,standard,541,20,3,0,0,0,492081,0,6145804,true,false,0.09923519433955275
after,allWorld,standard,542,20,3,1,1,61258,347742,0,1976125,false,false,0.07682785541116394
after,allWorld,standard,543,20,5,2,2,107918,746352,0,2088980,false,false,0.09392143287790083
after,allWorld,standard,544,20,0,0,0,0,0,0,3077326,true,false,0.15239105942406636
after,allWorld,standard,545,20,2,0,0,0,232311,0,1464575,false,false,0.1577662980476448
after,allWorld,standard,546,20,0,0,0,0,0,0,1668882,false,false,0.26978271283630356
after,allWorld,standard,547,20,3,2,2,179561,554460,0,2874611,false,false,0.11904957994348486
after,allWorld,standard,548,20,3,0,0,0,476107,1,3676283,true,false,0.1179490160531309
after,allWorld,standard,549,20,3,1,1,115545,481533,0,1773812,false,false,0.1842463278910086
after,allWorld,standard,550,20,2,0,0,0,230721,0,2144523,false,false,0.16338241761635722
after,allWorld,standard,551,20,1,0,0,0,74766,0,1939671,false,false,0.262263149414237
after,allWorld,standard,552,20,2,0,0,0,369783,0,3767609,true,false,0.16316379046777107
after,allWorld,standard,553,20,4,1,1,6242,820803,0,4762729,true,false,0.10226475282097953
after,allWorld,standard,554,20,3,1,1,87326,464773,0,3334568,true,false,0.06758181853898738
after,allWorld,standard,555,20,3,1,1,34462,557840,1,1574369,false,false,0.1722211906718198
after,allWorld,standard,556,20,1,0,0,0,241955,0,3912072,true,false,0.1709066926551577
after,allWorld,standard,557,20,2,0,0,0,223460,0,2385148,false,false,0.15503073493709016
after,allWorld,standard,558,20,3,2,2,149131,525950,0,2648129,false,false,0.060102150894345355
after,allWorld,standard,559,20,2,0,0,0,413149,0,2610726,false,false,0.11127919604152811
after,allWorld,standard,560,20,4,2,2,97115,741029,0,2156207,false,false,0.08882436117045792
after,allWorld,standard,561,20,1,0,0,0,207130,0,4045674,true,false,0.1873229268978595
after,allWorld,standard,562,20,4,2,2,283293,750158,0,1981727,false,false,0.11808946127731967
after,allWorld,standard,563,20,0,0,0,0,0,0,1638436,false,false,0.22655211625270555
after,allWorld,standard,564,20,1,0,0,0,74563,0,1435393,false,false,0.21426229594416482
after,allWorld,standard,565,20,4,3,3,434909,1028455,0,2767740,false,false,0.10916116437878579
after,allWorld,standard,566,20,2,0,0,0,159506,0,5275588,true,false,0.12249240603572138
after,allWorld,standard,567,20,2,2,2,136722,276583,0,1881168,false,false,0.1461023393647507
after,allWorld,standard,568,20,2,0,0,0,290457,0,3936799,true,false,0.1897991815102795
after,allWorld,standard,569,20,1,0,0,0,110302,0,5169873,true,false,0.1572100198990945
after,allWorld,standard,570,20,1,0,0,0,322166,0,1504053,false,false,0.2215411478969332
after,allWorld,standard,571,20,4,1,1,53604,641822,1,7653352,true,false,0.10089729169021959
after,allWorld,standard,572,20,4,4,4,455362,643036,0,3328517,true,false,0.04864831258957013
after,allWorld,standard,573,20,2,1,1,33591,343619,0,3567573,true,false,0.12487355954099119
after,allWorld,standard,574,20,2,0,0,0,282737,0,2487952,false,false,0.1481502178803239
after,allWorld,standard,575,20,3,0,0,0,504917,0,4066932,true,false,0.1467040679105778
after,allWorld,standard,576,20,2,1,1,97990,371548,0,1069167,false,false,0.18306494009639948
after,allWorld,standard,577,20,3,1,1,49099,483685,1,3202926,true,false,0.13299248521487889
after,allWorld,standard,578,20,2,1,1,57920,249102,0,1310701,false,false,0.16196913265585478
after,allWorld,standard,579,20,2,1,1,40767,367935,0,1942188,false,false,0.169181826511194
after,allWorld,standard,580,20,1,0,0,0,245490,0,2200682,false,false,0.15018004967990392
after,allWorld,standard,581,20,3,1,1,118389,561077,0,1482164,false,false,0.1451498818433909
after,allWorld,standard,582,20,2,1,1,31760,355503,0,1992773,false,false,0.2684048404847716
after,allWorld,standard,583,20,3,1,1,153455,568646,0,1909625,false,false,0.11502596322847285
after,allWorld,standard,584,20,2,1,1,63558,408436,0,1374962,false,false,0.1592280855081071
after,allWorld,standard,585,20,5,1,1,145330,615113,0,3098157,true,false,0.11728501880304795
after,allWorld,standard,586,20,3,0,0,0,360154,1,2461976,false,false,0.09190515681550222
after,allWorld,standard,587,20,2,1,1,154259,435712,0,1015883,false,false,0.16240154852503313
after,allWorld,standard,588,20,4,3,3,243284,804522,0,3116728,true,false,0.12544836550453567
after,allWorld,standard,589,20,4,1,1,87652,658433,0,1911837,false,false,0.13069380049732054
after,allWorld,standard,590,20,3,1,1,16730,315668,0,4585336,true,false,0.10513403290684817
after,allWorld,standard,591,20,2,0,0,0,454085,0,1368908,false,false,0.17231027195334464
after,allWorld,standard,592,20,4,1,1,102039,619667,0,2180040,false,false,0.15905780898395924
after,allWorld,standard,593,20,3,1,1,28376,480251,1,2250177,false,false,0.06266934850818734
after,allWorld,standard,594,20,3,3,3,244898,550629,0,895803,false,false,0.11940028424640547
after,allWorld,standard,595,20,2,0,0,0,211851,0,2479365,false,false,0.16799427776012252
after,allWorld,standard,596,20,1,0,0,0,189011,0,8751450,true,false,0.11930508790427967
after,allWorld,standard,597,20,3,1,1,97328,445735,0,1806642,false,false,0.10430011246981923
after,allWorld,standard,598,20,2,1,1,3338,358622,0,1580698,false,false,0.16107237239270414
after,allWorld,standard,599,20,2,0,0,0,370823,0,3368548,true,false,0.11075640171453185
after,allWorld,invest,0,20,2,2,2,325811,351711,0,2193051,false,false,0.03150766860345603
after,allWorld,invest,1,20,2,2,2,345875,401365,0,3838097,true,false,0.02706084682334453
after,allWorld,invest,2,20,2,2,2,409427,425295,0,3249096,true,false,0.026566778642603144
after,allWorld,invest,3,20,2,2,2,375087,395319,0,1750133,false,false,0.021420006083946914
after,allWorld,invest,4,20,1,1,1,52092,64592,0,2435107,false,false,0.02563909279350745
after,allWorld,invest,5,20,2,2,2,193356,204558,0,2163666,false,false,0.02593070446950274
after,allWorld,invest,6,20,3,3,3,334241,386741,0,1141636,false,false,0.01630059167785986
after,allWorld,invest,7,20,4,4,4,354185,412935,1,330650,false,false,0.03296781649668858
after,allWorld,invest,8,20,1,1,1,244704,259386,0,1229885,false,false,0.03439737134409698
after,allWorld,invest,9,20,2,2,2,383250,399495,0,1958884,false,false,0.021375071065387767
after,allWorld,invest,10,20,2,2,2,242921,251078,0,1486379,false,false,0.036971964153761826
after,allWorld,invest,11,20,3,3,3,507037,544813,0,602845,false,false,0.047458474723985955
after,allWorld,invest,12,20,2,2,2,386854,412625,0,738717,false,false,0.02544184952100063
after,allWorld,invest,13,20,2,2,2,277730,294078,0,3261370,true,false,0.025333955277619648
after,allWorld,invest,14,20,2,2,2,203591,257727,0,1204449,false,false,0.03336519300134327
after,allWorld,invest,15,20,1,1,1,201611,222168,0,1625395,false,false,0.0263479489981611
after,allWorld,invest,16,20,3,3,3,439718,467821,0,1168181,false,false,0.02546895550280167
after,allWorld,invest,17,20,2,2,2,332700,339977,0,2919728,false,false,0.02202268225164342
after,allWorld,invest,18,20,5,5,5,697347,779020,0,1344348,false,false,0.021276505798327496
after,allWorld,invest,19,20,3,3,3,680349,702691,0,2136420,false,false,0.017728560029830483
after,allWorld,invest,20,20,2,2,2,223602,235831,0,873957,false,false,0.03982452166696333
after,allWorld,invest,21,20,4,3,3,395309,502576,0,2340200,false,false,0.029339352720634003
after,allWorld,invest,22,20,4,4,4,541529,568392,0,852891,false,false,0.017171565398775866
after,allWorld,invest,23,20,2,2,2,387557,411713,0,1830445,false,false,0.02340558956771
after,allWorld,invest,24,20,4,3,3,415731,567068,0,2424178,false,false,0.025988651076033948
after,allWorld,invest,25,20,1,1,1,117266,120547,0,1510503,false,false,0.026602565176582958
after,allWorld,invest,26,20,1,1,1,51530,54655,0,1120698,false,false,0.0534719086317792
after,allWorld,invest,27,20,1,1,1,68880,70286,0,1101685,false,false,0.02444565271125268
after,allWorld,invest,28,20,2,2,2,324519,344495,0,890196,false,false,0.019941802987237637
after,allWorld,invest,29,20,2,2,2,317994,331173,0,1954540,false,false,0.024111642823644506
after,allWorld,invest,30,20,1,1,1,123118,175020,0,2503908,false,false,0.026708005948563058
after,allWorld,invest,31,20,2,2,2,293310,301888,0,1740056,false,false,0.02261201600469474
after,allWorld,invest,32,20,4,4,4,674959,723774,0,505747,false,false,0.04802131391085947
after,allWorld,invest,33,20,0,0,0,0,0,0,1474967,false,false,0.026443577983271238
after,allWorld,invest,34,20,1,1,1,264111,275234,0,1446535,false,false,0.019782628933794826
after,allWorld,invest,35,20,2,2,2,285072,300879,0,1617479,false,false,0.023279445940621823
after,allWorld,invest,36,20,1,1,1,96754,99879,0,2072414,false,false,0.024782793853384867
after,allWorld,invest,37,20,2,2,2,224949,235696,0,1119023,false,false,0.021915560817912398
after,allWorld,invest,38,20,4,4,4,700456,765627,0,1352908,false,false,0.027322341193164124
after,allWorld,invest,39,20,2,2,2,382517,405635,0,1015656,false,false,0.0445663967148313
after,allWorld,invest,40,20,3,3,3,651267,693807,0,2580251,false,false,0.024521835573141
after,allWorld,invest,41,20,2,1,1,132668,215780,0,1889601,false,false,0.030606949910961613
after,allWorld,invest,42,20,2,2,2,252731,287013,0,1247924,false,false,0.027584886844361077
after,allWorld,invest,43,20,3,3,3,527826,561225,0,1319481,false,false,0.02415865220851698
after,allWorld,invest,44,20,3,3,3,583797,611317,1,2283354,false,false,0.01807669966984234
after,allWorld,invest,45,20,4,4,4,500722,513417,0,349788,false,false,0.05826035372804148
after,allWorld,invest,46,20,3,3,3,478094,502080,0,255471,false,false,0.05300964056367091
after,allWorld,invest,47,20,3,3,3,363571,429446,0,1348628,false,false,0.027791458268694825
after,allWorld,invest,48,20,2,2,2,311461,322989,0,1288492,false,false,0.025679601572727133
after,allWorld,invest,49,20,3,3,3,474272,491735,0,483917,false,false,0.04251934791424022
after,allWorld,invest,50,20,3,3,3,518387,550973,1,2019147,false,false,0.021202013774320214
after,allWorld,invest,51,20,2,2,2,271817,302249,1,2892067,false,false,0.02104369631694099
after,allWorld,invest,52,20,3,3,3,398387,476968,0,1295595,false,false,0.03158486293243437
after,allWorld,invest,53,20,3,2,2,520726,662022,0,1414599,false,false,0.026396058001526224
after,allWorld,invest,54,20,2,2,2,162022,174522,0,2579571,false,false,0.02352852309665368
after,allWorld,invest,55,20,3,3,3,437393,457157,0,619869,false,false,0.050193833071090876
after,allWorld,invest,56,20,2,2,2,289333,323673,0,2489831,false,false,0.020561260252437492
after,allWorld,invest,57,20,0,0,0,0,0,0,1512150,false,false,0.03648353097421924
after,allWorld,invest,58,20,3,3,3,435743,458835,0,1209324,false,false,0.027670945650954997
after,allWorld,invest,59,20,2,2,2,205078,261791,0,3274622,true,false,0.027389308734036416
after,allWorld,invest,60,20,4,4,4,470301,587980,0,3749968,true,false,0.027322872116419917
after,allWorld,invest,61,20,5,4,4,481171,679226,0,2603035,false,false,0.025298379894962204
after,allWorld,invest,62,20,1,1,1,127281,130406,0,2326773,false,false,0.03564993031724374
after,allWorld,invest,63,20,1,1,1,157900,164730,0,1334994,false,false,0.03391626339344471
after,allWorld,invest,64,20,2,2,2,308186,331225,0,5015273,true,false,0.029724508859044603
after,allWorld,invest,65,20,4,4,4,587072,624392,1,1712509,false,false,0.03031585375710418
after,allWorld,invest,66,20,1,1,1,144824,148157,0,1552841,false,false,0.023577485632544335
after,allWorld,invest,67,20,3,3,3,277872,338228,0,313214,false,false,0.07266685871887417
after,allWorld,invest,68,20,2,2,2,422764,477186,0,3640800,true,false,0.025366840281802288
after,allWorld,invest,69,20,3,3,3,576723,636890,0,1666064,false,false,0.027551525182832864
after,allWorld,invest,70,20,2,2,2,313136,322837,0,1300577,false,false,0.03091906603659029
after,allWorld,invest,71,20,5,5,5,553277,577258,0,911037,false,false,0.03333993606569874
after,allWorld,invest,72,20,3,3,3,419517,458534,0,3834790,true,false,0.022069807861961242
after,allWorld,invest,73,20,2,2,2,149052,161497,0,1257161,false,false,0.026810838645768286
after,allWorld,invest,74,20,3,3,3,450245,526668,0,464742,false,false,0.029442393295212595
after,allWorld,invest,75,20,2,2,2,212181,238929,0,1599215,false,false,0.028142375207270365
after,allWorld,invest,76,20,3,3,3,454109,525967,0,1565785,false,false,0.02944183922673706
after,allWorld,invest,77,20,3,3,3,398260,458057,0,1949468,false,false,0.02937700957424445
after,allWorld,invest,78,20,1,1,1,159924,178704,0,3542798,true,false,0.02094316662983679
after,allWorld,invest,79,20,2,2,2,244146,257082,0,574167,false,false,0.042473296807152186
after,allWorld,invest,80,20,2,2,2,330483,373811,0,788819,false,false,0.045194442646362375
after,allWorld,invest,81,20,4,4,4,661364,753360,0,2675696,false,false,0.020035798446686136
after,allWorld,invest,82,20,3,2,2,444484,545474,0,816989,false,false,0.03356110156688456
after,allWorld,invest,83,20,3,3,3,624993,661157,0,2613284,false,false,0.02206212298530687
after,allWorld,invest,84,20,3,3,3,386020,420970,0,2714991,false,false,0.021447686400567066
after,allWorld,invest,85,20,3,3,3,568464,595907,0,821848,false,false,0.03542704966031333
after,allWorld,invest,86,20,2,2,2,311237,333093,0,2210558,false,false,0.022793009235051946
after,allWorld,invest,87,20,2,2,2,252871,276463,0,1335211,false,false,0.027840970673752845
after,allWorld,invest,88,20,2,2,2,236184,302062,0,3694543,true,false,0.016128764986405857
after,allWorld,invest,89,20,2,2,2,321637,337355,0,1397117,false,false,0.03519895251313386
after,allWorld,invest,90,20,2,2,2,194546,201011,0,3124397,true,false,0.037046104867377826
after,allWorld,invest,91,20,2,2,2,202995,259245,0,1287414,false,false,0.03439490698836943
after,allWorld,invest,92,20,3,3,3,335611,379187,0,790746,false,false,0.0290339585810311
after,allWorld,invest,93,20,1,1,1,149558,152996,0,640983,false,false,0.03292463359105182
after,allWorld,invest,94,20,3,3,3,535178,553305,0,1307066,false,false,0.025869571422546683
after,allWorld,invest,95,20,1,1,1,4400,54400,0,3717315,true,false,0.019523199157904778
after,allWorld,invest,96,20,1,1,1,63419,113419,0,1552643,false,false,0.028988818383954895
after,allWorld,invest,97,20,2,2,2,399507,434953,0,2207422,false,false,0.023041198852570194
after,allWorld,invest,98,20,3,3,3,554047,584463,0,1136097,false,false,0.03608259372239346
after,allWorld,invest,99,20,2,2,2,170826,232232,0,1165031,false,false,0.03133772267157269
after,allWorld,invest,100,20,4,4,4,726784,795471,0,1885921,false,false,0.031057357681778402
after,allWorld,invest,101,20,4,4,4,805706,843184,0,1217076,false,false,0.021432171996868137
after,allWorld,invest,102,20,3,3,3,513596,529531,0,871849,false,false,0.044203949384717764
after,allWorld,invest,103,20,3,3,3,381697,411546,0,1020819,false,false,0.02896219963050221
after,allWorld,invest,104,20,3,3,3,535718,578616,0,1609176,false,false,0.025286266442968202
after,allWorld,invest,105,20,4,3,3,490942,620735,0,2057875,false,false,0.026432390263784945
after,allWorld,invest,106,20,2,2,2,298797,307595,0,1444716,false,false,0.033551562923867975
after,allWorld,invest,107,20,2,2,2,361944,377598,0,1089996,false,false,0.024079283551917543
after,allWorld,invest,108,20,1,1,1,64394,114394,0,2521912,false,false,0.022487280351206076
after,allWorld,invest,109,20,2,2,2,388884,408783,0,2170964,false,false,0.03610269324336458
after,allWorld,invest,110,20,1,1,1,76378,99566,0,2662662,false,false,0.024659207280401083
after,allWorld,invest,111,20,2,2,2,281824,299081,0,1808543,false,false,0.021308948850884017
after,allWorld,invest,112,20,2,2,2,452789,467835,0,2686670,false,false,0.015476450914269694
after,allWorld,invest,113,20,2,2,2,260383,279301,0,585975,false,false,0.04019339134057487
after,allWorld,invest,114,20,3,3,3,515653,540401,0,2190635,false,false,0.015323349791331372
after,allWorld,invest,115,20,1,1,1,134129,137449,0,860801,false,false,0.03314165285610433
after,allWorld,invest,116,20,2,2,2,436260,457077,0,1445625,false,false,0.02839718662392642
after,allWorld,invest,117,20,2,2,2,201632,254757,0,985691,false,false,0.029152218885100677
after,allWorld,invest,118,20,3,3,3,366689,372339,0,219787,false,false,0.02791247182390877
after,allWorld,invest,119,20,2,2,2,257228,298901,0,4810901,true,false,0.027695058842899817
after,allWorld,invest,120,20,2,2,2,317992,340283,0,2098695,false,false,0.035621385981311836
after,allWorld,invest,121,20,2,2,2,295578,305049,1,1728925,false,false,0.019529488634933766
after,allWorld,invest,122,20,3,3,3,531788,572169,0,3272982,true,false,0.02006596965847518
after,allWorld,invest,123,20,1,1,1,190469,197448,0,897138,false,false,0.04710563592631138
after,allWorld,invest,124,20,1,1,1,254356,266027,0,1459694,false,false,0.03535677165808945
after,allWorld,invest,125,20,1,1,1,188121,208836,0,2712420,false,false,0.02636812145959731
after,allWorld,invest,126,20,1,1,1,100574,103077,0,2157639,false,false,0.022422929873082968
after,allWorld,invest,127,20,1,1,1,108369,109228,0,2273591,false,false,0.024949592764201563
after,allWorld,invest,128,20,3,3,3,216095,271805,0,1016020,false,false,0.02964248816785514
after,allWorld,invest,129,20,2,2,2,300518,342816,0,421307,false,false,0.044899969733617255
after,allWorld,invest,130,20,1,1,1,150981,169696,0,1677421,false,false,0.02422184195940379
after,allWorld,invest,131,20,2,2,2,325322,340473,0,843886,false,false,0.0231310282253252
after,allWorld,invest,132,20,2,2,2,378996,394284,0,856050,false,false,0.03539303445404072
after,allWorld,invest,133,20,1,1,1,108357,116382,0,2004177,false,false,0.037428155078376234
after,allWorld,invest,134,20,2,2,2,216641,226604,1,1694357,false,false,0.027717948635217992
after,allWorld,invest,135,20,2,2,2,596739,639752,0,2359797,false,false,0.019307905239307026
after,allWorld,invest,136,20,4,4,4,770907,816616,0,1067750,false,false,0.025504286320081265
after,allWorld,invest,137,20,3,3,3,759527,812797,0,2796658,false,false,0.01928219455343291
after,allWorld,invest,138,20,1,1,1,151399,222616,0,3943415,true,false,0.020587036293297903
after,allWorld,invest,139,20,1,1,1,332407,340740,0,2827688,false,false,0.01872968771415097
after,allWorld,invest,140,20,3,3,3,286720,389954,0,4045151,true,false,0.019131255638931602
after,allWorld,invest,141,20,6,5,5,711715,864690,0,137848,false,false,0.05113086271270635
after,allWorld,invest,142,20,3,3,3,338089,341214,0,806675,false,false,0.018108215130668775
after,allWorld,invest,143,20,2,2,2,331229,347456,0,971027,false,false,0.027965980820792907
after,allWorld,invest,144,20,5,5,5,572726,644391,0,305861,false,false,0.0373432084487673
after,allWorld,invest,145,20,2,2,2,255358,263195,1,4309630,true,false,0.01806916506916686
after,allWorld,invest,146,20,3,3,3,520182,536603,0,1712155,false,false,0.029030825217570937
after,allWorld,invest,147,20,3,3,3,366924,407783,0,1856561,false,false,0.020682782228223985
after,allWorld,invest,148,20,5,5,5,641497,713561,0,722709,false,false,0.020842723637345368
after,allWorld,invest,149,20,4,3,3,567221,659503,0,1814771,false,false,0.03134788108783786
after,allWorld,invest,150,20,2,2,2,252903,262070,0,1309457,false,false,0.019129509551534533
after,allWorld,invest,151,20,4,4,4,535895,574179,0,1313222,false,false,0.02777741565278815
after,allWorld,invest,152,20,1,1,1,163886,175429,0,842841,false,false,0.043232901748683425
after,allWorld,invest,153,20,2,2,2,374854,381849,0,1762450,false,false,0.02285980856090853
after,allWorld,invest,154,20,3,3,3,476631,572454,0,6872739,true,false,0.019946924523615163
after,allWorld,invest,155,20,2,2,2,559922,590913,0,2685726,false,false,0.03783641767843478
after,allWorld,invest,156,20,3,3,3,589197,651409,0,2550623,false,false,0.025880602117060274
after,allWorld,invest,157,20,3,3,3,341937,366354,0,1006843,false,false,0.04041876715407415
after,allWorld,invest,158,20,4,4,4,684826,716660,0,1036153,false,false,0.025485738690047083
after,allWorld,invest,159,20,2,2,2,284523,291134,0,1151848,false,false,0.034711557381704075
after,allWorld,invest,160,20,3,3,3,372711,388826,1,892090,false,false,0.03064768068641973
after,allWorld,invest,161,20,1,1,1,231697,238333,0,1942246,false,false,0.040638254183402465
after,allWorld,invest,162,20,1,1,1,106082,111948,0,2795050,false,false,0.02777063936585598
after,allWorld,invest,163,20,0,0,0,0,0,0,5940733,true,false,0.02236072270679706
after,allWorld,invest,164,20,3,3,3,396632,410766,0,1821968,false,false,0.028619146038739975
after,allWorld,invest,165,20,2,2,2,217824,261262,0,1272644,false,false,0.03902058656265026
after,allWorld,invest,166,18,4,4,4,534055,553787,0,0,false,true,0.06289954677372711
after,allWorld,invest,167,20,2,2,2,289639,299828,0,944884,false,false,0.02553125892793622
after,allWorld,invest,168,20,2,2,2,458125,482746,0,3478806,true,false,0.024657765742641044
after,allWorld,invest,169,20,2,2,2,476859,507607,0,1879040,false,false,0.04046695776573114
after,allWorld,invest,170,20,3,2,2,305503,415608,0,2069632,false,false,0.026779232689739096
after,allWorld,invest,171,20,1,1,1,240527,267975,0,3423438,true,false,0.02596783054459857
after,allWorld,invest,172,20,1,1,1,228040,249295,0,3398690,true,false,0.02708544991824697
after,allWorld,invest,173,20,2,2,2,192953,202738,0,1046048,false,false,0.026546724229088207
after,allWorld,invest,174,20,4,4,4,571544,616768,0,810169,false,false,0.026503679350607146
after,allWorld,invest,175,20,3,3,3,488546,547435,0,555736,false,false,0.0364677395113362
after,allWorld,invest,176,20,4,4,4,709082,732506,0,980475,false,false,0.02272199624065726
after,allWorld,invest,177,20,3,3,3,408704,441269,0,1380093,false,false,0.023611265429122022
after,allWorld,invest,178,20,4,4,4,738868,752516,0,359768,false,false,0.03619537609317437
after,allWorld,invest,179,20,4,4,4,677237,710414,0,371899,false,false,0.034000299390561914
after,allWorld,invest,180,20,2,2,2,512396,551544,0,2205364,false,false,0.02172128478488398
after,allWorld,invest,181,20,3,3,3,618469,703012,0,3241817,true,false,0.01729834190242706
after,allWorld,invest,182,20,2,2,2,426993,442387,0,3162445,true,false,0.017078619335099268
after,allWorld,invest,183,20,3,3,3,373868,403973,0,1451803,false,false,0.02998932215180773
after,allWorld,invest,184,20,4,4,4,506751,541421,0,110110,false,false,0.06176293719040249
after,allWorld,invest,185,20,3,3,3,509193,531376,0,2765833,false,false,0.02017691955464282
after,allWorld,invest,186,20,3,3,3,599765,632439,0,872674,false,false,0.025573831758578795
after,allWorld,invest,187,20,2,2,2,328566,349322,0,1995435,false,false,0.030076274403091664
after,allWorld,invest,188,20,2,2,2,274768,334466,0,706934,false,false,0.03656449602776087
after,allWorld,invest,189,20,3,3,3,433424,458080,1,1397243,false,false,0.039603730037231326
after,allWorld,invest,190,20,3,3,3,553697,576192,0,1031339,false,false,0.03276372873527433
after,allWorld,invest,191,20,3,3,3,576735,602385,0,1012688,false,false,0.024818193201780386
after,allWorld,invest,192,20,1,1,1,268523,275645,0,748610,false,false,0.02422948205959153
after,allWorld,invest,193,20,3,3,3,396137,465597,0,1376367,false,false,0.020523378389024065
after,allWorld,invest,194,20,2,2,2,430112,450412,0,1613249,false,false,0.04159563249311878
after,allWorld,invest,195,20,3,3,3,424564,443240,0,1138645,false,false,0.02707142494000872
after,allWorld,invest,196,20,5,5,5,712002,774574,0,885245,false,false,0.038563466506093116
after,allWorld,invest,197,20,3,3,3,319539,392860,0,3246776,true,false,0.016059289379507395
after,allWorld,invest,198,20,2,2,2,232057,245383,0,202093,false,false,0.05648519027868658
after,allWorld,invest,199,20,4,4,4,288204,376017,0,708158,false,false,0.03156910798860088
after,allWorld,invest,200,20,3,3,3,354481,366436,0,1406498,false,false,0.023078182825185617
after,allWorld,invest,201,20,2,2,2,203499,233888,1,1982748,false,false,0.027006417338232364
after,allWorld,invest,202,20,3,3,3,382550,467085,0,3800974,true,false,0.0199803485027654
after,allWorld,invest,203,20,3,3,3,622452,657785,0,774670,false,false,0.043394082745538784
after,allWorld,invest,204,20,1,1,1,73957,74152,0,1619791,false,false,0.022332175173852928
after,allWorld,invest,205,20,2,2,2,281912,336131,0,2887418,false,false,0.02126659727972701
after,allWorld,invest,206,20,2,2,2,282692,286929,0,2125793,false,false,0.019576726108060695
after,allWorld,invest,207,20,4,4,4,682272,755310,0,1872776,false,false,0.025516741047076286
after,allWorld,invest,208,20,2,2,2,125404,203019,0,4714334,true,false,0.025664610549300165
after,allWorld,invest,209,20,1,1,1,184451,195421,0,2347544,false,false,0.029783432298462087
after,allWorld,invest,210,20,2,2,2,413656,420334,0,406310,false,false,0.04562135908182649
after,allWorld,invest,211,20,3,3,3,372712,395473,0,267013,false,false,0.04214760614093031
after,allWorld,invest,212,20,3,3,3,590238,616543,0,2123078,false,false,0.034230379124794375
after,allWorld,invest,213,20,3,3,3,450024,471354,0,724234,false,false,0.03908324986946875
after,allWorld,invest,214,20,5,5,5,694560,722098,0,1261275,false,false,0.02744619826614434
after,allWorld,invest,215,20,2,2,2,298088,328116,0,2930355,false,false,0.029718512990520602
after,allWorld,invest,216,20,3,3,3,311285,343279,1,743897,false,false,0.05248418585589241
after,allWorld,invest,217,20,3,3,3,433333,468120,0,2256718,false,false,0.02060061837944255
after,allWorld,invest,218,20,2,2,2,226502,242283,0,2128794,false,false,0.02202485573840277
after,allWorld,invest,219,20,2,2,2,79368,136876,1,1184443,false,false,0.026419875360440142
after,allWorld,invest,220,20,3,3,3,743141,818724,0,2922531,false,false,0.03261103303610599
after,allWorld,invest,221,20,3,3,3,333799,360766,1,1524563,false,false,0.023059251417293737
after,allWorld,invest,222,20,3,3,3,449653,529623,0,1289229,false,false,0.024652514779887245
after,allWorld,invest,223,20,2,2,2,268228,330537,0,2236043,false,false,0.023331606539434085
after,allWorld,invest,224,20,3,3,3,484074,522896,0,721640,false,false,0.025913024911206634
after,allWorld,invest,225,20,3,3,3,483387,545970,0,3733667,true,false,0.034389915722223545
after,allWorld,invest,226,20,2,2,2,191894,199418,0,2991878,false,false,0.02445158949161
after,allWorld,invest,227,20,3,3,3,462789,481586,0,1566631,false,false,0.024627479018710242
after,allWorld,invest,228,20,1,1,1,262091,278053,0,1616261,false,false,0.031131936152293437
after,allWorld,invest,229,20,3,3,3,325554,340242,0,692598,false,false,0.0400543120804034
after,allWorld,invest,230,20,2,2,2,447696,457644,0,1136379,false,false,0.023410802646736756
after,allWorld,invest,231,20,3,3,3,529007,560761,0,1907378,false,false,0.03138753766445688
after,allWorld,invest,232,20,4,4,4,771925,835539,0,978568,false,false,0.030217615513717537
after,allWorld,invest,233,20,1,1,1,118611,124422,0,1187945,false,false,0.029779109855049113
after,allWorld,invest,234,20,2,2,2,224453,237063,0,1690908,false,false,0.020565899871244034
after,allWorld,invest,235,20,3,3,3,374589,443534,0,988756,false,false,0.02793606020464732
after,allWorld,invest,236,20,0,0,0,0,0,0,1454590,false,false,0.051612066451336834
after,allWorld,invest,237,20,2,2,2,323162,341643,0,2094369,false,false,0.022018943943492224
after,allWorld,invest,238,20,3,3,3,706189,721699,0,581690,false,false,0.025867118349482594
after,allWorld,invest,239,20,1,1,1,134335,138850,0,734877,false,false,0.05039749071804467
after,allWorld,invest,240,20,1,1,1,290420,308994,0,2692344,false,false,0.024435442054824
after,allWorld,invest,241,20,1,1,1,134240,145886,0,2015953,false,false,0.0241355368821218
after,allWorld,invest,242,20,3,3,3,370579,415227,0,636481,false,false,0.046959114272446645
after,allWorld,invest,243,20,4,4,4,709226,763832,0,919225,false,false,0.045046762569347615
after,allWorld,invest,244,20,2,2,2,203713,257046,0,1179489,false,false,0.022801248358340347
after,allWorld,invest,245,20,3,3,3,567096,593553,0,2127390,false,false,0.029529523482590792
after,allWorld,invest,246,20,2,2,2,324379,335178,0,1141820,false,false,0.025841094927746933
after,allWorld,invest,247,20,3,3,3,485985,512995,0,1048077,false,false,0.03972827175314315
after,allWorld,invest,248,20,1,1,1,230807,249862,0,2663507,false,false,0.027947926884371067
after,allWorld,invest,249,20,4,4,4,568581,647008,1,1389524,false,false,0.029909702367139124
after,allWorld,invest,250,20,2,2,2,321828,347079,0,2140543,false,false,0.03028378967002926
after,allWorld,invest,251,20,6,6,6,855968,873422,0,159820,false,false,0.04236705019376891
after,allWorld,invest,252,20,3,3,3,313644,323019,0,783110,false,false,0.030441873350139693
after,allWorld,invest,253,20,0,0,0,0,0,0,1923903,false,false,0.02414770443017102
after,allWorld,invest,254,20,2,2,2,157819,181335,0,2978529,false,false,0.021407879048118233
after,allWorld,invest,255,20,1,1,1,169506,184365,0,2262938,false,false,0.024774837686123884
after,allWorld,invest,256,20,3,3,3,522903,560488,0,1700774,false,false,0.027870671262870822
after,allWorld,invest,257,20,2,2,2,175988,235637,0,1810117,false,false,0.014440343412120507
after,allWorld,invest,258,20,4,4,4,568521,618113,0,1941447,false,false,0.03146100801175446
after,allWorld,invest,259,20,2,2,2,416882,455161,0,4254264,true,false,0.027169230548966323
after,allWorld,invest,260,20,3,3,3,656988,694021,0,1124813,false,false,0.02080333542427556
after,allWorld,invest,261,20,4,4,4,513619,543231,0,1030353,false,false,0.022207356243723383
after,allWorld,invest,262,20,2,2,2,339858,367464,0,1804301,false,false,0.02221932642260455
after,allWorld,invest,263,20,4,4,4,600194,624030,0,627815,false,false,0.029514319287250474
after,allWorld,invest,264,20,2,2,2,293716,323202,0,886877,false,false,0.030837393511835294
after,allWorld,invest,265,20,5,5,5,828865,867846,0,1053445,false,false,0.02831191657735379
after,allWorld,invest,266,20,2,2,2,209121,232682,0,533000,false,false,0.029870863876726605
after,allWorld,invest,267,20,3,3,3,447119,484289,0,1458923,false,false,0.025896729671705938
after,allWorld,invest,268,20,3,3,3,258957,280622,0,6755945,true,false,0.019471101240792727
after,allWorld,invest,269,20,4,4,4,781473,824118,0,2007860,false,false,0.022234147539121476
after,allWorld,invest,270,20,3,2,2,140993,228807,0,3358471,true,false,0.030207563953296917
after,allWorld,invest,271,20,2,2,2,162496,174996,0,2053217,false,false,0.025574743220227725
after,allWorld,invest,272,20,1,1,1,154299,176628,0,2697200,false,false,0.023310544435419765
after,allWorld,invest,273,20,3,3,3,327746,407605,0,1962977,false,false,0.024582415851890388
after,allWorld,invest,274,20,1,1,1,120371,128239,0,1284243,false,false,0.03118230461919764
after,allWorld,invest,275,20,1,1,1,113592,127040,0,904772,false,false,0.05220935721414836
after,allWorld,invest,276,20,3,3,3,624723,654112,0,1589508,false,false,0.019353623624541356
after,allWorld,invest,277,20,3,3,3,288808,342779,0,1096365,false,false,0.01772236490909835
after,allWorld,invest,278,20,2,2,2,259863,291627,0,1012791,false,false,0.026470847330817872
after,allWorld,invest,279,20,3,3,3,611127,630247,0,2077553,false,false,0.024997982554759865
after,allWorld,invest,280,20,3,3,3,370508,387791,0,665594,false,false,0.034057962657873794
after,allWorld,invest,281,20,2,2,2,336985,380531,0,2817252,false,false,0.02272646552225211
after,allWorld,invest,282,20,2,2,2,144200,156700,0,4427272,true,false,0.016871040452525243
after,allWorld,invest,283,20,5,5,5,825069,855453,0,440968,false,false,0.03149347177997075
after,allWorld,invest,284,20,3,3,3,199809,255434,0,692294,false,false,0.0455580619691031
after,allWorld,invest,285,20,4,4,4,516383,556897,0,1550916,false,false,0.02168947613122
after,allWorld,invest,286,20,2,2,2,250211,277624,0,2143371,false,false,0.03925044753495795
after,allWorld,invest,287,20,2,2,2,189920,206947,0,1322973,false,false,0.028912487057440227
after,allWorld,invest,288,20,1,1,1,144808,151475,0,1876032,false,false,0.032531040077233765
after,allWorld,invest,289,20,3,3,3,378556,411653,0,2704644,false,false,0.025854796092969444
after,allWorld,invest,290,20,3,3,3,418834,449197,0,1743547,false,false,0.020209056883436296
after,allWorld,invest,291,20,4,4,4,499830,570195,0,537902,false,false,0.021227677776007793
after,allWorld,invest,292,20,3,3,3,351643,372063,0,365147,false,false,0.038442032314571085
after,allWorld,invest,293,20,2,2,2,201876,220491,0,4127649,true,false,0.019654834760015123
after,allWorld,invest,294,20,3,3,3,386976,460329,0,1598046,false,false,0.036121316020986255
after,allWorld,invest,295,20,2,1,1,43254,148721,0,1165055,false,false,0.03531799821051639
after,allWorld,invest,296,20,4,4,4,567521,627181,1,1886963,false,false,0.019489671376696778
after,allWorld,invest,297,20,2,2,2,262238,269474,0,1347792,false,false,0.036110017018248106
after,allWorld,invest,298,20,2,2,2,253676,269563,0,4054040,true,false,0.019165495728326546
after,allWorld,invest,299,20,5,5,5,831158,850683,0,821685,false,false,0.025828643802958674
after,allWorld,invest,300,20,2,2,2,262185,327570,0,1235195,false,false,0.02586974774329483
after,allWorld,invest,301,20,3,3,3,482838,504608,0,1736360,false,false,0.023542674010766533
after,allWorld,invest,302,20,3,3,3,449573,484766,0,1034522,false,false,0.024375503946842493
after,allWorld,invest,303,20,3,3,3,359716,363981,0,824645,false,false,0.023064330690674335
after,allWorld,invest,304,20,2,2,2,361995,385473,1,3487381,true,false,0.021002714222962397
after,allWorld,invest,305,20,2,2,2,277248,283703,0,3921219,true,false,0.020096097814715892
after,allWorld,invest,306,20,1,1,1,47928,56152,0,2140729,false,false,0.025210301544751672
after,allWorld,invest,307,20,2,2,2,175270,183630,0,1820923,false,false,0.018577881601072536
after,allWorld,invest,308,20,5,5,5,657755,730798,0,1186769,false,false,0.02719139207905344
after,allWorld,invest,309,20,4,4,4,883737,997245,0,5917650,true,false,0.02065234828780544
after,allWorld,invest,310,20,4,4,4,878162,903466,0,357108,false,false,0.02335723409020084
after,allWorld,invest,311,20,2,2,2,308982,330564,0,802630,false,false,0.03340990351334666
after,allWorld,invest,312,20,2,2,2,514069,537877,0,847058,false,false,0.02767665304164769
after,allWorld,invest,313,20,3,3,3,349666,418075,0,2022081,false,false,0.02568074338132608
after,allWorld,invest,314,20,3,3,3,366300,426836,0,1349354,false,false,0.029499093435647706
after,allWorld,invest,315,20,0,0,0,0,0,0,1846136,false,false,0.0237352462134839
after,allWorld,invest,316,20,2,2,2,573353,588351,0,2157022,false,false,0.026087747598409993
after,allWorld,invest,317,20,2,2,2,319153,338094,0,1001842,false,false,0.03879271885331574
after,allWorld,invest,318,20,2,2,2,265303,271839,0,856860,false,false,0.047188938300424595
after,allWorld,invest,319,20,2,2,2,276082,285953,0,1574719,false,false,0.02277753295481829
after,allWorld,invest,320,20,4,4,4,579688,595915,0,728513,false,false,0.03051007119461474
after,allWorld,invest,321,20,4,4,4,265084,341839,0,4631752,true,false,0.018887518687555706
after,allWorld,invest,322,20,4,3,3,688270,815590,0,2568825,false,false,0.019791039045728022
after,allWorld,invest,323,20,2,2,2,229859,239543,0,1927536,false,false,0.030778795522251323
after,allWorld,invest,324,20,3,3,3,449997,504032,0,2119082,false,false,0.024340815174893147
after,allWorld,invest,325,20,1,1,1,99351,99419,0,2965360,false,false,0.019269897201660027
after,allWorld,invest,326,20,2,2,2,211524,224860,0,997645,false,false,0.04268283881946056
after,allWorld,invest,327,20,1,1,1,173307,176627,0,1230324,false,false,0.03974577093339398
after,allWorld,invest,328,20,3,3,3,534995,557125,0,864492,false,false,0.02991116197282918
after,allWorld,invest,329,20,2,2,2,314028,327263,0,1651050,false,false,0.034776687294818684
after,allWorld,invest,330,20,2,2,2,390868,410317,0,1619832,false,false,0.031708512451622775
after,allWorld,invest,331,20,2,2,2,335117,349125,0,583149,false,false,0.030663533142051586
after,allWorld,invest,332,20,3,3,3,512807,537429,0,946727,false,false,0.035567196388900456
after,allWorld,invest,333,20,1,1,1,102294,105419,0,1475715,false,false,0.03077550604389124
after,allWorld,invest,334,20,3,3,3,707125,728971,0,1651935,false,false,0.035536553810922744
after,allWorld,invest,335,20,4,4,4,787317,925260,0,2467458,false,false,0.024761587521034977
after,allWorld,invest,336,20,1,1,1,117816,131023,0,2909065,false,false,0.02510786181175797
after,allWorld,invest,337,20,3,3,3,397836,439860,0,1061596,false,false,0.021793210870881742
after,allWorld,invest,338,20,4,4,4,523257,567046,1,1269372,false,false,0.02743548571661176
after,allWorld,invest,339,20,1,1,1,150104,165964,0,2869893,false,false,0.022518412435767365
after,allWorld,invest,340,20,1,1,1,159193,169165,0,1334255,false,false,0.033274350451258074
after,allWorld,invest,341,20,2,2,2,317769,336755,0,1768381,false,false,0.030990118512129662
after,allWorld,invest,342,20,1,1,1,150818,156276,0,1362449,false,false,0.03129123395500757
after,allWorld,invest,343,20,3,3,3,217010,297555,0,3954964,true,false,0.028124782584176826
after,allWorld,invest,344,20,4,4,4,450480,535737,0,2457824,false,false,0.021868690843540133
after,allWorld,invest,345,20,3,3,3,253037,273897,1,2303055,false,false,0.019556453130272003
after,allWorld,invest,346,20,3,3,3,570960,594882,0,625353,false,false,0.024813934224988766
after,allWorld,invest,347,20,4,3,3,371164,499408,0,1284656,false,false,0.026254814625988426
after,allWorld,invest,348,20,4,4,4,593238,676318,0,382987,false,false,0.047667540466185196
after,allWorld,invest,349,20,3,3,3,204986,271831,0,637487,false,false,0.023343956620086082
after,allWorld,invest,350,20,3,3,3,538658,558814,0,1444378,false,false,0.02778657393558238
after,allWorld,invest,351,20,2,2,2,286535,310872,0,1672549,false,false,0.042173938983771274
after,allWorld,invest,352,20,4,4,4,455734,467941,0,836899,false,false,0.024609206454614417
after,allWorld,invest,353,20,2,2,2,431408,491347,0,3720220,true,false,0.04598313915223866
after,allWorld,invest,354,20,3,3,3,333196,345091,0,2456377,false,false,0.02170138816419241
after,allWorld,invest,355,20,1,1,1,138061,141346,0,2148686,false,false,0.02322112813209909
after,allWorld,invest,356,20,2,2,2,193556,199181,0,2382452,false,false,0.01968776178841644
after,allWorld,invest,357,20,1,1,1,166868,185971,0,3145342,true,false,0.029037975382688958
after,allWorld,invest,358,20,3,3,3,513789,541671,0,1214377,false,false,0.044911912185542816
after,allWorld,invest,359,20,3,3,3,361642,376679,0,703788,false,false,0.037055387916981
after,allWorld,invest,360,20,3,3,3,577406,603337,0,1551073,false,false,0.0267306620915357
after,allWorld,invest,361,20,5,5,5,735727,761379,0,850847,false,false,0.02678388754854504
after,allWorld,invest,362,20,2,2,2,299712,343560,0,1303836,false,false,0.03848886734631705
after,allWorld,invest,363,20,3,3,3,371504,397414,0,1454281,false,false,0.027486481193319458
after,allWorld,invest,364,20,3,3,3,346281,377937,0,2814456,false,false,0.020878534602870365
after,allWorld,invest,365,20,2,2,2,316966,355575,0,2087512,false,false,0.024632527636840127
after,allWorld,invest,366,20,2,2,2,341046,372019,0,1340252,false,false,0.032278965124903525
after,allWorld,invest,367,20,1,1,1,156052,165092,0,1702759,false,false,0.02579843430410142
after,allWorld,invest,368,20,0,0,0,0,0,0,2195985,false,false,0.040875155228049805
after,allWorld,invest,369,20,2,2,2,252205,263246,0,1395113,false,false,0.031053380087433802
after,allWorld,invest,370,20,3,3,3,417581,506770,1,953629,false,false,0.030167651126331112
after,allWorld,invest,371,20,2,2,2,272383,300317,1,1851856,false,false,0.02616226605283655
after,allWorld,invest,372,20,2,2,2,382484,409405,0,792842,false,false,0.038992478884807655
after,allWorld,invest,373,20,2,2,2,152241,230646,0,1602154,false,false,0.030834723885672315
after,allWorld,invest,374,20,4,4,4,414893,438147,0,1421311,false,false,0.023927517037845614
after,allWorld,invest,375,20,3,3,3,379580,465960,0,1706348,false,false,0.027145865547992816
after,allWorld,invest,376,20,1,1,1,154795,174462,0,1676061,false,false,0.035465894223539116
after,allWorld,invest,377,20,4,4,4,608978,633543,0,342589,false,false,0.0668604594948436
after,allWorld,invest,378,20,2,2,2,435052,479836,0,1761123,false,false,0.022817135736961796
after,allWorld,invest,379,20,3,2,2,431432,514888,0,4016091,true,false,0.030112975371603908
after,allWorld,invest,380,20,4,4,4,574321,643200,0,375999,false,false,0.03531470642626434
after,allWorld,invest,381,20,2,2,2,254147,282727,0,2301724,false,false,0.030889725551478037
after,allWorld,invest,382,20,3,3,3,534730,578509,1,3650622,true,false,0.032796212722477805
after,allWorld,invest,383,20,2,2,2,302587,320563,0,1574786,false,false,0.029204928938136525
after,allWorld,invest,384,20,2,2,2,97006,159451,0,1132537,false,false,0.03273022757474706
after,allWorld,invest,385,20,1,1,1,348187,361898,0,1104540,false,false,0.04207588392470222
after,allWorld,invest,386,20,1,1,1,140549,154589,0,3993564,true,false,0.01893179644987414
after,allWorld,invest,387,20,2,2,2,290771,302938,0,2637180,false,false,0.03051371642444457
after,allWorld,invest,388,20,2,2,2,141450,193950,0,955208,false,false,0.03357631967469461
after,allWorld,invest,389,20,2,2,2,318998,358730,0,1262651,false,false,0.03539374098821123
after,allWorld,invest,390,20,2,2,2,307100,317406,0,486808,false,false,0.0264259770018187
after,allWorld,invest,391,20,3,3,3,798099,846805,0,2909384,false,false,0.023572550596789935
after,allWorld,invest,392,20,2,2,2,349973,355612,0,594437,false,false,0.03565327432601444
after,allWorld,invest,393,20,4,4,4,445020,491875,0,911471,false,false,0.03667456850019789
after,allWorld,invest,394,20,2,2,2,370149,425272,0,4162876,true,false,0.03401665273345782
after,allWorld,invest,395,20,1,1,1,214323,223834,0,869311,false,false,0.041515172878526914
after,allWorld,invest,396,20,1,1,1,129753,135629,0,787235,false,false,0.06035249484744133
after,allWorld,invest,397,20,3,3,3,520650,541658,0,1194590,false,false,0.02882173862617383
after,allWorld,invest,398,20,4,4,4,743798,778674,0,1208231,false,false,0.03031615068185243
after,allWorld,invest,399,20,3,3,3,406320,429297,0,979274,false,false,0.026766885489193593
after,allWorld,invest,400,20,2,2,2,209738,307354,0,4058725,true,false,0.03530123610637835
after,allWorld,invest,401,20,3,2,2,386997,466429,0,2692939,false,false,0.03184105790789953
after,allWorld,invest,402,20,3,3,3,339238,355416,0,569021,false,false,0.03810303122168456
after,allWorld,invest,403,20,3,3,3,515691,538649,0,3091303,true,false,0.01752159221575245
after,allWorld,invest,404,20,2,2,2,349432,405115,0,1528345,false,false,0.036115050931313376
after,allWorld,invest,405,20,2,2,2,203540,211674,0,854796,false,false,0.03444596413016334
after,allWorld,invest,406,20,4,4,4,452464,487629,1,2544793,false,false,0.019777636241598544
after,allWorld,invest,407,20,4,4,4,443973,505257,0,1147149,false,false,0.01931299128135969
after,allWorld,invest,408,20,2,2,2,228964,236259,0,1265918,false,false,0.021717166854723687
after,allWorld,invest,409,20,1,1,1,80676,93176,0,2217568,false,false,0.034349996788425714
after,allWorld,invest,410,20,3,3,3,333556,397737,0,1391019,false,false,0.019249258626602764
after,allWorld,invest,411,20,2,2,2,416155,435135,0,2057025,false,false,0.022323138232145996
after,allWorld,invest,412,20,1,1,1,123206,130471,0,2708753,false,false,0.019562796047662527
after,allWorld,invest,413,20,3,3,3,394106,418947,0,1041788,false,false,0.022333998689046217
after,allWorld,invest,414,20,1,1,1,144471,154600,0,4439925,true,false,0.025620905924535576
after,allWorld,invest,415,20,3,3,3,402830,456361,0,3403247,true,false,0.023981441337570446
after,allWorld,invest,416,20,1,1,1,45367,57867,0,2065727,false,false,0.028668020221043856
after,allWorld,invest,417,20,4,4,4,388190,438110,0,1107705,false,false,0.03494592216724722
after,allWorld,invest,418,20,3,3,3,518393,541517,0,1811384,false,false,0.020660498961897828
after,allWorld,invest,419,20,2,2,2,351720,367012,0,689516,false,false,0.055663958924092906
after,allWorld,invest,420,20,5,5,5,859764,909485,0,839567,false,false,0.021380923965218863
after,allWorld,invest,421,20,4,4,4,488576,511388,0,410931,false,false,0.03647804020233668
after,allWorld,invest,422,20,4,4,4,288764,344594,0,538368,false,false,0.04515991767216612
after,allWorld,invest,423,20,4,4,4,559318,572184,0,293303,false,false,0.04633110538325109
after,allWorld,invest,424,20,4,4,4,711697,736575,0,482157,false,false,0.02687463519802676
after,allWorld,invest,425,20,2,1,1,127748,284100,0,1157375,false,false,0.03598305411369565
after,allWorld,invest,426,20,2,2,2,406486,443979,0,4393200,true,false,0.023910250495677587
after,allWorld,invest,427,20,1,1,1,36965,86965,0,1245255,false,false,0.028680960387325143
after,allWorld,invest,428,20,1,1,1,15500,65500,0,2509179,false,false,0.01609110405164343
after,allWorld,invest,429,20,2,2,2,310734,331362,0,1082529,false,false,0.03485478872933245
after,allWorld,invest,430,20,3,3,3,325506,380760,0,1260759,false,false,0.025528137063809603
after,allWorld,invest,431,20,4,4,4,472051,521995,0,1175963,false,false,0.03443485027807797
after,allWorld,invest,432,20,2,2,2,363426,397270,0,1423038,false,false,0.02873506678746824
after,allWorld,invest,433,20,1,1,1,205917,223964,0,2570704,false,false,0.03051539023775049
after,allWorld,invest,434,20,3,3,3,360222,422858,0,1214903,false,false,0.023118722710982254
after,allWorld,invest,435,20,1,1,1,203399,210065,0,2366807,false,false,0.035591380230086254
after,allWorld,invest,436,20,3,3,3,522302,548790,0,610842,false,false,0.02809819662848857
after,allWorld,invest,437,20,1,1,1,185336,193159,0,1040262,false,false,0.04384016932847753
after,allWorld,invest,438,20,2,2,2,393138,422457,0,1437865,false,false,0.02504406467454267
after,allWorld,invest,439,20,4,4,4,738711,765521,0,2761371,false,false,0.02151611827900792
after,allWorld,invest,440,20,3,3,3,512386,540272,0,1339546,false,false,0.038492303035529314
after,allWorld,invest,441,20,3,3,3,411832,440211,0,2730581,false,false,0.03245786010499666
after,allWorld,invest,442,20,2,2,2,260552,346109,0,782427,false,false,0.04080330838098699
after,allWorld,invest,443,20,3,3,3,384473,435050,0,508769,false,false,0.045573770547769614
after,allWorld,invest,444,20,4,4,4,502848,567394,0,929710,false,false,0.04113602173440629
after,allWorld,invest,445,20,1,1,1,111822,115115,0,1904071,false,false,0.027060933894381967
after,allWorld,invest,446,20,5,5,5,651997,689512,0,79583,false,false,0.05433967559937023
after,allWorld,invest,447,20,1,1,1,118052,121804,0,756864,false,false,0.030785678520274577
after,allWorld,invest,448,20,3,3,3,365437,440007,0,875534,false,false,0.021132100799061866
after,allWorld,invest,449,20,4,4,4,499550,517850,0,536936,false,false,0.043344713140020405
after,allWorld,invest,450,20,2,2,2,287738,309765,0,1376207,false,false,0.04042012990522632
after,allWorld,invest,451,20,2,2,2,187478,272036,0,1920130,false,false,0.02262079147531363
after,allWorld,invest,452,20,2,2,2,155086,213111,0,1728558,false,false,0.023826965844859084
after,allWorld,invest,453,20,2,2,2,356785,371720,0,1802849,false,false,0.02535581845431465
after,allWorld,invest,454,20,1,1,1,58060,61497,0,1881124,false,false,0.030647093736736963
after,allWorld,invest,455,20,4,4,4,578491,644422,0,1942942,false,false,0.013771783889544384
after,allWorld,invest,456,20,2,2,2,400693,442200,0,2854742,false,false,0.028085628876923795
after,allWorld,invest,457,20,3,3,3,607119,627491,0,1421590,false,false,0.018969958494405928
after,allWorld,invest,458,20,4,4,4,378898,446455,0,1222246,false,false,0.016626920386616305
after,allWorld,invest,459,20,1,1,1,94291,97416,0,1551702,false,false,0.034022342020188986
after,allWorld,invest,460,20,1,1,1,132634,136814,1,2649026,false,false,0.020140170911270218
after,allWorld,invest,461,20,5,5,5,713996,787858,0,1236623,false,false,0.018898083225125685
after,allWorld,invest,462,20,3,3,3,491914,534630,0,2588019,false,false,0.021092251651402355
after,allWorld,invest,463,20,2,2,2,262472,294240,0,1232125,false,false,0.04673764700828647
after,allWorld,invest,464,20,2,2,2,359780,389573,0,1019024,false,false,0.035673645983368654
after,allWorld,invest,465,20,2,1,1,153819,265545,0,1747275,false,false,0.030876300310575193
after,allWorld,invest,466,20,2,2,2,270612,283234,0,1047942,false,false,0.030921291362225656
after,allWorld,invest,467,20,1,1,1,179231,185063,0,1476974,false,false,0.026010095652000527
after,allWorld,invest,468,20,2,2,2,451596,478839,0,1721071,false,false,0.027120648774090712
after,allWorld,invest,469,20,3,3,3,244696,297519,0,1251325,false,false,0.0197425350248539
after,allWorld,invest,470,20,2,2,2,218482,224107,0,2311938,false,false,0.022457342831638978
after,allWorld,invest,471,20,3,3,3,510264,544946,0,406736,false,false,0.03946925787996483
after,allWorld,invest,472,20,3,3,3,268572,333755,0,1131241,false,false,0.028633667669118214
after,allWorld,invest,473,20,1,1,1,169689,178579,0,2029880,false,false,0.025538429998286465
after,allWorld,invest,474,20,3,3,3,584462,686735,0,1798430,false,false,0.03337096798645044
after,allWorld,invest,475,20,2,2,2,398222,426685,0,766086,false,false,0.04421049153358521
after,allWorld,invest,476,20,3,3,3,361176,417905,0,2613778,false,false,0.03273626686318917
after,allWorld,invest,477,20,2,2,2,211248,237029,0,2754694,false,false,0.04298323547410003
after,allWorld,invest,478,20,3,3,3,419056,485412,0,117188,false,false,0.026783868671679024
after,allWorld,invest,479,20,2,2,2,212097,241887,0,1367365,false,false,0.028143317093317438
after,allWorld,invest,480,20,2,2,2,289876,308844,0,3199546,true,false,0.01789687416060682
after,allWorld,invest,481,20,2,2,2,598660,615249,0,1380366,false,false,0.018593120536964554
after,allWorld,invest,482,20,4,4,4,600638,646903,1,1486279,false,false,0.023146598120785462
after,allWorld,invest,483,20,2,2,2,179501,233466,0,1885921,false,false,0.026016886065941318
after,allWorld,invest,484,20,2,2,2,215376,243753,0,2397133,false,false,0.02374032239799366
after,allWorld,invest,485,20,2,1,1,164213,237781,0,3387062,true,false,0.03147478693914992
after,allWorld,invest,486,20,3,3,3,395325,419155,0,1078055,false,false,0.05195877224759149
after,allWorld,invest,487,20,0,0,0,0,0,0,2056024,false,false,0.023815223988862134
after,allWorld,invest,488,20,4,4,4,486437,520829,0,1545376,false,false,0.032376621714336945
after,allWorld,invest,489,20,3,3,3,448320,473280,0,3121879,true,false,0.020827479273405416
after,allWorld,invest,490,20,5,5,5,733499,836321,0,990490,false,false,0.027197280841448828
after,allWorld,invest,491,20,4,4,4,310582,379323,1,842198,false,false,0.02469514931753983
after,allWorld,invest,492,20,5,5,5,579907,673074,1,1241293,false,false,0.02265308080374125
after,allWorld,invest,493,20,4,4,4,687810,725409,0,659337,false,false,0.031785611236514924
after,allWorld,invest,494,20,2,1,1,330973,458880,0,1721807,false,false,0.02904626765987155
after,allWorld,invest,495,20,2,2,2,244648,249335,0,672148,false,false,0.04770772314745829
after,allWorld,invest,496,20,3,3,3,604474,643160,1,2682996,false,false,0.01890880068251292
after,allWorld,invest,497,20,3,3,3,599043,658259,0,1901131,false,false,0.030157333436325696
after,allWorld,invest,498,20,4,4,4,617583,660467,0,2012066,false,false,0.022700006250009126
after,allWorld,invest,499,20,2,2,2,294134,313274,0,1478077,false,false,0.029470814459504734
after,allWorld,invest,500,20,2,2,2,250128,263550,0,958863,false,false,0.047031663378285016
after,allWorld,invest,501,20,3,3,3,389136,461997,0,2269250,false,false,0.018865368330079325
after,allWorld,invest,502,20,5,5,5,786620,822047,0,1275123,false,false,0.016527760841283733
after,allWorld,invest,503,20,2,2,2,213142,281466,0,4241460,true,false,0.0333635154415895
after,allWorld,invest,504,20,4,4,4,510484,550939,0,905740,false,false,0.029664469313273545
after,allWorld,invest,505,20,2,2,2,386692,399828,0,2997450,false,false,0.017019685702502563
after,allWorld,invest,506,20,2,2,2,419088,446452,0,1473243,false,false,0.030841029737999005
after,allWorld,invest,507,20,3,3,3,441852,451383,1,4172223,true,false,0.018983199101826935
after,allWorld,invest,508,20,4,4,4,589144,602991,0,1306030,false,false,0.01919836291856764
after,allWorld,invest,509,20,1,1,1,180330,191997,0,1296099,false,false,0.023341037745689304
after,allWorld,invest,510,20,1,1,1,145377,155279,0,2205280,false,false,0.025509289095251568
after,allWorld,invest,511,20,2,2,2,312122,336841,0,1460512,false,false,0.03457560802314701
after,allWorld,invest,512,20,3,3,3,500528,575647,0,2166736,false,false,0.023640449858840746
after,allWorld,invest,513,20,4,4,4,676916,715381,0,1335151,false,false,0.024658593487216877
after,allWorld,invest,514,20,1,1,1,19980,69980,0,1423321,false,false,0.02549720211945356
after,allWorld,invest,515,20,3,3,3,545404,564658,0,969661,false,false,0.022907620444489418
after,allWorld,invest,516,20,2,2,2,246944,263194,0,2036568,false,false,0.02772120668187563
after,allWorld,invest,517,20,2,2,2,187906,194986,0,1509346,false,false,0.028062428606072533
after,allWorld,invest,518,20,2,2,2,409386,423250,0,632390,false,false,0.045833320014241175
after,allWorld,invest,519,20,2,2,2,249115,264561,0,2277795,false,false,0.025052636156993675
after,allWorld,invest,520,20,3,2,2,278818,334855,0,518222,false,false,0.05132458692185034
after,allWorld,invest,521,20,2,2,2,252860,293539,0,2206000,false,false,0.03134769029272132
after,allWorld,invest,522,20,4,4,4,523407,551839,0,820258,false,false,0.02967127935586622
after,allWorld,invest,523,20,2,2,2,168184,184942,0,1879366,false,false,0.021176056364008912
after,allWorld,invest,524,20,3,3,3,402678,420959,0,1265163,false,false,0.03351959389236529
after,allWorld,invest,525,20,0,0,0,0,0,0,739766,false,false,0.050028925140099365
after,allWorld,invest,526,20,5,5,5,792148,818009,0,27578,false,false,0.07536991437027159
after,allWorld,invest,527,20,3,3,3,600850,634444,0,1875218,false,false,0.01832141405767148
after,allWorld,invest,528,20,1,1,1,81591,83966,0,412479,false,false,0.04292887939575964
after,allWorld,invest,529,20,3,3,3,612515,635666,0,1335521,false,false,0.03081799519932469
after,allWorld,invest,530,20,5,5,5,630634,690289,0,784191,false,false,0.041909444459887854
after,allWorld,invest,531,20,2,2,2,398884,414821,0,2331950,false,false,0.01778171848493155
after,allWorld,invest,532,20,2,2,2,215033,220570,0,739810,false,false,0.01791022987287413
after,allWorld,invest,533,20,1,1,1,77304,80585,0,2343058,false,false,0.02968153072638669
after,allWorld,invest,534,20,4,4,4,816292,892469,0,1670854,false,false,0.023594149725010418
after,allWorld,invest,535,20,3,3,3,404321,438825,0,1221331,false,false,0.021585308882803127
after,allWorld,invest,536,20,1,1,1,126684,172632,0,1982876,false,false,0.028282002086118817
after,allWorld,invest,537,20,2,2,2,252680,269606,0,2943848,false,false,0.0362522744246605
after,allWorld,invest,538,20,2,2,2,300041,312790,0,2246698,false,false,0.027456363966737635
after,allWorld,invest,539,20,1,1,1,109423,120448,0,5431104,true,false,0.022961121186343872
after,allWorld,invest,540,20,4,4,4,447240,500902,0,1174826,false,false,0.03893592541859864
after,allWorld,invest,541,20,3,3,3,439105,469559,0,2715129,false,false,0.017849707322760262
after,allWorld,invest,542,20,3,3,3,274504,335360,0,995962,false,false,0.020472592969325815
after,allWorld,invest,543,20,5,5,5,631051,712559,0,1029470,false,false,0.02187184760229402
after,allWorld,invest,544,20,0,0,0,0,0,0,1939480,false,false,0.022510921019472233
after,allWorld,invest,545,20,2,2,2,217674,228244,0,1106939,false,false,0.04030482876935283
after,allWorld,invest,546,20,0,0,0,0,0,0,949540,false,false,0.03124686333555814
after,allWorld,invest,547,20,3,3,3,504315,521193,0,1320209,false,false,0.024453252918870964
after,allWorld,invest,548,20,3,3,3,389323,416714,1,2377718,false,false,0.017740518737979025
after,allWorld,invest,549,20,3,3,3,432881,461385,0,1058388,false,false,0.02496592225498854
after,allWorld,invest,550,20,2,2,2,168572,231202,0,1906024,false,false,0.022835488862556562
after,allWorld,invest,551,20,1,1,1,62789,75289,0,1532007,false,false,0.0374139989519661
after,allWorld,invest,552,20,2,2,2,356199,362812,0,2680548,false,false,0.02397537960096822
after,allWorld,invest,553,20,4,3,3,693043,780461,0,2049887,false,false,0.030271114088496726
after,allWorld,invest,554,20,3,3,3,421071,443077,0,1467995,false,false,0.023351893323008893
after,allWorld,invest,555,20,3,3,3,532421,558770,1,1526637,false,false,0.025918280772947895
after,allWorld,invest,556,20,1,1,1,218360,234240,0,2971464,false,false,0.01871773122129635
after,allWorld,invest,557,20,2,2,2,195748,205848,0,1013108,false,false,0.03689968394580686
after,allWorld,invest,558,20,3,3,3,479912,497878,0,685921,false,false,0.02962858059607328
after,allWorld,invest,559,20,2,2,2,385361,402694,0,2132052,false,false,0.022963115819657515
after,allWorld,invest,560,20,4,4,4,706954,730066,0,1997286,false,false,0.021971715242496324
after,allWorld,invest,561,20,1,1,1,178714,197448,0,2568021,false,false,0.03167181232198681
after,allWorld,invest,562,20,4,4,4,695313,729118,0,1451049,false,false,0.025978160696073754
after,allWorld,invest,563,20,0,0,0,0,0,0,1392329,false,false,0.027616020815017468
after,allWorld,invest,564,20,1,1,1,24999,74999,0,739060,false,false,0.043524536219294876
after,allWorld,invest,565,20,4,4,4,922177,963644,0,1169933,false,false,0.0356621052403339
after,allWorld,invest,566,20,2,2,2,142381,153162,0,2705992,false,false,0.020191683590906166
after,allWorld,invest,567,20,2,2,2,250405,257048,0,846513,false,false,0.04943218926280253
after,allWorld,invest,568,20,2,2,2,273510,286042,0,2889494,false,false,0.022987323902352745
after,allWorld,invest,569,20,1,1,1,106850,109975,0,3772127,true,false,0.024943469776423394
after,allWorld,invest,570,20,1,1,1,293478,318132,0,1294107,false,false,0.03326209913401294
after,allWorld,invest,571,20,4,4,4,523380,547110,1,4760067,true,false,0.02255058460096602
after,allWorld,invest,572,20,4,4,4,546594,568657,0,827660,false,false,0.03413800271375663
after,allWorld,invest,573,20,2,2,2,301577,321072,0,1697895,false,false,0.031945555141810855
after,allWorld,invest,574,20,2,2,2,214020,274341,0,1618146,false,false,0.019532758338334986
after,allWorld,invest,575,20,3,3,3,442956,472057,0,1874461,false,false,0.022345601668180053
after,allWorld,invest,576,20,2,2,2,336250,358830,0,737950,false,false,0.03184894286305428
after,allWorld,invest,577,20,3,3,3,382420,399724,1,1533370,false,false,0.04070707275078698
after,allWorld,invest,578,20,2,2,2,185525,242111,0,783343,false,false,0.0284075639242456
after,allWorld,invest,579,20,2,2,2,346506,360426,0,1569790,false,false,0.01945106745938404
after,allWorld,invest,580,20,1,1,1,220233,228602,0,1241519,false,false,0.03286377477240457
after,allWorld,invest,581,20,3,3,3,503946,519154,0,561473,false,false,0.03124034002158816
after,allWorld,invest,582,20,2,2,2,311526,356723,0,2007285,false,false,0.038458456538057816
after,allWorld,invest,583,20,3,3,3,526798,555495,0,1490866,false,false,0.026712430951660655
after,allWorld,invest,584,20,2,2,2,354743,367048,0,488685,false,false,0.03711973308594027
after,allWorld,invest,585,20,5,5,5,519152,602046,0,2006716,false,false,0.02037740849280926
after,allWorld,invest,586,20,3,2,2,239591,331965,1,2123134,false,false,0.0246578802486341
after,allWorld,invest,587,20,2,2,2,361791,424086,0,894096,false,false,0.02483392968448333
after,allWorld,invest,588,20,4,4,4,694351,727680,0,1006731,false,false,0.034699206339790734
after,allWorld,invest,589,20,4,4,4,590526,635872,0,1346938,false,false,0.0382830186687399
after,allWorld,invest,590,20,3,3,3,245994,309119,0,2409265,false,false,0.020500476657663365
after,allWorld,invest,591,20,2,2,2,407111,424689,0,703400,false,false,0.02709608228535254
after,allWorld,invest,592,20,4,4,4,565931,588655,0,1261880,false,false,0.03141186348881635
after,allWorld,invest,593,20,3,3,3,398807,433406,1,1374984,false,false,0.0235014708229094
after,allWorld,invest,594,20,3,3,3,504449,536144,0,581579,false,false,0.04692949539113813
after,allWorld,invest,595,20,2,2,2,188948,205510,0,1679266,false,false,0.04194339243470063
after,allWorld,invest,596,20,1,1,1,169048,184155,0,5494927,true,false,0.028992078086020008
after,allWorld,invest,597,20,3,3,3,420570,438265,0,1117068,false,false,0.024258316515019522
after,allWorld,invest,598,20,2,2,2,318524,332203,0,794646,false,false,0.024190063621596758
after,allWorld,invest,599,20,2,2,2,333158,355924,0,2318416,false,false,0.022547442961498767
after,sp500,cash,0,20,2,0,0,0,352816,0,2015495,false,false,0.46112749019046523
after,sp500,cash,1,20,2,0,0,0,383189,0,2474375,false,false,0.4370482938914327
after,sp500,cash,2,20,2,0,0,0,404480,0,2133414,false,false,0.4215795413971134
after,sp500,cash,3,20,2,0,0,0,388264,0,1509252,false,false,0.41895250486995045
after,sp500,cash,4,20,1,0,0,0,64016,0,2072645,false,false,0.4355795448974066
after,sp500,cash,5,20,2,0,0,0,204004,0,1709733,false,false,0.41045601797986525
after,sp500,cash,6,20,3,0,0,0,395005,0,1321286,false,false,0.4158423957804783
after,sp500,cash,7,20,4,0,0,0,444320,1,892398,false,false,0.44853556870556455
after,sp500,cash,8,20,1,0,0,0,260478,0,1293939,false,false,0.46249816911381625
after,sp500,cash,9,20,2,0,0,0,390175,0,1570340,false,false,0.4723970957797099
after,sp500,cash,10,20,2,0,0,0,251803,0,1544201,false,false,0.4400546731879385
after,sp500,cash,11,20,3,0,0,0,558985,0,774019,false,false,0.43793524360476754
after,sp500,cash,12,20,2,0,0,0,426266,0,1060081,false,false,0.4320330916984766
after,sp500,cash,13,20,2,0,0,0,287642,0,2399917,false,false,0.43385526954328446
after,sp500,cash,14,20,2,0,0,0,258734,0,1322274,false,false,0.4397575004148041
after,sp500,cash,15,20,1,0,0,0,223121,0,1536455,false,false,0.4938085430454975
after,sp500,cash,16,20,3,0,0,0,473300,0,1233755,false,false,0.43424375564214734
after,sp500,cash,17,20,2,0,0,0,334716,0,2339329,false,false,0.43783911279294785
after,sp500,cash,18,20,5,0,0,0,778995,0,1386670,false,false,0.4193177261926979
after,sp500,cash,19,20,3,0,0,0,697346,0,1938571,false,false,0.43213597644242324
after,sp500,cash,20,20,2,0,0,0,250815,0,1268587,false,false,0.4718523519155638
after,sp500,cash,21,20,4,0,0,0,495810,0,1824305,false,false,0.4631159262584797
after,sp500,cash,22,20,4,0,0,0,568185,0,784615,false,false,0.43290921479819566
after,sp500,cash,23,20,2,0,0,0,400353,0,1403709,false,false,0.4602195646515394
after,sp500,cash,24,20,4,0,0,0,549261,0,1609940,false,false,0.41734414660939556
after,sp500,cash,25,20,1,0,0,0,118991,0,1786245,false,false,0.5282518072633364
after,sp500,cash,26,20,1,0,0,0,55698,0,1380737,false,false,0.4976981130823274
after,sp500,cash,27,20,1,0,0,0,70127,0,1277584,false,false,0.48757220497955195
after,sp500,cash,28,20,2,0,0,0,346385,0,919622,false,false,0.4475243180294427
after,sp500,cash,29,20,2,0,0,0,333207,0,1850371,false,false,0.4455744196308237
after,sp500,cash,30,20,1,0,0,0,172551,0,2024719,false,false,0.4324988412273781
after,sp500,cash,31,20,2,0,0,0,299213,0,1527016,false,false,0.4263902125790885
after,sp500,cash,32,20,4,0,0,0,742713,0,596011,false,false,0.4465078340624215
after,sp500,cash,33,20,0,0,0,0,0,0,1570912,false,false,0.4886818611797096
after,sp500,cash,34,20,1,0,0,0,277955,0,1672715,false,false,0.43293845509660417
after,sp500,cash,35,20,2,0,0,0,304369,0,1659573,false,false,0.46314567284694663
after,sp500,cash,36,20,1,0,0,0,99308,0,1957698,false,false,0.44791045814207175
after,sp500,cash,37,20,2,0,0,0,236144,0,1231205,false,false,0.44738139159085943
after,sp500,cash,38,20,4,0,0,0,744545,0,1212759,false,false,0.43524467540671735
after,sp500,cash,39,20,2,0,0,0,398290,0,856217,false,false,0.5020243927684753
after,sp500,cash,40,20,3,0,0,0,655257,0,1408546,false,false,0.4776651883385207
after,sp500,cash,41,20,2,0,0,0,213686,0,1528487,false,false,0.4499853488198909
after,sp500,cash,42,20,2,0,0,0,283744,0,1561410,false,false,0.48052396064649694
after,sp500,cash,43,20,3,0,0,0,557680,0,1146738,false,false,0.46013446125665236
after,sp500,cash,44,20,3,0,0,0,583356,1,2108083,false,false,0.4215202160613483
after,sp500,cash,45,20,4,0,0,0,526545,0,368249,false,false,0.4490623808883809
after,sp500,cash,46,20,3,0,0,0,530219,0,556142,false,false,0.4561803967224172
after,sp500,cash,47,20,3,0,0,0,429420,0,1326214,false,false,0.4157238008641097
after,sp500,cash,48,20,2,0,0,0,321531,0,1138239,false,false,0.4302573395706474
after,sp500,cash,49,20,3,0,0,0,507593,0,667857,false,false,0.48704374369985814
after,sp500,cash,50,20,3,0,0,0,520504,1,1475720,false,false,0.4131559362492473
after,sp500,cash,51,20,2,0,0,0,226639,1,1922379,false,false,0.45763979833616836
after,sp500,cash,52,20,3,0,0,0,472519,0,1095567,false,false,0.45499767317216444
after,sp500,cash,53,20,3,0,0,0,639153,0,1209601,false,false,0.4728245130430194
after,sp500,cash,54,20,2,0,0,0,173461,0,2039355,false,false,0.4602690627614946
after,sp500,cash,55,20,3,0,0,0,465596,0,699409,false,false,0.4173017277783445
after,sp500,cash,56,20,2,0,0,0,312152,0,2216096,false,false,0.4380566014782147
after,sp500,cash,57,20,0,0,0,0,0,0,1434424,false,false,0.5111127391563305
after,sp500,cash,58,20,3,0,0,0,457159,0,1169666,false,false,0.42570169470905805
after,sp500,cash,59,20,2,0,0,0,254348,0,1859478,false,false,0.43681194103721344
after,sp500,cash,60,20,4,0,0,0,568293,0,2351815,false,false,0.4316234519394887
after,sp500,cash,61,20,5,0,0,0,658465,0,1898761,false,false,0.4155053554498635
after,sp500,cash,62,20,1,0,0,0,125823,0,1597717,false,false,0.4695336143360057
after,sp500,cash,63,20,1,0,0,0,167510,0,1441157,false,false,0.4463942147400422
after,sp500,cash,64,20,2,0,0,0,315919,0,3055688,true,false,0.40470715271885294
after,sp500,cash,65,20,4,0,0,0,609214,1,1413474,false,false,0.42532197020208395
after,sp500,cash,66,20,1,0,0,0,148686,0,1588399,false,false,0.43663049006272764
after,sp500,cash,67,20,3,0,0,0,370851,0,558537,false,false,0.4802577375743972
after,sp500,cash,68,20,2,0,0,0,460800,0,2511845,false,false,0.4098437779794488
after,sp500,cash,69,20,3,0,0,0,631927,0,1556725,false,false,0.41639106094577166
after,sp500,cash,70,20,2,0,0,0,329042,0,1428124,false,false,0.4367116607981204
after,sp500,cash,71,20,5,0,0,0,585142,0,880072,false,false,0.4053272287536308
after,sp500,cash,72,20,3,0,0,0,441987,0,2269719,false,false,0.42217884441303377
after,sp500,cash,73,20,2,0,0,0,159938,0,1432372,false,false,0.5072247713767365
after,sp500,cash,74,20,3,0,0,0,533965,0,531920,false,false,0.4687316639719044
after,sp500,cash,75,20,2,0,0,0,235987,0,1332382,false,false,0.4291560149371631
after,sp500,cash,76,20,3,0,0,0,518948,0,1485832,false,false,0.4669008528905099
after,sp500,cash,77,20,3,0,0,0,448689,0,1454552,false,false,0.4509732466637747
after,sp500,cash,78,20,1,0,0,0,173725,0,2676474,false,false,0.4450866820737235
after,sp500,cash,79,20,2,0,0,0,266172,0,791081,false,false,0.5704968907790756
after,sp500,cash,80,20,2,0,0,0,387251,0,1050943,false,false,0.49720719175887274
after,sp500,cash,81,20,4,0,0,0,736967,0,2029784,false,false,0.3994821650970263
after,sp500,cash,82,20,3,0,0,0,564436,0,1112234,false,false,0.4222653178354114
after,sp500,cash,83,20,3,0,0,0,635764,0,1753857,false,false,0.43634146268268736
after,sp500,cash,84,20,3,0,0,0,421655,0,2434288,false,false,0.42066764269619367
after,sp500,cash,85,20,3,0,0,0,584308,0,620910,false,false,0.41928402747961535
after,sp500,cash,86,20,2,0,0,0,330408,0,1878599,false,false,0.42861657855124025
after,sp500,cash,87,20,2,0,0,0,282701,0,1506329,false,false,0.4637873588574604
after,sp500,cash,88,20,2,0,0,0,294127,0,2673213,false,false,0.44054215862658397
after,sp500,cash,89,20,2,0,0,0,346918,0,1639160,false,false,0.4141214284601662
after,sp500,cash,90,20,2,0,0,0,199002,0,2062388,false,false,0.4344857233204181
after,sp500,cash,91,20,2,0,0,0,256889,0,1161150,false,false,0.5753745243977467
after,sp500,cash,92,20,3,0,0,0,384238,0,903038,false,false,0.46518035816529046
after,sp500,cash,93,20,1,0,0,0,163994,0,1036748,false,false,0.502422998332751
after,sp500,cash,94,20,3,0,0,0,551841,0,1154019,false,false,0.4690453184096489
after,sp500,cash,95,20,1,0,0,0,53266,0,2504457,false,false,0.46858548680087503
after,sp500,cash,96,20,1,0,0,0,113471,0,1760868,false,false,0.45489289154842305
after,sp500,cash,97,20,2,0,0,0,427484,0,1675290,false,false,0.4200219690938726
after,sp500,cash,98,20,3,0,0,0,599214,0,1418791,false,false,0.3850669822682317
after,sp500,cash,99,20,2,0,0,0,233105,0,1232190,false,false,0.5228107485685005
after,sp500,cash,100,20,4,0,0,0,781829,0,1640956,false,false,0.4280657726277595
after,sp500,cash,101,20,4,0,0,0,853101,0,1415418,false,false,0.41553248464117304
after,sp500,cash,102,20,3,0,0,0,564899,0,1403424,false,false,0.46463691090929854
after,sp500,cash,103,20,3,0,0,0,404299,0,819327,false,false,0.44799446149790656
after,sp500,cash,104,20,3,0,0,0,573293,0,1535393,false,false,0.4449466761946347
after,sp500,cash,105,20,4,0,0,0,597254,0,1425690,false,false,0.4165397797030915
after,sp500,cash,106,20,2,0,0,0,309455,0,1270230,false,false,0.4820347753702161
after,sp500,cash,107,20,2,0,0,0,382974,0,1337120,false,false,0.46535388460504856
after,sp500,cash,108,20,1,0,0,0,111822,0,2013868,false,false,0.46907386297549325
after,sp500,cash,109,20,2,0,0,0,403868,0,1872119,false,false,0.43766398943963847
after,sp500,cash,110,20,1,0,0,0,99238,0,2053396,false,false,0.4801735649737033
after,sp500,cash,111,20,2,0,0,0,302160,0,1962193,false,false,0.42099851854458015
after,sp500,cash,112,20,2,0,0,0,455999,0,2053744,false,false,0.3963082321384366
after,sp500,cash,113,20,2,0,0,0,293278,0,840196,false,false,0.4942930952636688
after,sp500,cash,114,20,3,0,0,0,542545,0,2170126,false,false,0.40024128865663194
after,sp500,cash,115,20,1,0,0,0,146792,0,1501872,false,false,0.46230665829013606
after,sp500,cash,116,20,2,0,0,0,452411,0,1266290,false,false,0.4268267730565243
after,sp500,cash,117,20,2,0,0,0,256398,0,1121137,false,false,0.4473732964230449
after,sp500,cash,118,20,3,0,0,0,401510,0,488285,false,false,0.4835313534426312
after,sp500,cash,119,20,2,0,0,0,285036,0,2946789,false,false,0.4302727182057911
after,sp500,cash,120,20,2,0,0,0,337751,0,1763021,false,false,0.4273450925911521
after,sp500,cash,121,20,2,0,0,0,288966,1,1363568,false,false,0.46623852930838894
after,sp500,cash,122,20,3,0,0,0,551250,0,2360217,false,false,0.4336752770213842
after,sp500,cash,123,20,1,0,0,0,205462,0,1073668,false,false,0.5097171172036681
after,sp500,cash,124,20,1,0,0,0,260672,0,1131880,false,false,0.5403501197377822
after,sp500,cash,125,20,1,0,0,0,203782,0,2491621,false,false,0.4074518048514343
after,sp500,cash,126,20,1,0,0,0,106194,0,2364068,false,false,0.44277063138923384
after,sp500,cash,127,20,1,0,0,0,108776,0,2007172,false,false,0.43738069364076937
after,sp500,cash,128,20,3,0,0,0,276382,0,1075640,false,false,0.4505832940402449
after,sp500,cash,129,20,2,0,0,0,356539,0,611307,false,false,0.5192780096504785
after,sp500,cash,130,20,1,0,0,0,170770,0,1456091,false,false,0.47440570206881383
after,sp500,cash,131,20,2,0,0,0,341621,0,946140,false,false,0.47357432052108495
after,sp500,cash,132,20,2,0,0,0,391757,0,893518,false,false,0.46277103164514577
after,sp500,cash,133,20,1,0,0,0,115366,0,1815538,false,false,0.4461792034269044
after,sp500,cash,134,20,2,0,0,0,222276,1,1459690,false,false,0.44092409461163057
after,sp500,cash,135,20,2,0,0,0,616918,0,1958158,false,false,0.4445098924583961
after,sp500,cash,136,20,4,0,0,0,817303,0,1345727,false,false,0.4279978290847367
after,sp500,cash,137,20,3,0,0,0,787607,0,2080382,false,false,0.4142639365164896
after,sp500,cash,138,20,1,0,0,0,216927,0,3081665,true,false,0.4294105714322005
after,sp500,cash,139,20,1,0,0,0,336406,0,2556228,false,false,0.4178316057854127
after,sp500,cash,140,20,3,0,0,0,388202,0,3253032,true,false,0.38542469787919464
after,sp500,cash,141,20,6,0,0,0,952442,0,565763,false,false,0.4001501942994986
after,sp500,cash,142,20,3,0,0,0,353737,0,1015580,false,false,0.41906551792161695
after,sp500,cash,143,20,2,0,0,0,363054,0,1208605,false,false,0.543229712012385
after,sp500,cash,144,20,5,0,0,0,639910,0,248851,false,false,0.42538049092405145
after,sp500,cash,145,20,2,0,0,0,249177,1,3076287,true,false,0.42479296813853873
after,sp500,cash,146,20,3,0,0,0,526665,0,1400115,false,false,0.42948595084096153
after,sp500,cash,147,20,3,0,0,0,399125,0,1660054,false,false,0.41905773275484287
after,sp500,cash,148,20,5,0,0,0,725444,0,881692,false,false,0.44651541182384075
after,sp500,cash,149,20,4,0,0,0,655896,0,1674952,false,false,0.4271914980790149
after,sp500,cash,150,20,2,0,0,0,261589,0,1364831,false,false,0.4426536409275603
after,sp500,cash,151,20,4,0,0,0,596829,0,1692090,false,false,0.4110292863316108
after,sp500,cash,152,20,1,0,0,0,182951,0,1109990,false,false,0.4750486948175513
after,sp500,cash,153,20,2,0,0,0,371281,0,1658543,false,false,0.4650828346576305
after,sp500,cash,154,20,3,0,0,0,554422,0,3703945,true,false,0.3950376200476314
after,sp500,cash,155,20,2,0,0,0,571494,0,1820408,false,false,0.4348324357401559
after,sp500,cash,156,20,3,0,0,0,640745,0,2032083,false,false,0.4181697220030993
after,sp500,cash,157,20,3,0,0,0,368428,0,963525,false,false,0.42591457726404264
after,sp500,cash,158,20,4,0,0,0,710061,0,971810,false,false,0.3891395813303984
after,sp500,cash,159,20,2,0,0,0,296699,0,1235320,false,false,0.4649267859366498
after,sp500,cash,160,20,3,0,0,0,396010,1,1059068,false,false,0.46169510664075464
after,sp500,cash,161,20,1,0,0,0,240782,0,1960124,false,false,0.4381128091839123
after,sp500,cash,162,20,1,0,0,0,115202,0,2516032,false,false,0.44031969766410073
after,sp500,cash,163,20,0,0,0,0,0,0,3958109,true,false,0.4121618860333104
after,sp500,cash,164,20,3,0,0,0,413714,0,1820850,false,false,0.4279228312002418
after,sp500,cash,165,20,2,0,0,0,257061,0,1028125,false,false,0.45277043036129505
after,sp500,cash,166,20,4,0,0,0,715316,0,518936,false,false,0.490991974932402
after,sp500,cash,167,20,2,0,0,0,299162,0,900718,false,false,0.45875392275353893
after,sp500,cash,168,20,2,0,0,0,464115,0,2106314,false,false,0.45069526294152357
after,sp500,cash,169,20,2,0,0,0,496687,0,1313636,false,false,0.45085432529721875
after,sp500,cash,170,20,3,0,0,0,409807,0,1577167,false,false,0.4364808016412186
after,sp500,cash,171,20,1,0,0,0,254641,0,2156006,false,false,0.44867933513937536
after,sp500,cash,172,20,1,0,0,0,246002,0,2840701,false,false,0.44415588923386445
after,sp500,cash,173,20,2,0,0,0,203708,0,1284666,false,false,0.4542230471004872
after,sp500,cash,174,20,4,0,0,0,622860,0,1008337,false,false,0.47320602900838804
after,sp500,cash,175,20,3,0,0,0,541139,0,614716,false,false,0.4343646093953598
after,sp500,cash,176,20,4,0,0,0,743212,0,1073296,false,false,0.4291642510881279
after,sp500,cash,177,20,3,0,0,0,445459,0,1539894,false,false,0.4435853737733974
after,sp500,cash,178,20,4,0,0,0,777729,0,525028,false,false,0.4610452514711875
after,sp500,cash,179,20,4,0,0,0,752866,0,771070,false,false,0.45041531680533603
after,sp500,cash,180,20,2,0,0,0,538974,0,1764570,false,false,0.4210704090172226
after,sp500,cash,181,20,3,0,0,0,680049,0,2198925,false,false,0.3901690825664819
after,sp500,cash,182,20,2,0,0,0,436436,0,2734157,false,false,0.41036514818577363
after,sp500,cash,183,20,3,0,0,0,405181,0,1431233,false,false,0.4578292595221103
after,sp500,cash,184,20,4,0,0,0,582883,0,287332,false,false,0.5345548557217389
after,sp500,cash,185,20,3,0,0,0,524376,0,2168287,false,false,0.4188752544791991
after,sp500,cash,186,20,3,0,0,0,642684,0,992821,false,false,0.41893114210915605
after,sp500,cash,187,20,2,0,0,0,347694,0,1649593,false,false,0.48122516877727783
after,sp500,cash,188,20,2,0,0,0,343875,0,947675,false,false,0.45195766467579146
after,sp500,cash,189,20,3,0,0,0,476458,1,1479139,false,false,0.4324848019108443
after,sp500,cash,190,20,3,0,0,0,578749,0,1089123,false,false,0.4822461912313389
after,sp500,cash,191,20,3,0,0,0,600352,0,966499,false,false,0.4886587308338547
after,sp500,cash,192,20,1,0,0,0,283074,0,928937,false,false,0.5051028835147598
after,sp500,cash,193,20,3,0,0,0,462897,0,1245027,false,false,0.4335518717758429
after,sp500,cash,194,20,2,0,0,0,444005,0,1319934,false,false,0.4496451235176814
after,sp500,cash,195,20,3,0,0,0,447738,0,1215073,false,false,0.46640848091368825
after,sp500,cash,196,20,5,0,0,0,762841,0,752095,false,false,0.40582695397592294
after,sp500,cash,197,20,3,0,0,0,385842,0,2487992,false,false,0.3976459132913469
after,sp500,cash,198,20,2,0,0,0,285442,0,592307,false,false,0.5931079191471658
after,sp500,cash,199,20,4,0,0,0,394120,0,1137458,false,false,0.4272350153579594
after,sp500,cash,200,20,3,0,0,0,375713,0,1610828,false,false,0.41586775762124956
after,sp500,cash,201,20,2,0,0,0,211732,1,1703447,false,false,0.42042149631376546
after,sp500,cash,202,20,3,0,0,0,451923,0,2441954,false,false,0.4271138962295328
after,sp500,cash,203,20,3,0,0,0,660492,0,916285,false,false,0.4305650614189071
after,sp500,cash,204,20,1,0,0,0,74559,0,1550434,false,false,0.47178514218201306
after,sp500,cash,205,20,2,0,0,0,337192,0,2364606,false,false,0.43368861120720553
after,sp500,cash,206,20,2,0,0,0,284049,0,1934912,false,false,0.4205304950721165
after,sp500,cash,207,20,4,0,0,0,743712,0,1508455,false,false,0.44978836961551305
after,sp500,cash,208,20,2,0,0,0,202347,0,3001741,true,false,0.44836718568502343
after,sp500,cash,209,20,1,0,0,0,193355,0,1970613,false,false,0.43196146857737344
after,sp500,cash,210,20,2,0,0,0,438348,0,713515,false,false,0.5315643612519234
after,sp500,cash,211,20,3,0,0,0,413676,0,605853,false,false,0.45604514608287994
after,sp500,cash,212,20,3,0,0,0,605340,0,1657548,false,false,0.40117887678353376
after,sp500,cash,213,20,3,0,0,0,480164,0,812101,false,false,0.43701341057890036
after,sp500,cash,214,20,5,0,0,0,718367,0,1146986,false,false,0.39958354220279513
after,sp500,cash,215,20,2,0,0,0,319384,0,2200644,false,false,0.47039650850101644
after,sp500,cash,216,20,3,0,0,0,346686,1,799311,false,false,0.4557169360407807
after,sp500,cash,217,20,3,0,0,0,451408,0,1643439,false,false,0.4334085003507714
after,sp500,cash,218,20,2,0,0,0,240763,0,1911930,false,false,0.4581294100056129
after,sp500,cash,219,20,2,0,0,0,140057,1,1257698,false,false,0.4960500579089002
after,sp500,cash,220,20,3,0,0,0,793024,0,1971165,false,false,0.42197915500318717
after,sp500,cash,221,20,3,0,0,0,363990,1,1502344,false,false,0.4494128964049625
after,sp500,cash,222,20,3,0,0,0,528781,0,1202866,false,false,0.4191149780552627
after,sp500,cash,223,20,2,0,0,0,325376,0,1850358,false,false,0.44012613615889257
after,sp500,cash,224,20,3,0,0,0,542549,0,1104449,false,false,0.4216960181195044
after,sp500,cash,225,20,3,0,0,0,525088,0,2209151,false,false,0.44943221665069516
after,sp500,cash,226,20,2,0,0,0,194533,0,2422344,false,false,0.41847033697217917
after,sp500,cash,227,20,3,0,0,0,484470,0,1671895,false,false,0.44503407902814107
after,sp500,cash,228,20,1,0,0,0,274733,0,1437400,false,false,0.44359072922202225
after,sp500,cash,229,20,3,0,0,0,338856,0,772523,false,false,0.4638405364366047
after,sp500,cash,230,20,2,0,0,0,453554,0,1163166,false,false,0.42624826498733004
after,sp500,cash,231,20,3,0,0,0,543014,0,1429267,false,false,0.43039340000081844
after,sp500,cash,232,20,4,0,0,0,838760,0,936352,false,false,0.444935352203012
after,sp500,cash,233,20,1,0,0,0,129009,0,1358404,false,false,0.4865862561777967
after,sp500,cash,234,20,2,0,0,0,237573,0,1628275,false,false,0.44008467812809443
after,sp500,cash,235,20,3,0,0,0,442624,0,982274,false,false,0.4510769593234424
after,sp500,cash,236,20,0,0,0,0,0,0,1552201,false,false,0.5230209088321555
after,sp500,cash,237,20,2,0,0,0,343460,0,1971711,false,false,0.4312913517195742
after,sp500,cash,238,20,3,0,0,0,726958,0,626702,false,false,0.47782845757354087
after,sp500,cash,239,20,1,0,0,0,148713,0,1415408,false,false,0.4604601831159002
after,sp500,cash,240,20,1,0,0,0,299246,0,2081209,false,false,0.44861727582777355
after,sp500,cash,241,20,1,0,0,0,141850,0,1721156,false,false,0.46294319654687166
after,sp500,cash,242,20,3,0,0,0,419513,0,665946,false,false,0.4934546769921713
after,sp500,cash,243,20,4,0,0,0,751673,0,740452,false,false,0.4488101456700536
after,sp500,cash,244,20,2,0,0,0,256090,0,1087805,false,false,0.43122090572765404
after,sp500,cash,245,20,3,0,0,0,579327,0,1844488,false,false,0.4234823128139774
after,sp500,cash,246,20,2,0,0,0,331138,0,1109252,false,false,0.4524694321684266
after,sp500,cash,247,20,3,0,0,0,519680,0,1039633,false,false,0.440635539056608
after,sp500,cash,248,20,1,0,0,0,242417,0,2176660,false,false,0.42833039077362345
after,sp500,cash,249,20,4,0,0,0,644951,1,1192272,false,false,0.4197380965613851
after,sp500,cash,250,20,2,0,0,0,342401,0,1969124,false,false,0.4350356892706941
after,sp500,cash,251,20,6,0,0,0,895838,0,237431,false,false,0.39567983824964975
after,sp500,cash,252,20,3,0,0,0,324910,0,1149740,false,false,0.46277797811800203
after,sp500,cash,253,20,0,0,0,0,0,0,1848137,false,false,0.4665121273946527
after,sp500,cash,254,20,2,0,0,0,180442,0,2515720,false,false,0.4411931685663205
after,sp500,cash,255,20,1,0,0,0,181423,0,1886125,false,false,0.4628754294806868
after,sp500,cash,256,20,3,0,0,0,564534,0,1744351,false,false,0.43520948669694803
after,sp500,cash,257,20,2,0,0,0,235319,0,1601257,false,false,0.43989167028007936
after,sp500,cash,258,20,4,0,0,0,591381,0,1162387,false,false,0.4141282618408539
after,sp500,cash,259,20,2,0,0,0,434989,0,2650468,false,false,0.4424539870135115
after,sp500,cash,260,20,3,0,0,0,701143,0,1259688,false,false,0.44573724407370496
after,sp500,cash,261,20,4,0,0,0,529843,0,874982,false,false,0.4046099874367773
after,sp500,cash,262,20,2,0,0,0,361753,0,1576386,false,false,0.45160482705687305
after,sp500,cash,263,20,4,0,0,0,636796,0,726181,false,false,0.3912844591790696
after,sp500,cash,264,20,2,0,0,0,319363,0,818017,false,false,0.45511828033508495
after,sp500,cash,265,20,5,0,0,0,872589,0,1026344,false,false,0.38292563844253474
after,sp500,cash,266,20,2,0,0,0,242428,0,836542,false,false,0.46701695597169246
after,sp500,cash,267,20,3,0,0,0,490350,0,1497214,false,false,0.4454190854079968
after,sp500,cash,268,20,3,0,0,0,273595,0,4312465,true,false,0.42036650420049926
after,sp500,cash,269,20,4,0,0,0,822208,0,1944185,false,false,0.39673664255824825
after,sp500,cash,270,20,3,0,0,0,228248,0,1791324,false,false,0.4413172313599599
after,sp500,cash,271,20,2,0,0,0,177414,0,1855927,false,false,0.4607588995011268
after,sp500,cash,272,20,1,0,0,0,176868,0,2265577,false,false,0.45037216701172167
after,sp500,cash,273,20,3,0,0,0,399401,0,1625549,false,false,0.3913260748697024
after,sp500,cash,274,20,1,0,0,0,127868,0,1409286,false,false,0.45016355629535154
after,sp500,cash,275,20,1,0,0,0,134118,0,1383670,false,false,0.4968107292287944
after,sp500,cash,276,20,3,0,0,0,654199,0,1562618,false,false,0.4384294622517255
after,sp500,cash,277,20,3,0,0,0,343653,0,1126371,false,false,0.4427970614005191
after,sp500,cash,278,20,2,0,0,0,293678,0,1187756,false,false,0.4935803539516409
after,sp500,cash,279,20,3,0,0,0,621408,0,1822223,false,false,0.42612574501074085
after,sp500,cash,280,20,3,0,0,0,398108,0,869060,false,false,0.47853275095948733
after,sp500,cash,281,20,2,0,0,0,373386,0,2286492,false,false,0.4398913746712395
after,sp500,cash,282,20,2,0,0,0,157139,0,3430737,true,false,0.38128931577131786
after,sp500,cash,283,20,5,0,0,0,850570,0,394009,false,false,0.40460805916052134
after,sp500,cash,284,20,3,0,0,0,262264,0,1313343,false,false,0.4739331253721499
after,sp500,cash,285,20,4,0,0,0,559645,0,1256326,false,false,0.39351708957409487
after,sp500,cash,286,20,2,0,0,0,273823,0,1727564,false,false,0.448366616281415
after,sp500,cash,287,20,2,0,0,0,208326,0,1428352,false,false,0.47686684203072965
after,sp500,cash,288,20,1,0,0,0,148134,0,1545853,false,false,0.4871066953311482
after,sp500,cash,289,20,3,0,0,0,407162,0,1994629,false,false,0.3943481570108881
after,sp500,cash,290,20,3,0,0,0,448556,0,1748532,false,false,0.4168866473897574
after,sp500,cash,291,20,4,0,0,0,595444,0,831838,false,false,0.43688467013551513
after,sp500,cash,292,20,3,0,0,0,368477,0,592962,false,false,0.4836998085333577
after,sp500,cash,293,20,2,0,0,0,214866,0,2885414,false,false,0.4286783113638113
after,sp500,cash,294,20,3,0,0,0,472354,0,1697797,false,false,0.4480731961296468
after,sp500,cash,295,20,2,0,0,0,148215,0,1362888,false,false,0.49919371175462623
after,sp500,cash,296,20,4,0,0,0,612225,1,1247158,false,false,0.45297560743660503
after,sp500,cash,297,20,2,0,0,0,280478,0,1514138,false,false,0.44520617501966553
after,sp500,cash,298,20,2,0,0,0,259437,0,2696973,false,false,0.41484358188055975
after,sp500,cash,299,20,5,0,0,0,847821,0,728286,false,false,0.4032762858770459
after,sp500,cash,300,20,2,0,0,0,329762,0,1357541,false,false,0.4498993966352166
after,sp500,cash,301,20,3,0,0,0,496112,0,1499964,false,false,0.44182880075243036
after,sp500,cash,302,20,3,0,0,0,487541,0,1147058,false,false,0.45144051942509106
after,sp500,cash,303,20,3,0,0,0,367755,0,979688,false,false,0.48967519351487915
after,sp500,cash,304,20,2,0,0,0,292560,1,2041824,false,false,0.425108053435188
after,sp500,cash,305,20,2,0,0,0,279674,0,3074998,true,false,0.4220777349946606
after,sp500,cash,306,20,1,0,0,0,56097,0,1979437,false,false,0.45075056120030954
after,sp500,cash,307,20,2,0,0,0,185593,0,1774012,false,false,0.4252833403851283
after,sp500,cash,308,20,5,0,0,0,734992,0,1043966,false,false,0.41765068779653614
after,sp500,cash,309,20,4,0,0,0,959281,0,2966095,false,false,0.39325649836549637
after,sp500,cash,310,20,4,0,0,0,921506,0,519242,false,false,0.42159039099820844
after,sp500,cash,311,20,2,0,0,0,335115,0,907579,false,false,0.4844207293073177
after,sp500,cash,312,20,2,0,0,0,547956,0,1042654,false,false,0.43743534877598106
after,sp500,cash,313,20,3,0,0,0,415130,0,1899542,false,false,0.46055079475551847
after,sp500,cash,314,20,3,0,0,0,427302,0,1373828,false,false,0.4216028270626603
after,sp500,cash,315,20,0,0,0,0,0,0,2001983,false,false,0.4540563136853947
after,sp500,cash,316,20,2,0,0,0,579101,0,1866087,false,false,0.41693067939026535
after,sp500,cash,317,20,2,0,0,0,345944,0,1218170,false,false,0.44500488250488557
after,sp500,cash,318,20,2,0,0,0,278435,0,956700,false,false,0.44396751924843014
after,sp500,cash,319,20,2,0,0,0,283007,0,1367543,false,false,0.43794494182332266
after,sp500,cash,320,20,4,0,0,0,602466,0,720674,false,false,0.4080115778197224
after,sp500,cash,321,20,4,0,0,0,340086,0,2881695,false,false,0.4108650706568998
after,sp500,cash,322,20,4,0,0,0,809700,0,2538826,false,false,0.40107043824543026
after,sp500,cash,323,20,2,0,0,0,235248,0,1571790,false,false,0.435069919098017
after,sp500,cash,324,20,3,0,0,0,500747,0,1924537,false,false,0.42900020494834834
after,sp500,cash,325,20,1,0,0,0,100680,0,2680010,false,false,0.42304882522644743
after,sp500,cash,326,20,2,0,0,0,233853,0,1170233,false,false,0.4936786231321241
after,sp500,cash,327,20,1,0,0,0,174905,0,1358282,false,false,0.45178992617765373
after,sp500,cash,328,20,3,0,0,0,558917,0,860774,false,false,0.49021563341183905
after,sp500,cash,329,20,2,0,0,0,322942,0,1475453,false,false,0.46789248233578384
after,sp500,cash,330,20,2,0,0,0,407075,0,1476237,false,false,0.4876846614471135
after,sp500,cash,331,20,2,0,0,0,359483,0,793700,false,false,0.5051821917071025
after,sp500,cash,332,20,3,0,0,0,543324,0,1053412,false,false,0.4563404746648033
after,sp500,cash,333,20,1,0,0,0,108812,0,1755613,false,false,0.43253346017916633
after,sp500,cash,334,20,3,0,0,0,723341,0,1405532,false,false,0.45405169256789196
after,sp500,cash,335,20,4,0,0,0,877778,0,1532924,false,false,0.4197242762903269
after,sp500,cash,336,20,1,0,0,0,127831,0,2265907,false,false,0.42594517799560466
after,sp500,cash,337,20,3,0,0,0,440359,0,1164569,false,false,0.43449717831865414
after,sp500,cash,338,20,4,0,0,0,565180,1,1252443,false,false,0.4088763031704456
after,sp500,cash,339,20,1,0,0,0,159467,0,2046796,false,false,0.40170677320279485
after,sp500,cash,340,20,1,0,0,0,168442,0,1388457,false,false,0.4530485041159191
after,sp500,cash,341,20,2,0,0,0,337539,0,1620115,false,false,0.43856665463449235
after,sp500,cash,342,20,1,0,0,0,157752,0,1692935,false,false,0.45567038578129343
after,sp500,cash,343,20,3,0,0,0,295500,0,3048377,true,false,0.4088548981072412
after,sp500,cash,344,20,4,0,0,0,524549,0,2316346,false,false,0.3686575965000808
after,sp500,cash,345,20,3,0,0,0,269344,1,2107365,false,false,0.4325025171730131
after,sp500,cash,346,20,3,0,0,0,609170,0,907468,false,false,0.44303780121159664
after,sp500,cash,347,20,4,0,0,0,501457,0,1164193,false,false,0.41575927299500587
after,sp500,cash,348,20,4,0,0,0,687122,0,715065,false,false,0.4863355792589264
after,sp500,cash,349,20,3,0,0,0,278436,0,841428,false,false,0.452533574596046
after,sp500,cash,350,20,3,0,0,0,557600,0,1330128,false,false,0.4325353375248168
after,sp500,cash,351,20,2,0,0,0,308212,0,1224645,false,false,0.4423519873090858
after,sp500,cash,352,20,4,0,0,0,468461,0,702939,false,false,0.43413281925274205
after,sp500,cash,353,20,2,0,0,0,474075,0,2630511,false,false,0.4258686887372253
after,sp500,cash,354,20,3,0,0,0,341799,0,1729986,false,false,0.40529036721549205
after,sp500,cash,355,20,1,0,0,0,144916,0,1909850,false,false,0.4600141301670749
after,sp500,cash,356,20,2,0,0,0,198903,0,2325361,false,false,0.4313771781824586
after,sp500,cash,357,20,1,0,0,0,176796,0,2017523,false,false,0.46941741044627505
after,sp500,cash,358,20,3,0,0,0,532010,0,992725,false,false,0.460096141807188
after,sp500,cash,359,20,3,0,0,0,384900,0,801143,false,false,0.4459851624442498
after,sp500,cash,360,20,3,0,0,0,597411,0,1400673,false,false,0.4695277257205731
after,sp500,cash,361,20,5,0,0,0,753979,0,803994,false,false,0.43458345805725224
after,sp500,cash,362,20,2,0,0,0,344509,0,1262625,false,false,0.4744762042012409
after,sp500,cash,363,20,3,0,0,0,399522,0,1160781,false,false,0.4969918639125671
after,sp500,cash,364,20,3,0,0,0,370370,0,2116060,false,false,0.4234879316006486
after,sp500,cash,365,20,2,0,0,0,352515,0,1825139,false,false,0.44597360193639507
after,sp500,cash,366,20,2,0,0,0,370152,0,1437960,false,false,0.4758103571714374
after,sp500,cash,367,20,1,0,0,0,167099,0,1776688,false,false,0.44953909722603236
after,sp500,cash,368,20,0,0,0,0,0,0,2017430,false,false,0.4630045343647592
after,sp500,cash,369,20,2,0,0,0,268877,0,1520019,false,false,0.4879428750704262
after,sp500,cash,370,20,3,0,0,0,510082,1,1043902,false,false,0.43057606261717546
after,sp500,cash,371,20,2,0,0,0,304497,1,1776485,false,false,0.4422356056718881
after,sp500,cash,372,20,2,0,0,0,413246,0,836247,false,false,0.5017686410752488
after,sp500,cash,373,20,2,0,0,0,231514,0,1635309,false,false,0.4694447736489759
after,sp500,cash,374,20,4,0,0,0,434603,0,1336346,false,false,0.4417149401478201
after,sp500,cash,375,20,3,0,0,0,458766,0,1593342,false,false,0.45920083215697793
after,sp500,cash,376,20,1,0,0,0,174384,0,1592647,false,false,0.4988870166964857
after,sp500,cash,377,20,4,0,0,0,638310,0,336809,false,false,0.4453284952174455
after,sp500,cash,378,20,2,0,0,0,471400,0,1516149,false,false,0.43770254248301665
after,sp500,cash,379,20,3,0,0,0,510215,0,3040176,true,false,0.419296265455907
after,sp500,cash,380,20,4,0,0,0,675225,0,622103,false,false,0.3970458193759502
after,sp500,cash,381,20,2,0,0,0,276983,0,2006981,false,false,0.4284799950509969
after,sp500,cash,382,20,3,0,0,0,515027,1,2004046,false,false,0.44930014237450083
after,sp500,cash,383,20,2,0,0,0,317450,0,1539498,false,false,0.4319186728234623
after,sp500,cash,384,20,2,0,0,0,159637,0,1041141,false,false,0.47103356029169585
after,sp500,cash,385,20,1,0,0,0,354444,0,913726,false,false,0.43949410529876987
after,sp500,cash,386,20,1,0,0,0,149297,0,2852524,false,false,0.4342365445081443
after,sp500,cash,387,20,2,0,0,0,299585,0,2145017,false,false,0.41726964029012936
after,sp500,cash,388,20,2,0,0,0,203344,0,1590165,false,false,0.45620251440409165
after,sp500,cash,389,20,2,0,0,0,352018,0,1046099,false,false,0.5473280812919069
after,sp500,cash,390,20,2,0,0,0,328082,0,750678,false,false,0.555883127075046
after,sp500,cash,391,20,3,0,0,0,831856,0,2219360,false,false,0.39202483319456827
after,sp500,cash,392,20,2,0,0,0,384682,0,1180906,false,false,0.4453243504534602
after,sp500,cash,393,20,4,0,0,0,527010,0,1516898,false,false,0.4399806800593284
after,sp500,cash,394,20,2,0,0,0,410217,0,2902501,false,false,0.41136813100052116
after,sp500,cash,395,20,1,0,0,0,231933,0,1117558,false,false,0.46090314950448114
after,sp500,cash,396,20,1,0,0,0,153644,0,1481833,false,false,0.4639257838029561
after,sp500,cash,397,20,3,0,0,0,547858,0,1345582,false,false,0.4823904879413801
after,sp500,cash,398,20,4,0,0,0,785863,0,1213529,false,false,0.37735937458931534
after,sp500,cash,399,20,3,0,0,0,428204,0,979694,false,false,0.46876495645487326
after,sp500,cash,400,20,2,0,0,0,291747,0,2376847,false,false,0.40989572937585245
after,sp500,cash,401,20,3,0,0,0,458203,0,2206353,false,false,0.4255149168968003
after,sp500,cash,402,20,3,0,0,0,377579,0,1089604,false,false,0.49619376053262004
after,sp500,cash,403,20,3,0,0,0,537459,0,2668919,false,false,0.4189579967420312
after,sp500,cash,404,20,2,0,0,0,408216,0,1630085,false,false,0.43342865594776986
after,sp500,cash,405,20,2,0,0,0,217353,0,933367,false,false,0.5327598622860619
after,sp500,cash,406,20,4,0,0,0,498813,1,2210521,false,false,0.415494566269749
after,sp500,cash,407,20,4,0,0,0,528188,0,1387547,false,false,0.451314286217968
after,sp500,cash,408,20,2,0,0,0,234276,0,1247847,false,false,0.4284945116517284
after,sp500,cash,409,20,1,0,0,0,92310,0,1658578,false,false,0.48978274020291923
after,sp500,cash,410,20,3,0,0,0,395955,0,1381221,false,false,0.4979688870162887
after,sp500,cash,411,20,2,0,0,0,422575,0,1545753,false,false,0.44484213205206524
after,sp500,cash,412,20,1,0,0,0,128737,0,2096458,false,false,0.43484862603553165
after,sp500,cash,413,20,3,0,0,0,415359,0,954494,false,false,0.43766855373254404
after,sp500,cash,414,20,1,0,0,0,155281,0,3815024,true,false,0.4013828082587696
after,sp500,cash,415,20,3,0,0,0,442837,0,2467767,false,false,0.40993702870800747
after,sp500,cash,416,20,1,0,0,0,61537,0,1979721,false,false,0.44984394697729196
after,sp500,cash,417,20,4,0,0,0,447160,0,1252165,false,false,0.42501433083427037
after,sp500,cash,418,20,3,0,0,0,542082,0,1810666,false,false,0.4683457717678678
after,sp500,cash,419,20,2,0,0,0,383059,0,1121649,false,false,0.5380800224446236
after,sp500,cash,420,20,5,0,0,0,931166,0,1085637,false,false,0.4280977556696559
after,sp500,cash,421,20,4,0,0,0,538659,0,715479,false,false,0.5106877023201373
after,sp500,cash,422,20,4,0,0,0,343425,0,566331,false,false,0.4948456863666203
after,sp500,cash,423,20,4,0,0,0,595038,0,430349,false,false,0.4118007544188056
after,sp500,cash,424,20,4,0,0,0,755425,0,709092,false,false,0.42827677616790505
after,sp500,cash,425,20,2,0,0,0,290376,0,1409079,false,false,0.4612711638271483
after,sp500,cash,426,20,2,0,0,0,430272,0,2985516,false,false,0.4222463473239782
after,sp500,cash,427,20,1,0,0,0,87302,0,1299841,false,false,0.47160006002114396
after,sp500,cash,428,20,1,0,0,0,64014,0,2098114,false,false,0.46317125006407894
after,sp500,cash,429,20,2,0,0,0,338714,0,1303075,false,false,0.47887144945765947
after,sp500,cash,430,20,3,0,0,0,383192,0,1311716,false,false,0.4347754492338538
after,sp500,cash,431,20,4,0,0,0,518017,0,1046246,false,false,0.44220782464185493
after,sp500,cash,432,20,2,0,0,0,397992,0,1396882,false,false,0.4504206459162082
after,sp500,cash,433,20,1,0,0,0,217937,0,2103719,false,false,0.4343102831270734
after,sp500,cash,434,20,3,0,0,0,422828,0,1077317,false,false,0.4704374370685745
after,sp500,cash,435,20,1,0,0,0,210035,0,1849024,false,false,0.4692961255632662
after,sp500,cash,436,20,3,0,0,0,555795,0,784204,false,false,0.44838415231298834
after,sp500,cash,437,20,1,0,0,0,196780,0,1073798,false,false,0.46995183387722994
after,sp500,cash,438,20,2,0,0,0,421830,0,1572931,false,false,0.4745972316017619
after,sp500,cash,439,20,4,0,0,0,745257,0,1847289,false,false,0.39660711996378495
after,sp500,cash,440,20,3,0,0,0,542010,0,1393310,false,false,0.4576394871535695
after,sp500,cash,441,20,3,0,0,0,438124,0,2044972,false,false,0.40477106806890434
after,sp500,cash,442,20,2,0,0,0,343279,0,924163,false,false,0.4460894611694002
after,sp500,cash,443,20,3,0,0,0,451036,0,879722,false,false,0.49444088529003605
after,sp500,cash,444,20,4,0,0,0,591964,0,1246344,false,false,0.4344603012803058
after,sp500,cash,445,20,1,0,0,0,116820,0,2044392,false,false,0.4481713490498893
after,sp500,cash,446,20,5,1,1,21740,725074,0,221656,false,false,0.43213806126758314
after,sp500,cash,447,20,1,0,0,0,123654,0,980750,false,false,0.5031644586414876
after,sp500,cash,448,20,3,0,0,0,438800,0,840052,false,false,0.4749591230802633
after,sp500,cash,449,20,4,0,0,0,528491,0,584704,false,false,0.46946447595827684
after,sp500,cash,450,20,2,0,0,0,304681,0,1237430,false,false,0.47609909080518326
after,sp500,cash,451,20,2,0,0,0,273890,0,1901291,false,false,0.4698122107220078
after,sp500,cash,452,20,2,0,0,0,212228,0,1611918,false,false,0.49515854027552864
after,sp500,cash,453,20,2,0,0,0,370265,0,1554690,false,false,0.5012893585312297
after,sp500,cash,454,20,1,0,0,0,61702,0,2055612,false,false,0.42090218046497024
after,sp500,cash,455,20,4,0,0,0,631948,0,1740665,false,false,0.4073947812028428
after,sp500,cash,456,20,2,0,0,0,431035,0,2197786,false,false,0.40358826815067905
after,sp500,cash,457,20,3,0,0,0,612672,0,1128997,false,false,0.4463822601055793
after,sp500,cash,458,20,4,0,0,0,444057,0,1009445,false,false,0.40164037902685673
after,sp500,cash,459,20,1,0,0,0,97369,0,1471802,false,false,0.4579927593371593
after,sp500,cash,460,20,1,0,0,0,144365,1,2621541,false,false,0.4181581966507533
after,sp500,cash,461,20,5,0,0,0,797757,0,1373765,false,false,0.41133395271836576
after,sp500,cash,462,20,3,0,0,0,528133,0,2356240,false,false,0.41954749849605955
after,sp500,cash,463,20,2,0,0,0,299798,0,1378858,false,false,0.4685193133737198
after,sp500,cash,464,20,2,0,0,0,389756,0,990325,false,false,0.4476880727118071
after,sp500,cash,465,20,2,0,0,0,263692,0,1604749,false,false,0.4498257313156285
after,sp500,cash,466,20,2,0,0,0,294662,0,1285474,false,false,0.46759344338324765
after,sp500,cash,467,20,1,0,0,0,183389,0,1378270,false,false,0.49998094767057377
after,sp500,cash,468,20,2,0,0,0,473792,0,1590097,false,false,0.42771172191681595
after,sp500,cash,469,20,3,0,0,0,298694,0,1175769,false,false,0.4319331171862554
after,sp500,cash,470,20,2,0,0,0,229996,0,2327252,false,false,0.409508566460667
after,sp500,cash,471,20,3,0,0,0,564784,0,623116,false,false,0.5276131778498618
after,sp500,cash,472,20,3,0,0,0,338823,0,1208275,false,false,0.4636010349586467
after,sp500,cash,473,20,1,0,0,0,180650,0,1964700,false,false,0.4454909080783585
after,sp500,cash,474,20,3,0,0,0,675556,0,1408139,false,false,0.40386600640669557
after,sp500,cash,475,20,2,0,0,0,432509,0,967941,false,false,0.4400304240860732
after,sp500,cash,476,20,3,0,0,0,406295,0,1900348,false,false,0.43436615206210183
after,sp500,cash,477,20,2,0,0,0,236180,0,2189398,false,false,0.446927982170837
after,sp500,cash,478,20,3,0,0,0,544178,0,527073,false,false,0.49404596378799354
after,sp500,cash,479,20,2,0,0,0,245429,0,1494048,false,false,0.4135811872065685
after,sp500,cash,480,20,2,0,0,0,302558,0,2323900,false,false,0.40709467549186584
after,sp500,cash,481,20,2,0,0,0,629450,0,1634860,false,false,0.43713469134345917
after,sp500,cash,482,20,4,0,0,0,628619,1,1348181,false,false,0.44620519090556854
after,sp500,cash,483,20,2,0,0,0,232632,0,1960656,false,false,0.4318567591964991
after,sp500,cash,484,20,2,0,0,0,239292,0,1959787,false,false,0.43700847877931626
after,sp500,cash,485,20,2,0,0,0,235928,0,2532828,false,false,0.43080695770299354
after,sp500,cash,486,20,3,0,0,0,421903,0,1072522,false,false,0.479911997529468
after,sp500,cash,487,20,0,0,0,0,0,0,1991158,false,false,0.4365638280909582
after,sp500,cash,488,20,4,0,0,0,520393,0,1488761,false,false,0.4768231957064728
after,sp500,cash,489,20,3,0,0,0,462691,0,2260798,false,false,0.43659291338379996
after,sp500,cash,490,20,5,0,0,0,835198,0,1155756,false,false,0.43569797402066346
after,sp500,cash,491,20,4,0,0,0,384172,1,970440,false,false,0.4819141420083244
after,sp500,cash,492,20,5,0,0,0,664888,1,1110858,false,false,0.4422359206972164
after,sp500,cash,493,20,4,0,0,0,751304,0,935913,false,false,0.41384139267685016
after,sp500,cash,494,20,2,0,0,0,448838,0,1301420,false,false,0.41911130457989243
after,sp500,cash,495,20,2,0,0,0,259862,0,1005821,false,false,0.5032403367018069
after,sp500,cash,496,20,3,0,0,0,572497,1,2393131,false,false,0.40316398349054905
after,sp500,cash,497,20,3,0,0,0,651597,0,1724305,false,false,0.4334534443923716
after,sp500,cash,498,20,4,0,0,0,650782,0,1529980,false,false,0.4224215747517449
after,sp500,cash,499,20,2,0,0,0,303307,0,1643894,false,false,0.4116435953006409
after,sp500,cash,500,20,2,0,0,0,278834,0,1414425,false,false,0.4661186869229009
after,sp500,cash,501,20,3,0,0,0,453383,0,1945202,false,false,0.4383084429424285
after,sp500,cash,502,20,5,0,0,0,827772,0,1392020,false,false,0.40445392142274283
after,sp500,cash,503,20,2,0,0,0,274904,0,2499760,false,false,0.425149765490322
after,sp500,cash,504,20,4,0,0,0,547364,0,873335,false,false,0.43648568001638743
after,sp500,cash,505,20,2,0,0,0,380837,0,1976034,false,false,0.4095848773538534
after,sp500,cash,506,20,2,0,0,0,448028,0,1489882,false,false,0.4440287844609008
after,sp500,cash,507,20,3,0,0,0,406330,1,2844377,false,false,0.4434926532343753
after,sp500,cash,508,20,4,0,0,0,583282,0,1054253,false,false,0.4497876210365521
after,sp500,cash,509,20,1,0,0,0,193705,0,1344366,false,false,0.46540538550940685
after,sp500,cash,510,20,1,0,0,0,152623,0,1758293,false,false,0.41533105481097693
after,sp500,cash,511,20,2,0,0,0,333229,0,1256157,false,false,0.4642425247970463
after,sp500,cash,512,20,3,0,0,0,577358,0,1988333,false,false,0.45025570801490755
after,sp500,cash,513,20,4,0,0,0,691585,0,1023393,false,false,0.4045126950416858
after,sp500,cash,514,20,1,0,0,0,69824,0,1692712,false,false,0.5081929916071288
after,sp500,cash,515,20,3,0,0,0,572899,0,1049925,false,false,0.4542277594787147
after,sp500,cash,516,20,2,0,0,0,260366,0,1761103,false,false,0.42629452522733075
after,sp500,cash,517,20,2,0,0,0,192286,0,1324437,false,false,0.4472945113580706
after,sp500,cash,518,20,2,0,0,0,435663,0,812715,false,false,0.5155299144738288
after,sp500,cash,519,20,2,0,0,0,265700,0,2102500,false,false,0.438736405158462
after,sp500,cash,520,20,3,0,0,0,346197,0,890028,false,false,0.4709009126881603
after,sp500,cash,521,20,2,0,0,0,284590,0,1657266,false,false,0.43247741259388306
after,sp500,cash,522,20,4,0,0,0,558416,0,955171,false,false,0.44127294339911477
after,sp500,cash,523,20,2,0,0,0,183164,0,1604595,false,false,0.4307292583553625
after,sp500,cash,524,20,3,0,0,0,424029,0,1332313,false,false,0.42907617926858854
after,sp500,cash,525,20,0,0,0,0,0,0,971513,false,false,0.47711397020907775
after,sp500,cash,526,20,5,1,1,15308,885501,0,184169,false,false,0.41149829259139226
after,sp500,cash,527,20,3,0,0,0,620452,0,1575743,false,false,0.427841356750732
after,sp500,cash,528,20,1,0,0,0,88224,0,694049,false,false,0.6162864102467746
after,sp500,cash,529,20,3,0,0,0,625541,0,1139422,false,false,0.451212881166349
after,sp500,cash,530,20,5,0,0,0,683594,0,721250,false,false,0.4929706696901687
after,sp500,cash,531,20,2,0,0,0,411743,0,1991040,false,false,0.4168122715011074
after,sp500,cash,532,20,2,0,0,0,223338,0,1016421,false,false,0.433682308608928
after,sp500,cash,533,20,1,0,0,0,79905,0,2231682,false,false,0.42567162399151126
after,sp500,cash,534,20,4,0,0,0,876902,0,1350260,false,false,0.40803620661689444
after,sp500,cash,535,20,3,0,0,0,441736,0,1341882,false,false,0.43862918321589994
after,sp500,cash,536,20,1,0,0,0,172647,0,1956131,false,false,0.4536445750436099
after,sp500,cash,537,20,2,0,0,0,266560,0,2522461,false,false,0.44575255577226686
after,sp500,cash,538,20,2,0,0,0,312726,0,2216375,false,false,0.43193976325341954
after,sp500,cash,539,20,1,0,0,0,118982,0,3581621,true,false,0.42170521153013185
after,sp500,cash,540,20,4,0,0,0,498545,0,1123773,false,false,0.4651347747040678
after,sp500,cash,541,20,3,0,0,0,458105,0,2142666,false,false,0.42490807033605915
after,sp500,cash,542,20,3,0,0,0,333006,0,1075236,false,false,0.46784517557144606
after,sp500,cash,543,20,5,0,0,0,700720,0,876016,false,false,0.4126230842271522
after,sp500,cash,544,20,0,0,0,0,0,0,1866546,false,false,0.4526952709947888
after,sp500,cash,545,20,2,0,0,0,233522,0,1361944,false,false,0.44381311512428123
after,sp500,cash,546,20,0,0,0,0,0,0,1122490,false,false,0.5803068854794733
after,sp500,cash,547,20,3,0,0,0,513823,0,1153336,false,false,0.4286846622472945
after,sp500,cash,548,20,3,0,0,0,413436,1,2460680,false,false,0.3971269902515422
after,sp500,cash,549,20,3,0,0,0,462566,0,1074594,false,false,0.45472967490705185
after,sp500,cash,550,20,2,0,0,0,227002,0,1488292,false,false,0.46578896719698226
after,sp500,cash,551,20,1,0,0,0,74876,0,1597582,false,false,0.46846174827459014
after,sp500,cash,552,20,2,0,0,0,369483,0,2443357,false,false,0.4132639559963523
after,sp500,cash,553,20,4,0,0,0,775570,0,1943387,false,false,0.4043727326256705
after,sp500,cash,554,20,3,0,0,0,442110,0,1257878,false,false,0.4224510213241775
after,sp500,cash,555,20,3,0,0,0,529060,1,1174973,false,false,0.43671456017282073
after,sp500,cash,556,20,1,0,0,0,226296,0,2184298,false,false,0.42906574787585294
after,sp500,cash,557,20,2,0,0,0,213571,0,1231917,false,false,0.4702756807526375
after,sp500,cash,558,20,3,0,0,0,499785,0,1204422,false,false,0.4594601272534691
after,sp500,cash,559,20,2,0,0,0,396171,0,1971205,false,false,0.44904077119533625
after,sp500,cash,560,20,4,0,0,0,698674,0,1351531,false,false,0.42283714201261474
after,sp500,cash,561,20,1,0,0,0,194760,0,2262066,false,false,0.4201708030180238
after,sp500,cash,562,20,4,0,0,0,706522,0,971838,false,false,0.4195023431860775
after,sp500,cash,563,20,0,0,0,0,0,0,1414019,false,false,0.47044570249670636
after,sp500,cash,564,20,1,0,0,0,75143,0,1022544,false,false,0.556849249722158
after,sp500,cash,565,20,4,0,0,0,960985,0,1105833,false,false,0.4216594264685452
after,sp500,cash,566,20,2,0,0,0,156118,0,3109935,true,false,0.4222799495191314
after,sp500,cash,567,20,2,0,0,0,263014,0,924644,false,false,0.4852783320136636
after,sp500,cash,568,20,2,0,0,0,282949,0,2373333,false,false,0.4316570661172524
after,sp500,cash,569,20,1,0,0,0,109699,0,2671230,false,false,0.43134051796756284
after,sp500,cash,570,20,1,0,0,0,318589,0,1350005,false,false,0.49493143991377914
after,sp500,cash,571,20,4,0,0,0,495692,1,2832988,false,false,0.4122054737670638
after,sp500,cash,572,20,4,0,0,0,604379,0,1426656,false,false,0.4197922925765602
after,sp500,cash,573,20,2,0,0,0,324386,0,1631441,false,false,0.4587758532884968
after,sp500,cash,574,20,2,0,0,0,274465,0,1610097,false,false,0.4362657085450124
after,sp500,cash,575,20,3,0,0,0,468978,0,1658090,false,false,0.451163345040048
after,sp500,cash,576,20,2,0,0,0,361902,0,785494,false,false,0.4657458712992648
after,sp500,cash,577,20,3,0,0,0,387472,1,1579298,false,false,0.4360339433887545
after,sp500,cash,578,20,2,0,0,0,250926,0,1183104,false,false,0.5113578478265308
after,sp500,cash,579,20,2,0,0,0,359848,0,1531730,false,false,0.4257285833320229
after,sp500,cash,580,20,1,0,0,0,235015,0,1460640,false,false,0.4847583634773641
after,sp500,cash,581,20,3,0,0,0,538707,0,809111,false,false,0.4349820602910909
after,sp500,cash,582,20,2,0,0,0,345562,0,1376406,false,false,0.42036063487571607
after,sp500,cash,583,20,3,0,0,0,548746,0,1250252,false,false,0.4916387546794894
after,sp500,cash,584,20,2,0,0,0,384539,0,618305,false,false,0.51726351974932
after,sp500,cash,585,20,5,0,0,0,583835,0,1457471,false,false,0.40214762871115745
after,sp500,cash,586,20,3,0,0,0,303877,1,1737468,false,false,0.4065482477733847
after,sp500,cash,587,20,2,0,0,0,427913,0,1027382,false,false,0.45653396220618425
after,sp500,cash,588,20,4,0,0,0,761397,0,1421183,false,false,0.415506158561141
after,sp500,cash,589,20,4,0,0,0,630200,0,1160137,false,false,0.39206279280373174
after,sp500,cash,590,20,3,0,0,0,307713,0,2277392,false,false,0.40941781692514284
after,sp500,cash,591,20,2,0,0,0,438698,0,923591,false,false,0.4823681396612762
after,sp500,cash,592,20,4,0,0,0,592709,0,1136363,false,false,0.47410520529104094
after,sp500,cash,593,20,3,0,0,0,439903,1,1647928,false,false,0.44445898116879895
after,sp500,cash,594,20,3,0,0,0,546479,0,686184,false,false,0.5076769663588672
after,sp500,cash,595,20,2,0,0,0,208913,0,1647215,false,false,0.46382432151789404
after,sp500,cash,596,20,1,0,0,0,180665,0,4052773,true,false,0.4123369081997721
after,sp500,cash,597,20,3,0,0,0,438675,0,1182783,false,false,0.4361760128666699
after,sp500,cash,598,20,2,0,0,0,343402,0,1002383,false,false,0.5170777566621778
after,sp500,cash,599,20,2,0,0,0,347284,0,1693216,false,false,0.42160658397006195
after,sp500,standard,0,20,2,0,0,0,353258,0,4068893,true,false,0.11016815730516002
after,sp500,standard,1,20,2,0,0,0,406624,0,6673586,true,false,0.1397229217047084
after,sp500,standard,2,20,2,0,0,0,433703,0,6540650,true,false,0.11830008097848821
after,sp500,standard,3,20,2,0,0,0,419385,0,2140380,false,false,0.14070783532335185
after,sp500,standard,4,20,1,0,0,0,64920,0,2954385,false,false,0.15864043992837717
after,sp500,standard,5,20,2,0,0,0,206589,0,2817790,false,false,0.12748766796705063
after,sp500,standard,6,20,3,1,1,89852,410253,0,4569341,true,false,0.06781312962015787
after,sp500,standard,7,20,4,3,3,143438,469940,1,2198762,false,false,0.0780046994627388
after,sp500,standard,8,20,1,0,0,0,263955,0,1549967,false,false,0.20621742516877858
after,sp500,standard,9,20,2,0,0,0,425653,0,5934345,true,false,0.11491291209102224
after,sp500,standard,10,20,2,0,0,0,248222,0,1821059,false,false,0.19986667484032006
after,sp500,standard,11,20,3,1,1,142727,569760,0,1050787,false,false,0.14726583328354534
after,sp500,standard,12,20,2,0,0,0,439460,0,1191844,false,false,0.13521808123236492
after,sp500,standard,13,20,2,0,0,0,295716,0,4661491,true,false,0.14581020077966303
after,sp500,standard,14,20,2,1,1,32907,260700,0,1390965,false,false,0.1445128641413391
after,sp500,standard,15,20,1,0,0,0,243525,0,4396788,true,false,0.15282031142077784
after,sp500,standard,16,20,3,0,0,0,519595,0,4130752,true,false,0.10130101964650999
after,sp500,standard,17,20,2,0,0,0,364044,0,10142166,true,false,0.08124226666519596
after,sp500,standard,18,20,5,2,2,160889,841448,0,5594379,true,false,0.04890989559818632
after,sp500,standard,19,20,3,2,2,325110,751961,0,5584549,true,false,0.1255978615714611
after,sp500,standard,20,20,2,2,2,80666,242488,0,1326003,false,false,0.11149685804824601
after,sp500,standard,21,20,4,1,1,70384,517499,0,4429320,true,false,0.07969480079965084
after,sp500,standard,22,20,4,2,2,233957,601450,0,1587721,false,false,0.10758874047509777
after,sp500,standard,23,20,2,0,0,0,433758,0,3395127,true,false,0.1274018270457021
after,sp500,standard,24,20,4,0,0,0,595874,0,5843224,true,false,0.07174732034399146
after,sp500,standard,25,20,1,0,0,0,127264,0,3621614,true,false,0.15827355233710372
after,sp500,standard,26,20,1,0,0,0,56980,0,3338167,true,false,0.14484775905367245
after,sp500,standard,27,20,1,0,0,0,72603,0,2470505,false,false,0.18842630120807452
after,sp500,standard,28,20,2,0,0,0,363823,0,1956115,false,false,0.1529763675497247
after,sp500,standard,29,20,2,0,0,0,349205,0,3404209,true,false,0.1677932647235631
after,sp500,standard,30,20,1,0,0,0,178754,0,3533034,true,false,0.14753867954071756
after,sp500,standard,31,20,2,0,0,0,314147,0,3533722,true,false,0.11229691817714635
after,sp500,standard,32,20,4,2,2,303801,684333,0,326768,false,false,0.17204168278390805
after,sp500,standard,33,20,0,0,0,0,0,0,3623663,true,false,0.12732357428988503
after,sp500,standard,34,20,1,0,0,0,302965,0,4168339,true,false,0.13140659165971239
after,sp500,standard,35,20,2,0,0,0,310901,0,2869530,false,false,0.16974308126964266
after,sp500,standard,36,20,1,0,0,0,102520,0,4034698,true,false,0.17581016470683336
after,sp500,standard,37,20,2,0,0,0,246005,0,1845950,false,false,0.1577728628380482
after,sp500,standard,38,20,4,0,0,0,801380,0,2746442,false,false,0.11180933875540826
after,sp500,standard,39,20,2,1,1,96551,428209,0,1723369,false,false,0.16225741045214323
after,sp500,standard,40,20,3,0,0,0,739094,0,8543665,true,false,0.11004012626870532
after,sp500,standard,41,20,2,0,0,0,219803,0,3138243,true,false,0.12521057567486543
after,sp500,standard,42,20,2,0,0,0,301395,0,2361190,false,false,0.14908915055269867
after,sp500,standard,43,20,3,1,1,190828,615381,0,4689936,true,false,0.0855293903371245
after,sp500,standard,44,20,3,0,0,0,746163,1,7766811,true,false,0.0750895551591754
after,sp500,standard,45,20,4,2,2,140004,530028,0,529074,false,false,0.15480740767104922
after,sp500,standard,46,20,3,0,0,0,539845,0,351929,false,false,0.18866010714989087
after,sp500,standard,47,20,3,1,1,61204,448098,0,2335945,false,false,0.10355263785069033
after,sp500,standard,48,20,2,2,2,69904,337242,0,2096232,false,false,0.13884265839239457
after,sp500,standard,49,20,3,1,1,96797,492174,0,710767,false,false,0.15149367204262304
after,sp500,standard,50,20,3,1,1,26698,607954,1,5039450,true,false,0.07651434863920759
after,sp500,standard,51,20,2,0,0,0,340012,1,3904121,true,false,0.15014616807572034
after,sp500,standard,52,20,3,2,2,229465,502492,0,2625539,false,false,0.11518074002943679
after,sp500,standard,53,20,3,0,0,0,688372,0,2561081,false,false,0.0698099687543386
after,sp500,standard,54,20,2,0,0,0,179535,0,10341586,true,false,0.09105533740820346
after,sp500,standard,55,20,3,3,3,336379,482477,0,670417,false,false,0.12519401935674507
after,sp500,standard,56,20,2,0,0,0,330184,0,5099137,true,false,0.12944569055697347
after,sp500,standard,57,20,0,0,0,0,0,0,2609644,false,false,0.18410647127184576
after,sp500,standard,58,20,3,1,1,140081,472431,0,1076581,false,false,0.11490624691306786
after,sp500,standard,59,20,2,0,0,0,279205,0,9478644,true,false,0.153408143424318
after,sp500,standard,60,20,4,1,1,31465,591806,0,5479134,true,false,0.19785762523203468
after,sp500,standard,61,20,5,2,2,98264,704549,0,9202966,true,false,0.037184036672320495
after,sp500,standard,62,20,1,0,0,0,134098,0,4136774,true,false,0.10346475342965737
after,sp500,standard,63,20,1,0,0,0,183148,0,4477983,true,false,0.1474042654707424
after,sp500,standard,64,20,2,0,0,0,337750,0,15593421,true,false,0.10211929978034959
after,sp500,standard,65,20,4,1,1,107436,807336,1,5158795,true,false,0.11049144729774636
after,sp500,standard,66,20,1,0,0,0,147846,0,1690701,false,false,0.21357671801675168
after,sp500,standard,67,20,3,1,1,76461,367702,0,679696,false,false,0.13797186294608874
after,sp500,standard,68,20,2,0,0,0,481586,0,10956072,true,false,0.08998183674594983
after,sp500,standard,69,20,3,2,2,35601,679813,0,3559360,true,false,0.11944346101670081
after,sp500,standard,70,20,2,1,1,8777,313571,0,2704360,false,false,0.13929646139281263
after,sp500,standard,71,20,5,3,3,171999,601879,0,2105226,false,false,0.0799356679352334
after,sp500,standard,72,20,3,0,0,0,470947,0,6724412,true,false,0.18360604682561826
after,sp500,standard,73,20,2,0,0,0,168535,0,1808083,false,false,0.14775294482596366
after,sp500,standard,74,20,3,1,1,122367,564426,0,1044976,false,false,0.13231509224299676
after,sp500,standard,75,20,2,1,1,20603,255257,0,3262898,true,false,0.11432772689240282
after,sp500,standard,76,20,3,0,0,0,551568,0,4000081,true,false,0.07387386583465302
after,sp500,standard,77,20,3,1,1,16393,463234,0,3138546,true,false,0.14103072182266438
after,sp500,standard,78,20,1,0,0,0,184055,0,8572377,true,false,0.13576894837996162
after,sp500,standard,79,20,2,0,0,0,256622,0,656509,false,false,0.14991200721530376
after,sp500,standard,80,20,2,0,0,0,436241,0,3415925,true,false,0.1839797281732221
after,sp500,standard,81,20,4,0,0,0,793056,0,6766873,true,false,0.09156164905739766
after,sp500,standard,82,20,3,2,2,68360,612581,0,2939466,false,false,0.11975520771418502
after,sp500,standard,83,20,3,2,2,236973,685147,0,5032024,true,false,0.09280788308165852
after,sp500,standard,84,20,3,0,0,0,443681,0,12262362,true,false,0.07234529202474224
after,sp500,standard,85,20,3,2,2,158315,657070,0,2297766,false,false,0.1284820798000188
after,sp500,standard,86,20,2,0,0,0,363018,0,5985296,true,false,0.09598361632023707
after,sp500,standard,87,20,2,0,0,0,285781,0,1782920,false,false,0.19135671947162264
after,sp500,standard,88,20,2,0,0,0,307877,0,10909997,true,false,0.09460246598903525
after,sp500,standard,89,20,2,1,1,16449,343853,0,2300933,false,false,0.1424793862866588
after,sp500,standard,90,20,2,0,0,0,203600,0,3662894,true,false,0.148998927131536
after,sp500,standard,91,20,2,1,1,19586,264814,0,2419160,false,false,0.1004241687180725
after,sp500,standard,92,20,3,2,2,29950,391299,0,1209539,false,false,0.15563593605556775
after,sp500,standard,93,20,1,1,1,48012,157678,0,1381474,false,false,0.2515970405539023
after,sp500,standard,94,20,3,2,2,144232,595099,0,2984717,false,false,0.10065244895573895
after,sp500,standard,95,20,1,0,0,0,54700,0,11506288,true,false,0.111123889546017
after,sp500,standard,96,20,1,0,0,0,113734,0,3076830,true,false,0.17214315034006333
after,sp500,standard,97,20,2,1,1,44436,455356,0,5949355,true,false,0.0947199560834089
after,sp500,standard,98,20,3,2,2,308910,654493,0,3486418,true,false,0.1165952137445199
after,sp500,standard,99,20,2,0,0,0,234645,0,1660702,false,false,0.2863503661499972
after,sp500,standard,100,20,4,2,2,21736,852048,0,7006557,true,false,0.053446711058545635
after,sp500,standard,101,20,4,2,2,154076,903175,0,3458413,true,false,0.10305942836336088
after,sp500,standard,102,20,3,3,3,248165,613038,0,5028694,true,false,0.11768324312839173
after,sp500,standard,103,20,3,3,3,203410,408690,0,979732,false,false,0.07496855184302642
after,sp500,standard,104,20,3,1,1,65328,624190,0,4006139,true,false,0.1120348342192982
after,sp500,standard,105,20,4,1,1,109596,656137,0,4491652,true,false,0.05584040808455513
after,sp500,standard,106,20,2,1,1,14719,318041,0,2225249,false,false,0.1159882103852599
after,sp500,standard,107,20,2,0,0,0,401480,0,2255017,false,false,0.1156600997815388
after,sp500,standard,108,20,1,0,0,0,114768,0,7210404,true,false,0.10214547520657387
after,sp500,standard,109,20,2,1,1,46199,428517,0,3794998,true,false,0.16256046826088164
after,sp500,standard,110,20,1,0,0,0,102284,0,5355842,true,false,0.1355016666668893
after,sp500,standard,111,20,2,0,0,0,317739,0,3552210,true,false,0.18904962288904203
after,sp500,standard,112,20,2,0,0,0,486865,0,8004735,true,false,0.09696539346650242
after,sp500,standard,113,20,2,1,1,39917,298996,0,1014412,false,false,0.17915549202302
after,sp500,standard,114,20,3,0,0,0,577817,0,8640058,true,false,0.10939609264450409
after,sp500,standard,115,20,1,0,0,0,155466,0,2775091,false,false,0.16899321282721452
after,sp500,standard,116,20,2,1,1,115929,472915,0,2151333,false,false,0.1574961036602346
after,sp500,standard,117,20,2,1,1,17107,261410,0,1506245,false,false,0.11308443139411113
after,sp500,standard,118,20,3,1,1,70392,410499,0,615025,false,false,0.12578970487336344
after,sp500,standard,119,20,2,0,0,0,298901,0,9840406,true,false,0.10478137563207095
after,sp500,standard,120,20,2,0,0,0,369722,0,5550601,true,false,0.16858423402284028
after,sp500,standard,121,20,2,1,1,42776,346914,1,5617101,true,false,0.09041686833135852
after,sp500,standard,122,20,3,0,0,0,583674,0,6724089,true,false,0.15384119158082696
after,sp500,standard,123,20,1,1,1,97962,207962,0,2820872,false,false,0.12374658986412959
after,sp500,standard,124,20,1,1,1,107543,273344,0,2377770,false,false,0.23339813316042748
after,sp500,standard,125,20,1,0,0,0,211963,0,8249100,true,false,0.12558218694386708
after,sp500,standard,126,20,1,0,0,0,110968,0,6268493,true,false,0.09491728073849219
after,sp500,standard,127,20,1,0,0,0,113359,0,6261231,true,false,0.10242124452862242
after,sp500,standard,128,20,3,0,0,0,279804,0,1639401,false,false,0.12121878648304263
after,sp500,standard,129,20,2,0,0,0,367010,0,1086360,false,false,0.2947465644353068
after,sp500,standard,130,20,1,1,1,100933,165491,0,2280892,false,false,0.13571539384168615
after,sp500,standard,131,20,2,0,0,0,374076,0,2502694,false,false,0.12688580685166495
after,sp500,standard,132,20,2,1,1,92621,418043,0,1676784,false,false,0.22038054280969382
after,sp500,standard,133,20,1,0,0,0,119185,0,3130407,true,false,0.23504269051410373
after,sp500,standard,134,20,2,0,0,0,291057,1,2346773,false,false,0.21095570601230668
after,sp500,standard,135,20,2,0,0,0,647234,0,6465366,true,false,0.11518685314042858
after,sp500,standard,136,20,4,2,2,152402,870123,0,2607736,false,false,0.07480421764421026
after,sp500,standard,137,20,3,1,1,75698,840224,0,7421667,true,false,0.1047734902141785
after,sp500,standard,138,20,1,0,0,0,225342,0,9309670,true,false,0.10756107481159909
after,sp500,standard,139,20,1,0,0,0,349819,0,11883377,true,false,0.11165167826175462
after,sp500,standard,140,20,3,0,0,0,410714,0,11549329,true,false,0.07288555317837496
after,sp500,standard,141,20,6,4,4,540584,1011663,0,1486705,false,false,0.07510119874278545
after,sp500,standard,142,20,3,1,1,77788,350683,0,1196521,false,false,0.0857739428139849
after,sp500,standard,143,20,2,0,0,0,391802,0,3259488,true,false,0.16595027140517352
after,sp500,standard,144,20,5,3,3,161025,678704,0,608526,false,false,0.11501211770482875
after,sp500,standard,145,20,2,1,1,27773,314575,1,20828806,true,false,0.060567202918885565
after,sp500,standard,146,20,3,2,2,146392,561990,0,3307025,true,false,0.10996101199995852
after,sp500,standard,147,20,3,1,1,5139,430269,0,5920001,true,false,0.07721937142918137
after,sp500,standard,148,20,5,0,0,0,780086,0,2055794,false,false,0.12224873835888461
after,sp500,standard,149,20,4,1,1,25038,705270,0,5212552,true,false,0.10935426615242787
after,sp500,standard,150,20,2,0,0,0,269691,0,2463430,false,false,0.20310046757225092
after,sp500,standard,151,20,4,1,1,5877,595276,0,2429668,false,false,0.09872787159214098
after,sp500,standard,152,20,1,1,1,76740,191633,0,1966167,false,false,0.1356408699393653
after,sp500,standard,153,20,2,0,0,0,403339,0,4272437,true,false,0.09656112140270848
after,sp500,standard,154,20,3,0,0,0,580555,0,18783283,true,false,0.11836966568040938
after,sp500,standard,155,20,2,1,1,12605,630302,0,6351600,true,false,0.11274416366628515
after,sp500,standard,156,20,3,1,1,51273,661932,0,4188417,true,false,0.0830251747458538
after,sp500,standard,157,20,3,2,2,106183,390664,0,2185344,false,false,0.10455397926031054
after,sp500,standard,158,20,4,1,1,122796,732176,0,1352576,false,false,0.15699902228910292
after,sp500,standard,159,20,2,2,2,108009,305370,0,1910256,false,false,0.18140136849596278
after,sp500,standard,160,20,3,1,1,22680,399739,1,1565814,false,false,0.12361696188829692
after,sp500,standard,161,20,1,0,0,0,255445,0,4325274,true,false,0.1432772860989761
after,sp500,standard,162,20,1,1,1,37526,114077,0,10553420,true,false,0.09317417626262481
after,sp500,standard,163,20,0,0,0,0,0,0,14647661,true,false,0.15624968853595986
after,sp500,standard,164,20,3,0,0,0,442011,0,5285567,true,false,0.15362147870804824
after,sp500,standard,165,20,2,1,1,68584,271953,0,2381267,false,false,0.11333144349583735
after,sp500,standard,166,20,4,3,3,410726,743742,0,927500,false,false,0.12081588568513812
after,sp500,standard,167,20,2,0,0,0,311869,0,1596572,false,false,0.13167594519319126
after,sp500,standard,168,20,2,0,0,0,501961,0,6835491,true,false,0.16096190006154446
after,sp500,standard,169,20,2,1,1,83953,543506,0,5973987,true,false,0.12539505566899803
after,sp500,standard,170,20,3,1,1,151287,417776,0,2940388,false,false,0.08698947829148121
after,sp500,standard,171,20,1,0,0,0,273587,0,4897921,true,false,0.1757593152883882
after,sp500,standard,172,20,1,0,0,0,262134,0,11544336,true,false,0.12703063584339422
after,sp500,standard,173,20,2,0,0,0,219249,0,2459647,false,false,0.13655166111715894
after,sp500,standard,174,20,4,3,3,313805,692200,0,2622914,false,false,0.07451257928604717
after,sp500,standard,175,20,3,2,2,234960,560485,0,539920,false,false,0.10842163504031863
after,sp500,standard,176,20,4,2,2,280967,775743,0,2867770,false,false,0.07947057875956738
after,sp500,standard,177,20,3,0,0,0,483086,0,4022367,true,false,0.11434161564765229
after,sp500,standard,178,20,4,3,3,485680,845865,0,1195893,false,false,0.18141958641521533
after,sp500,standard,179,20,4,2,2,313074,757889,0,1182054,false,false,0.14915528323480598
after,sp500,standard,180,20,2,1,1,176163,584895,0,4351434,true,false,0.1493706178497105
after,sp500,standard,181,20,3,0,0,0,720528,0,6023881,true,false,0.15949638659998994
after,sp500,standard,182,20,2,0,0,0,457759,0,9751880,true,false,0.10732848331801759
after,sp500,standard,183,20,3,1,1,19367,416604,0,2556113,false,false,0.13175738688617883
after,sp500,standard,184,20,4,2,2,206985,545001,0,84191,false,false,0.2191063062193716
after,sp500,standard,185,20,3,0,0,0,564318,0,7362126,true,false,0.08454433350211077
after,sp500,standard,186,20,3,0,0,0,671732,0,1844334,false,false,0.138477034201796
after,sp500,standard,187,20,2,0,0,0,367215,0,3268769,true,false,0.14341654351496355
after,sp500,standard,188,20,2,1,1,123994,357334,0,1343558,false,false,0.1497411364589704
after,sp500,standard,189,20,3,2,2,249828,608956,1,3168711,true,false,0.1484522629718546
after,sp500,standard,190,20,3,3,3,315028,611639,0,2422332,false,false,0.1151264039720487
after,sp500,standard,191,20,3,0,0,0,639467,0,2083939,false,false,0.21895123969221855
after,sp500,standard,192,20,1,1,1,78528,284180,0,1058221,false,false,0.16915588457095568
after,sp500,standard,193,20,3,0,0,0,487577,0,2808277,false,false,0.10120351882455755
after,sp500,standard,194,20,2,1,1,99248,467419,0,3150610,true,false,0.20287078447720944
after,sp500,standard,195,20,3,2,2,102905,474395,0,2833470,false,false,0.09166541774765016
after,sp500,standard,196,20,5,5,5,530145,786888,0,1365739,false,false,0.08714642532519476
after,sp500,standard,197,20,3,0,0,0,407029,0,14354946,true,false,0.05579087014454868
after,sp500,standard,198,20,2,0,0,0,286767,0,662798,false,false,0.23574969931966633
after,sp500,standard,199,20,4,1,1,11697,404029,0,1402674,false,false,0.10013104711826229
after,sp500,standard,200,20,3,0,0,0,400778,0,4319950,true,false,0.1372812278908719
after,sp500,standard,201,20,2,0,0,0,319439,1,3087311,true,false,0.14329014018422745
after,sp500,standard,202,20,3,0,0,0,482967,0,9370214,true,false,0.05621607587335259
after,sp500,standard,203,20,3,1,1,43329,733009,0,2411103,false,false,0.11006903531226464
after,sp500,standard,204,20,1,0,0,0,69826,0,2134741,false,false,0.15388775125593107
after,sp500,standard,205,20,2,0,0,0,357479,0,11050003,true,false,0.06689643614805496
after,sp500,standard,206,20,2,1,1,56252,303123,0,4800674,true,false,0.11974053207715951
after,sp500,standard,207,20,4,1,1,41547,822564,0,6311893,true,false,0.09615632276989453
after,sp500,standard,208,20,2,0,0,0,211417,0,15058437,true,false,0.08874278355073625
after,sp500,standard,209,20,1,0,0,0,208500,0,4491965,true,false,0.16763056285491965
after,sp500,standard,210,20,2,1,1,116639,474448,0,1707956,false,false,0.17322234825011373
after,sp500,standard,211,20,3,1,1,44091,426481,0,689609,false,false,0.18991079838792943
after,sp500,standard,212,20,3,0,0,0,661827,0,8076421,true,false,0.09399822655152028
after,sp500,standard,213,20,3,3,3,275274,513608,0,3196857,true,false,0.06647548979873776
after,sp500,standard,214,20,5,3,3,266022,746533,0,2349001,false,false,0.09502052898505789
after,sp500,standard,215,20,2,0,0,0,340361,0,5686206,true,false,0.18854493466030622
after,sp500,standard,216,20,3,2,2,86923,344243,1,855084,false,false,0.14586357606647998
after,sp500,standard,217,20,3,0,0,0,480071,0,3210121,true,false,0.17078842931273133
after,sp500,standard,218,20,2,0,0,0,246922,0,3403254,true,false,0.14070877732898301
after,sp500,standard,219,20,2,0,0,0,207082,1,2279708,false,false,0.19673864695669024
after,sp500,standard,220,20,3,1,1,95322,853897,0,5902759,true,false,0.13942949325226156
after,sp500,standard,221,20,3,0,0,0,470793,1,3093532,true,false,0.14379064717692194
after,sp500,standard,222,20,3,1,1,204469,545154,0,2292929,false,false,0.16776463697264124
after,sp500,standard,223,20,2,0,0,0,351901,0,4381962,true,false,0.12904797189103506
after,sp500,standard,224,20,3,1,1,121586,561618,0,1694998,false,false,0.11319544231897123
after,sp500,standard,225,20,3,0,0,0,554819,0,15503470,true,false,0.11171276670475434
after,sp500,standard,226,20,2,0,0,0,211208,0,5198290,true,false,0.1322652199582038
after,sp500,standard,227,20,3,1,1,21261,513569,0,3760923,true,false,0.08354687049971278
after,sp500,standard,228,20,1,0,0,0,289132,0,2274873,false,false,0.16472059906748843
after,sp500,standard,229,20,3,2,2,31503,373232,0,1518409,false,false,0.06987973295608078
after,sp500,standard,230,20,2,1,1,43056,481227,0,1794803,false,false,0.12170154117383428
after,sp500,standard,231,20,3,2,2,221101,598556,0,4674629,true,false,0.10615237144421166
after,sp500,standard,232,20,4,1,1,38322,888334,0,1876764,false,false,0.13513565283794873
after,sp500,standard,233,20,1,0,0,0,131781,0,1815738,false,false,0.19612046415897397
after,sp500,standard,234,20,2,0,0,0,242173,0,2374082,false,false,0.15117190064932723
after,sp500,standard,235,20,3,0,0,0,477118,0,1819837,false,false,0.10074256117106224
after,sp500,standard,236,20,0,0,0,0,0,0,2445149,false,false,0.13264255668718836
after,sp500,standard,237,20,2,0,0,0,374301,0,6996249,true,false,0.10399431231621854
after,sp500,standard,238,20,3,3,3,417662,745965,0,738000,false,false,0.14745041897760586
after,sp500,standard,239,20,1,1,1,29968,152261,0,3589529,true,false,0.17438203283393205
after,sp500,standard,240,20,1,0,0,0,318427,0,5401692,true,false,0.14723180187082105
after,sp500,standard,241,20,1,0,0,0,150361,0,2702957,false,false,0.17698942004179868
after,sp500,standard,242,20,3,0,0,0,404827,0,515249,false,false,0.24650806797140387
after,sp500,standard,243,20,4,2,2,250448,817507,0,2387131,false,false,0.11449420390894105
after,sp500,standard,244,20,2,0,0,0,269189,0,2320820,false,false,0.1774716197430583
after,sp500,standard,245,20,3,0,0,0,621393,0,8448477,true,false,0.11858628839167722
after,sp500,standard,246,20,2,1,1,73346,347519,0,1327900,false,false,0.14213196823303692
after,sp500,standard,247,20,3,0,0,0,548129,0,2503580,false,false,0.1444987331215815
after,sp500,standard,248,20,1,0,0,0,257648,0,3685041,true,false,0.1918276231246317
after,sp500,standard,249,20,4,1,1,213506,792620,1,3279672,true,false,0.09058535067584565
after,sp500,standard,250,20,2,1,1,29841,356180,0,4067121,true,false,0.1539287230241216
after,sp500,standard,251,20,6,4,4,462456,917706,0,301479,false,false,0.1030588413279943
after,sp500,standard,252,20,3,1,1,39771,329740,0,1794864,false,false,0.12036255695729392
after,sp500,standard,253,20,0,0,0,0,0,0,5483664,true,false,0.12841069412478764
after,sp500,standard,254,20,2,0,0,0,185979,0,6608767,true,false,0.12857593223695574
after,sp500,standard,255,20,1,0,0,0,193021,0,3287100,true,false,0.2006392909220717
after,sp500,standard,256,20,3,1,1,5227,603463,0,4126940,true,false,0.1436279427834027
after,sp500,standard,257,20,2,0,0,0,240393,0,2397529,false,false,0.11251663321943392
after,sp500,standard,258,20,4,1,1,138873,660616,0,5722345,true,false,0.0705980854079247
after,sp500,standard,259,20,2,0,0,0,460394,0,8666235,true,false,0.14783325148491808
after,sp500,standard,260,20,3,2,2,368697,724011,0,1982549,false,false,0.15630356482815166
after,sp500,standard,261,20,4,0,0,0,533788,0,1156950,false,false,0.19394551213914119
after,sp500,standard,262,20,2,0,0,0,400755,0,3935180,true,false,0.1462821189318741
after,sp500,standard,263,20,4,4,4,442357,659976,0,1178403,false,false,0.06979665776414354
after,sp500,standard,264,20,2,0,0,0,334686,0,1187490,false,false,0.1508441032834185
after,sp500,standard,265,20,5,4,4,486922,877891,0,1639912,false,false,0.08747704206067156
after,sp500,standard,266,20,2,0,0,0,253595,0,1381192,false,false,0.18429999019473214
after,sp500,standard,267,20,3,0,0,0,524226,0,3095683,true,false,0.17644997962252723
after,sp500,standard,268,20,3,0,0,0,288679,0,19640558,true,false,0.08451073625456994
after,sp500,standard,269,20,4,0,0,0,871033,0,7141865,true,false,0.0843321850282816
after,sp500,standard,270,20,3,1,1,11636,229406,0,4818024,true,false,0.10714338712785947
after,sp500,standard,271,20,2,0,0,0,181473,0,3129791,true,false,0.11830045960057067
after,sp500,standard,272,20,1,0,0,0,180584,0,5178599,true,false,0.11859352492617872
after,sp500,standard,273,20,3,0,0,0,437133,0,5583983,true,false,0.1101012961869913
after,sp500,standard,274,20,1,0,0,0,132167,0,2368411,false,false,0.16608464928661068
after,sp500,standard,275,20,1,0,0,0,135617,0,2332792,false,false,0.20838261325983365
after,sp500,standard,276,20,3,1,1,101532,708726,0,4887182,true,false,0.09436886480603414
after,sp500,standard,277,20,3,1,1,30887,354794,0,2119438,false,false,0.0932295039810229
after,sp500,standard,278,20,2,0,0,0,308113,0,1897629,false,false,0.14888022247223676
after,sp500,standard,279,20,3,0,0,0,672285,0,5194206,true,false,0.09875632075927265
after,sp500,standard,280,20,3,2,2,116242,382930,0,492697,false,false,0.1373385891851912
after,sp500,standard,281,20,2,0,0,0,391163,0,5162016,true,false,0.1288508395060481
after,sp500,standard,282,20,2,0,0,0,161511,0,18268993,true,false,0.08289925484601016
after,sp500,standard,283,20,5,2,2,186901,911910,0,1144765,false,false,0.128495463535684
after,sp500,standard,284,20,3,1,1,10437,261211,0,2181204,false,false,0.11242574888967956
after,sp500,standard,285,20,4,3,3,179111,614949,0,5495224,true,false,0.09802213096671719
after,sp500,standard,286,20,2,1,1,13668,284953,0,3814500,true,false,0.09485892214228155
after,sp500,standard,287,20,2,0,0,0,194883,0,1405662,false,false,0.14299088387680725
after,sp500,standard,288,20,1,0,0,0,165911,0,6268877,true,false,0.1369739074369632
after,sp500,standard,289,20,3,1,1,33525,444340,0,12950646,true,false,0.10101951670704497
after,sp500,standard,290,20,3,0,0,0,468865,0,3187586,true,false,0.14289853315745665
after,sp500,standard,291,20,4,2,2,109776,610669,0,1340091,false,false,0.12565938407432017
after,sp500,standard,292,20,3,0,0,0,383796,0,816886,false,false,0.2491602471825361
after,sp500,standard,293,20,2,0,0,0,226716,0,18340287,true,false,0.07681860604401443
after,sp500,standard,294,20,3,0,0,0,477614,0,2484967,false,false,0.10572912095723982
after,sp500,standard,295,20,2,0,0,0,149099,0,2129615,false,false,0.14251013956094868
after,sp500,standard,296,20,4,0,0,0,690787,1,6424118,true,false,0.14375070679973873
after,sp500,standard,297,20,2,1,1,44935,273368,0,2539834,false,false,0.10141063562045867
after,sp500,standard,298,20,2,0,0,0,273212,0,9982473,true,false,0.09176486403234214
after,sp500,standard,299,20,5,3,3,329247,898841,0,2744279,false,false,0.09371486587878372
after,sp500,standard,300,20,2,1,1,26189,349173,0,2481379,false,false,0.17057425980339497
after,sp500,standard,301,20,3,0,0,0,532511,0,4203176,true,false,0.10292619600558887
after,sp500,standard,302,20,3,1,1,1890,497206,0,1723557,false,false,0.1925243607046284
after,sp500,standard,303,20,3,1,1,60139,376557,0,1315503,false,false,0.1371435308337075
after,sp500,standard,304,20,2,0,0,0,437920,1,9432629,true,false,0.13701200595297827
after,sp500,standard,305,20,2,1,1,909,301618,0,16116062,true,false,0.10383018920399287
after,sp500,standard,306,20,1,0,0,0,58985,0,5194274,true,false,0.12704033470767312
after,sp500,standard,307,20,2,0,0,0,188145,0,2856647,false,false,0.17652469233078266
after,sp500,standard,308,20,5,2,2,237491,800004,0,5598232,true,false,0.06977168569787415
after,sp500,standard,309,20,4,0,0,0,1003457,0,23396729,true,false,0.09484119945385741
after,sp500,standard,310,20,4,3,3,475217,1002699,0,1341098,false,false,0.09216172086847793
after,sp500,standard,311,20,2,1,1,104361,334228,0,869788,false,false,0.18275877395778337
after,sp500,standard,312,20,2,2,2,224337,573520,0,1618710,false,false,0.13343095047437267
after,sp500,standard,313,20,3,0,0,0,439757,0,3985522,true,false,0.13614892122221925
after,sp500,standard,314,20,3,2,2,212674,429204,0,2103680,false,false,0.12724187855298977
after,sp500,standard,315,20,0,0,0,0,0,0,3306037,true,false,0.18176311962790245
after,sp500,standard,316,20,2,0,0,0,609466,0,4903155,true,false,0.12926537298543514
after,sp500,standard,317,20,2,1,1,16083,363642,0,2433731,false,false,0.17603295926669366
after,sp500,standard,318,20,2,1,1,52639,284042,0,1423224,false,false,0.12264208922320048
after,sp500,standard,319,20,2,0,0,0,301633,0,3789494,true,false,0.10257091167056895
after,sp500,standard,320,20,4,1,1,154028,616088,0,1285019,false,false,0.12366145964160173
after,sp500,standard,321,20,4,1,1,4930,346403,0,11448132,true,false,0.057471178000581345
after,sp500,standard,322,20,4,0,0,0,840461,0,8495270,true,false,0.07705119542425837
after,sp500,standard,323,20,2,0,0,0,249671,0,3635453,true,false,0.11896974130235213
after,sp500,standard,324,20,3,0,0,0,532858,0,5379440,true,false,0.11192589622229968
after,sp500,standard,325,20,1,0,0,0,101088,0,4737078,true,false,0.09941084618355701
after,sp500,standard,326,20,2,0,0,0,217135,0,1234498,false,false,0.16472004739370308
after,sp500,standard,327,20,1,0,0,0,182243,0,1581840,false,false,0.17181082820748525
after,sp500,standard,328,20,3,0,0,0,590908,0,2039173,false,false,0.14112429181409852
after,sp500,standard,329,20,2,1,1,20835,351574,0,2772206,false,false,0.08319289928819865
after,sp500,standard,330,20,2,0,0,0,430509,0,2611438,false,false,0.1455787780779283
after,sp500,standard,331,20,2,1,1,21383,369958,0,1001247,false,false,0.1629966335802158
after,sp500,standard,332,20,3,3,3,210118,534016,0,1036895,false,false,0.15573464818138097
after,sp500,standard,333,20,1,1,1,55592,105592,0,2350861,false,false,0.1253781998608559
after,sp500,standard,334,20,3,1,1,69927,814666,0,5921841,true,false,0.13766164385440413
after,sp500,standard,335,20,4,0,0,0,970951,0,9813726,true,false,0.09454263956483461
after,sp500,standard,336,20,1,0,0,0,134549,0,2710960,false,false,0.18264045925750758
after,sp500,standard,337,20,3,2,2,100807,456880,0,2117102,false,false,0.08930518946090707
after,sp500,standard,338,20,4,2,2,81506,631489,1,2326926,false,false,0.0680415021700741
after,sp500,standard,339,20,1,0,0,0,173165,0,5664751,true,false,0.103794943813768
after,sp500,standard,340,20,1,0,0,0,182072,0,2535970,false,false,0.14644038879228388
after,sp500,standard,341,20,2,1,1,19381,348630,0,2609726,false,false,0.1930752948342852
after,sp500,standard,342,20,1,0,0,0,159730,0,1810171,false,false,0.15514020491511496
after,sp500,standard,343,20,3,0,0,0,313966,0,9070585,true,false,0.10847757176061315
after,sp500,standard,344,20,4,0,0,0,544853,0,8274636,true,false,0.06631622756163777
after,sp500,standard,345,20,3,0,0,0,308611,1,10517600,true,false,0.05920183895622805
after,sp500,standard,346,20,3,1,1,48886,668709,0,2384654,false,false,0.13202422238218794
after,sp500,standard,347,20,4,2,2,211414,529401,0,3966483,true,false,0.04675740443518389
after,sp500,standard,348,20,4,3,3,171689,729563,0,1577394,false,false,0.0819245157316004
after,sp500,standard,349,20,3,0,0,0,289908,0,1662305,false,false,0.1425147190305355
after,sp500,standard,350,20,3,1,1,168687,572312,0,1803176,false,false,0.16881558684431713
after,sp500,standard,351,20,2,1,1,57977,329151,0,2620270,false,false,0.21263385083373848
after,sp500,standard,352,20,4,3,3,220640,467695,0,954967,false,false,0.08892889741676922
after,sp500,standard,353,20,2,0,0,0,496502,0,12105449,true,false,0.1380222417602714
after,sp500,standard,354,20,3,2,2,130783,348648,0,5069892,true,false,0.11343101856748287
after,sp500,standard,355,20,1,0,0,0,151464,0,4010056,true,false,0.1695425751440996
after,sp500,standard,356,20,2,1,1,80278,202082,0,3072947,true,false,0.09600316538146493
after,sp500,standard,357,20,1,0,0,0,191214,0,5311341,true,false,0.11247784828184879
after,sp500,standard,358,20,3,1,1,24414,564304,0,1904936,false,false,0.11276071682883822
after,sp500,standard,359,20,3,2,2,120220,402730,0,1274720,false,false,0.12341492001212935
after,sp500,standard,360,20,3,2,2,57234,666504,0,6320099,true,false,0.10819108154793404
after,sp500,standard,361,20,5,4,4,438773,825641,0,2696485,false,false,0.07493692246631518
after,sp500,standard,362,20,2,0,0,0,360967,0,1971253,false,false,0.1337544103708745
after,sp500,standard,363,20,3,0,0,0,412059,0,2586269,false,false,0.23459388780012022
after,sp500,standard,364,20,3,0,0,0,399563,0,9351814,true,false,0.15098189014552446
after,sp500,standard,365,20,2,0,0,0,360624,0,2527936,false,false,0.15519748996143962
after,sp500,standard,366,20,2,0,0,0,405188,0,4545983,true,false,0.09217824870973866
after,sp500,standard,367,20,1,0,0,0,171910,0,2975693,false,false,0.13965761212615216
after,sp500,standard,368,20,0,0,0,0,0,0,4199013,true,false,0.19377191607321537
after,sp500,standard,369,20,2,0,0,0,280031,0,3670164,true,false,0.17148283498221034
after,sp500,standard,370,20,3,2,2,45657,564409,1,4405078,true,false,0.077110016333469
after,sp500,standard,371,20,2,0,0,0,342645,1,3548274,true,false,0.1699954504282592
after,sp500,standard,372,20,2,1,1,59066,421956,0,1425311,false,false,0.2151643609371412
after,sp500,standard,373,20,2,0,0,0,238631,0,2551783,false,false,0.1506959358880689
after,sp500,standard,374,20,4,0,0,0,468895,0,4585419,true,false,0.14325588709302894
after,sp500,standard,375,20,3,0,0,0,487293,0,2441473,false,false,0.12354848193080499
after,sp500,standard,376,20,1,0,0,0,180542,0,4602578,true,false,0.1523756294211211
after,sp500,standard,377,20,4,3,3,223040,664938,0,617810,false,false,0.17517376371156526
after,sp500,standard,378,20,2,0,0,0,506469,0,3190669,true,false,0.17072102572309156
after,sp500,standard,379,20,3,0,0,0,534567,0,10480020,true,false,0.12279248424422315
after,sp500,standard,380,20,4,1,1,125523,701418,0,1244261,false,false,0.29859671039744934
after,sp500,standard,381,20,2,0,0,0,287580,0,2934561,false,false,0.09709263254793635
after,sp500,standard,382,20,3,0,0,0,671194,1,8250203,true,false,0.09057353849922237
after,sp500,standard,383,20,2,0,0,0,334279,0,2786731,false,false,0.16393001955015926
after,sp500,standard,384,20,2,0,0,0,160359,0,2074761,false,false,0.12033650998300711
after,sp500,standard,385,20,1,1,1,75442,379420,0,1260798,false,false,0.1991864810532466
after,sp500,standard,386,20,1,0,0,0,161113,0,12057740,true,false,0.152000015361116
after,sp500,standard,387,20,2,0,0,0,316737,0,5932855,true,false,0.13468214039382526
after,sp500,standard,388,20,2,0,0,0,204750,0,3347445,true,false,0.11116667467219488
after,sp500,standard,389,20,2,0,0,0,368084,0,1678579,false,false,0.15358243888688242
after,sp500,standard,390,20,2,1,1,38860,355580,0,1472803,false,false,0.15914115746755048
after,sp500,standard,391,20,3,2,2,225732,886596,0,6593803,true,false,0.10553959244772027
after,sp500,standard,392,20,2,2,2,160224,397578,0,2393267,false,false,0.1247209877673721
after,sp500,standard,393,20,4,1,1,25078,580201,0,5450785,true,false,0.10358121255622472
after,sp500,standard,394,20,2,0,0,0,435932,0,15167673,true,false,0.1052650110998615
after,sp500,standard,395,20,1,0,0,0,227002,0,962587,false,false,0.1997021509945122
after,sp500,standard,396,20,1,0,0,0,157452,0,2950077,false,false,0.13470121601256596
after,sp500,standard,397,20,3,1,1,166641,586199,0,3449141,true,false,0.07949039818590216
after,sp500,standard,398,20,4,3,3,264429,840401,0,3760128,true,false,0.0693349929048229
after,sp500,standard,399,20,3,0,0,0,444814,0,1417084,false,false,0.1129715652831614
after,sp500,standard,400,20,2,0,0,0,314322,0,12717789,true,false,0.11797956358854358
after,sp500,standard,401,20,3,0,0,0,488463,0,7460449,true,false,0.1543196308310258
after,sp500,standard,402,20,3,1,1,73714,419531,0,2784100,false,false,0.07355052634022115
after,sp500,standard,403,20,3,0,0,0,573466,0,19760692,true,false,0.06844801875900534
after,sp500,standard,404,20,2,0,0,0,434090,0,3660849,true,false,0.15732141113977377
after,sp500,standard,405,20,2,2,2,152168,211532,0,1180751,false,false,0.1328851075409155
after,sp500,standard,406,20,4,2,2,100435,671291,1,9969327,true,false,0.07478506669522479
after,sp500,standard,407,20,4,2,2,175510,544687,0,4739409,true,false,0.0837769471221724
after,sp500,standard,408,20,2,2,2,88177,242300,0,3616639,true,false,0.08968363171376247
after,sp500,standard,409,20,1,0,0,0,93772,0,3004890,true,false,0.13805910123724902
after,sp500,standard,410,20,3,0,0,0,422584,0,3117238,true,false,0.11595339925513097
after,sp500,standard,411,20,2,0,0,0,459823,0,3293004,true,false,0.16158475279057993
after,sp500,standard,412,20,1,0,0,0,138650,0,6281571,true,false,0.0994001613300626
after,sp500,standard,413,20,3,0,0,0,435716,0,2274154,false,false,0.07581692033512966
after,sp500,standard,414,20,1,0,0,0,162810,0,20071991,true,false,0.1173760987234254
after,sp500,standard,415,20,3,0,0,0,473599,0,6572930,true,false,0.14511712463198337
after,sp500,standard,416,20,1,0,0,0,61615,0,4726099,true,false,0.14819460696578918
after,sp500,standard,417,20,4,0,0,0,465882,0,2205354,false,false,0.1550110935926238
after,sp500,standard,418,20,3,0,0,0,587888,0,6714887,true,false,0.07755066105384138
after,sp500,standard,419,20,2,1,1,15114,387522,0,847818,false,false,0.11780119723097929
after,sp500,standard,420,20,5,3,3,403521,1023449,0,2913341,false,false,0.16252405637115722
after,sp500,standard,421,20,4,2,2,206897,515322,0,517312,false,false,0.12722840233455068
after,sp500,standard,422,20,4,2,2,62118,350516,0,417217,false,false,0.1456386781542421
after,sp500,standard,423,20,4,4,4,438234,546815,0,296090,false,false,0.11960388228247269
after,sp500,standard,424,20,4,2,2,334767,799993,0,1131792,false,false,0.09797537789522615
after,sp500,standard,425,20,2,1,1,3900,299539,0,2216726,false,false,0.14077252705988536
after,sp500,standard,426,20,2,0,0,0,454738,0,25978699,true,false,0.09197364692143702
after,sp500,standard,427,20,1,0,0,0,82568,0,1239458,false,false,0.2829405926669476
after,sp500,standard,428,20,1,0,0,0,66106,0,5449833,true,false,0.12932571700296103
after,sp500,standard,429,20,2,1,1,33105,365630,0,2631787,false,false,0.14270311054333576
after,sp500,standard,430,20,3,0,0,0,408613,0,3647234,true,false,0.11483720964526747
after,sp500,standard,431,20,4,0,0,0,540083,0,1837335,false,false,0.11787610321451217
after,sp500,standard,432,20,2,1,1,8046,411212,0,2006730,false,false,0.22382479332957522
after,sp500,standard,433,20,1,0,0,0,232511,0,5762523,true,false,0.12469850877967228
after,sp500,standard,434,20,3,2,2,117378,446378,0,3083386,true,false,0.10617824456605543
after,sp500,standard,435,20,1,1,1,34306,232620,0,6464528,true,false,0.09510248396814644
after,sp500,standard,436,20,3,1,1,9026,576209,0,1106947,false,false,0.15172160228659032
after,sp500,standard,437,20,1,0,0,0,198110,0,1412876,false,false,0.21396414203752698
after,sp500,standard,438,20,2,0,0,0,458700,0,4359393,true,false,0.15052649429752432
after,sp500,standard,439,20,4,3,3,348088,812536,0,7405823,true,false,0.0642552729705746
after,sp500,standard,440,20,3,0,0,0,591524,0,4072499,true,false,0.11195345213248205
after,sp500,standard,441,20,3,1,1,59861,454537,0,5701954,true,false,0.14286532922167142
after,sp500,standard,442,20,2,1,1,8461,353552,0,863756,false,false,0.13702465636294564
after,sp500,standard,443,20,3,0,0,0,453500,0,1226937,false,false,0.19393038715742364
after,sp500,standard,444,20,4,2,2,55651,609842,0,2846201,false,false,0.09715323017737472
after,sp500,standard,445,20,1,0,0,0,117693,0,5623635,true,false,0.16291366234402446
after,sp500,standard,446,20,5,2,2,204911,723389,0,227629,false,false,0.14658108852575907
after,sp500,standard,447,20,1,1,1,174,114535,0,688901,false,false,0.1798302578566084
after,sp500,standard,448,20,3,1,1,207147,451818,0,1163733,false,false,0.11082279002673394
after,sp500,standard,449,20,4,3,3,138145,567379,0,1457465,false,false,0.08986564855032911
after,sp500,standard,450,20,2,1,1,37598,325441,0,2216958,false,false,0.1720079799640869
after,sp500,standard,451,20,2,0,0,0,288681,0,4501343,true,false,0.14916223551881513
after,sp500,standard,452,20,2,0,0,0,220633,0,2821189,false,false,0.07621273145362152
after,sp500,standard,453,20,2,0,0,0,401483,0,6500469,true,false,0.13170240721454812
after,sp500,standard,454,20,1,0,0,0,61833,0,3874703,true,false,0.16925553111775896
after,sp500,standard,455,20,4,0,0,0,685603,0,5820252,true,false,0.13013959305283612
after,sp500,standard,456,20,2,0,0,0,464167,0,5210323,true,false,0.1673424418203756
after,sp500,standard,457,20,3,3,3,363507,673148,0,2763278,false,false,0.060454567968090664
after,sp500,standard,458,20,4,2,2,100903,437313,0,1520285,false,false,0.1184680784541505
after,sp500,standard,459,20,1,0,0,0,99024,0,2696360,false,false,0.18639326916203766
after,sp500,standard,460,20,1,0,0,0,270000,1,9375558,true,false,0.1308263154763464
after,sp500,standard,461,20,5,2,2,326055,826399,0,2875648,false,false,0.10830484921257613
after,sp500,standard,462,20,3,0,0,0,563890,0,8928895,true,false,0.14757191980068493
after,sp500,standard,463,20,2,1,1,58616,310635,0,2173006,false,false,0.140205473800267
after,sp500,standard,464,20,2,1,1,39325,404886,0,1445502,false,false,0.14142985113609097
after,sp500,standard,465,20,2,0,0,0,271655,0,2294934,false,false,0.14436214312808074
after,sp500,standard,466,20,2,1,1,103502,286182,0,1338489,false,false,0.14436106387153178
after,sp500,standard,467,20,1,0,0,0,186220,0,1326063,false,false,0.1886672359455659
after,sp500,standard,468,20,2,1,1,75577,487974,0,2272093,false,false,0.12807707681102018
after,sp500,standard,469,20,3,1,1,45158,302506,0,2262025,false,false,0.08571600446911416
after,sp500,standard,470,20,2,0,0,0,243712,0,6935409,true,false,0.10902583123235923
after,sp500,standard,471,20,3,1,1,134831,580544,0,1044272,false,false,0.16522200953755922
after,sp500,standard,472,20,3,0,0,0,358476,0,2733604,false,false,0.144388052316149
after,sp500,standard,473,20,1,0,0,0,185931,0,5007315,true,false,0.14298471627209383
after,sp500,standard,474,20,3,0,0,0,734760,0,3510419,true,false,0.12012977262883077
after,sp500,standard,475,20,2,0,0,0,465024,0,1917743,false,false,0.16184921187806237
after,sp500,standard,476,20,3,0,0,0,440695,0,7331433,true,false,0.08064408536810623
after,sp500,standard,477,20,2,0,0,0,247821,0,7408856,true,false,0.1230026979195415
after,sp500,standard,478,20,3,1,1,178168,590782,0,1504368,false,false,0.14644792848242777
after,sp500,standard,479,20,2,0,0,0,250462,0,2435320,false,false,0.13125626785236771
after,sp500,standard,480,20,2,0,0,0,322744,0,8336334,true,false,0.0863247790963809
after,sp500,standard,481,20,2,1,1,100685,692748,0,5416221,true,false,0.12871884432700215
after,sp500,standard,482,20,4,0,0,0,847121,1,4106462,true,false,0.09132377984718372
after,sp500,standard,483,20,2,0,0,0,248103,0,9984545,true,false,0.07113475493038937
after,sp500,standard,484,20,2,0,0,0,254836,0,5236916,true,false,0.1411933860680208
after,sp500,standard,485,20,2,0,0,0,244785,0,9349194,true,false,0.08256406463034974
after,sp500,standard,486,20,3,2,2,199606,441535,0,2536965,false,false,0.19138997366916538
after,sp500,standard,487,20,0,0,0,0,0,0,5931360,true,false,0.11587195291959293
after,sp500,standard,488,20,4,0,0,0,550411,0,5402417,true,false,0.1254672711719971
after,sp500,standard,489,20,3,1,1,51134,507414,0,14096226,true,false,0.07539970879160865
after,sp500,standard,490,20,5,2,2,221219,865693,0,1633230,false,false,0.07507517103975943
after,sp500,standard,491,20,4,0,0,0,455036,1,1048560,false,false,0.16848996807922295
after,sp500,standard,492,20,5,3,3,272138,879067,1,3656960,true,false,0.06887660841604805
after,sp500,standard,493,20,4,1,1,25772,775676,0,1427569,false,false,0.16243551251537425
after,sp500,standard,494,20,2,0,0,0,487965,0,3498177,true,false,0.13695122203413912
after,sp500,standard,495,20,2,0,0,0,261295,0,1176127,false,false,0.18963602675759306
after,sp500,standard,496,20,3,0,0,0,654845,1,10480846,true,false,0.11208280744408439
after,sp500,standard,497,20,3,0,0,0,705052,0,6817519,true,false,0.1392122770187249
after,sp500,standard,498,20,4,3,3,326784,706060,0,2955288,false,false,0.07839012211778029
after,sp500,standard,499,20,2,1,1,39427,321028,0,2729899,false,false,0.08300797461535148
after,sp500,standard,500,20,2,1,1,74856,288432,0,2185261,false,false,0.11281865787296477
after,sp500,standard,501,20,3,0,0,0,477359,0,4216524,true,false,0.09404152363183209
after,sp500,standard,502,20,5,2,2,221141,892514,0,3441804,true,false,0.0843430606061436
after,sp500,standard,503,20,2,0,0,0,290741,0,6047237,true,false,0.16156337925231157
after,sp500,standard,504,20,4,2,2,152743,561946,0,1393084,false,false,0.10005138905212936
after,sp500,standard,505,20,2,0,0,0,402263,0,3060922,true,false,0.1655467369228943
after,sp500,standard,506,20,2,1,1,61250,470115,0,3289614,true,false,0.1634779396869232
after,sp500,standard,507,20,3,2,2,59344,542474,1,12797064,true,false,0.0748968539869117
after,sp500,standard,508,20,4,2,2,160509,637976,0,2798433,false,false,0.07398530006458494
after,sp500,standard,509,20,1,0,0,0,212401,0,3076034,true,false,0.14809176692767387
after,sp500,standard,510,20,1,0,0,0,158475,0,4423992,true,false,0.15059543064668657
after,sp500,standard,511,20,2,1,1,51308,341785,0,1792489,false,false,0.16416783161059764
after,sp500,standard,512,20,3,2,2,270599,596554,0,5080384,true,false,0.14089624417029573
after,sp500,standard,513,20,4,3,3,319190,678515,0,841629,false,false,0.13151274403565777
after,sp500,standard,514,20,1,0,0,0,69864,0,4607183,true,false,0.16527724230263804
after,sp500,standard,515,20,3,1,1,245111,606042,0,2702463,false,false,0.1197092664985923
after,sp500,standard,516,20,2,0,0,0,253224,0,3012602,true,false,0.14029675190133067
after,sp500,standard,517,20,2,0,0,0,198168,0,2230391,false,false,0.16439858851034594
after,sp500,standard,518,20,2,1,1,182498,427414,0,637565,false,false,0.1731260433984881
after,sp500,standard,519,20,2,0,0,0,289798,0,5286121,true,false,0.1299987041248904
after,sp500,standard,520,20,3,1,1,87583,343090,0,764455,false,false,0.14767421789290702
after,sp500,standard,521,20,2,0,0,0,309376,0,4563211,true,false,0.12917843747210128
after,sp500,standard,522,20,4,2,2,305415,587163,0,1862777,false,false,0.09284151258607597
after,sp500,standard,523,20,2,0,0,0,185520,0,2606016,false,false,0.16032117974260926
after,sp500,standard,524,20,3,1,1,117511,436480,0,2653799,false,false,0.10860599401149637
after,sp500,standard,525,20,0,0,0,0,0,0,1428951,false,false,0.17836365701057502
after,sp500,standard,526,20,5,5,5,645045,973466,0,728134,false,false,0.05702512629823895
after,sp500,standard,527,20,3,2,2,181269,675669,0,4870357,true,false,0.11022678045258719
after,sp500,standard,528,20,1,0,0,0,87363,0,500193,false,false,0.2719861014170336
after,sp500,standard,529,20,3,1,1,121729,640273,0,1837617,false,false,0.11955130795068176
after,sp500,standard,530,20,5,0,0,0,705638,0,1064937,false,false,0.15394423312787628
after,sp500,standard,531,20,2,0,0,0,447804,0,6376434,true,false,0.11906376182227789
after,sp500,standard,532,20,2,0,0,0,221398,0,1048806,false,false,0.18288240192920066
after,sp500,standard,533,20,1,0,0,0,81882,0,4317548,true,false,0.17707782775763628
after,sp500,standard,534,20,4,2,2,286071,974463,0,5755092,true,false,0.07935420841708468
after,sp500,standard,535,20,3,0,0,0,436264,0,1016397,false,false,0.11401382699154536
after,sp500,standard,536,20,1,0,0,0,179124,0,4169360,true,false,0.14638137899115486
after,sp500,standard,537,20,2,0,0,0,285191,0,8381294,true,false,0.16068256779981088
after,sp500,standard,538,20,2,0,0,0,340283,0,7078683,true,false,0.14088870842370022
after,sp500,standard,539,20,1,0,0,0,125221,0,14579108,true,false,0.13523821945528722
after,sp500,standard,540,20,4,1,1,76842,515482,0,2759833,false,false,0.1306174561268543
after,sp500,standard,541,20,3,0,0,0,497040,0,12575567,true,false,0.09000393828752148
after,sp500,standard,542,20,3,1,1,56738,354452,0,2419203,false,false,0.07438011548139553
after,sp500,standard,543,20,5,1,1,62790,764049,0,2787105,false,false,0.09274904269288202
after,sp500,standard,544,20,0,0,0,0,0,0,4114301,true,false,0.13828892739336612
after,sp500,standard,545,20,2,0,0,0,232490,0,1521165,false,false,0.1574292676010296
after,sp500,standard,546,20,0,0,0,0,0,0,1707195,false,false,0.2798428373640566
after,sp500,standard,547,20,3,2,2,147890,574042,0,4551263,true,false,0.11424511354498137
after,sp500,standard,548,20,3,0,0,0,536747,1,5960906,true,false,0.1125392887774919
after,sp500,standard,549,20,3,1,1,98929,485294,0,1968960,false,false,0.18160099337422447
after,sp500,standard,550,20,2,1,1,50764,232261,0,2651401,false,false,0.12546736424395033
after,sp500,standard,551,20,1,0,0,0,75122,0,2309555,false,false,0.2529654038521612
after,sp500,standard,552,20,2,0,0,0,379982,0,6834673,true,false,0.14729192456520163
after,sp500,standard,553,20,4,0,0,0,826388,0,8450714,true,false,0.09451820855766632
after,sp500,standard,554,20,3,1,1,46117,481841,0,5679808,true,false,0.05993327737823204
after,sp500,standard,555,20,3,2,2,178097,576537,1,1849499,false,false,0.08910136598371222
after,sp500,standard,556,20,1,0,0,0,242575,0,5743380,true,false,0.15439850477684203
after,sp500,standard,557,20,2,0,0,0,226068,0,2827694,false,false,0.14738866192149594
after,sp500,standard,558,20,3,2,2,111407,544264,0,3859038,true,false,0.05442637880505781
after,sp500,standard,559,20,2,0,0,0,428738,0,3528917,true,false,0.10061260763665536
after,sp500,standard,560,20,4,2,2,91858,760733,0,2526759,false,false,0.08251469534966174
after,sp500,standard,561,20,1,0,0,0,207130,0,6893700,true,false,0.1093401963294379
after,sp500,standard,562,20,4,2,2,244461,769942,0,2697332,false,false,0.11649057608579887
after,sp500,standard,563,20,0,0,0,0,0,0,1818350,false,false,0.2221030630117094
after,sp500,standard,564,20,1,0,0,0,74408,0,1500732,false,false,0.19962236984628395
after,sp500,standard,565,20,4,3,3,405723,1062032,0,4426264,true,false,0.10079271858356598
after,sp500,standard,566,20,2,0,0,0,162794,0,8578006,true,false,0.13624541919512842
after,sp500,standard,567,20,2,2,2,142155,273716,0,2075511,false,false,0.15541207403846197
after,sp500,standard,568,20,2,0,0,0,296540,0,5604516,true,false,0.17900029779158158
after,sp500,standard,569,20,1,0,0,0,110538,0,8392271,true,false,0.14552948177924196
after,sp500,standard,570,20,1,0,0,0,326801,0,1692762,false,false,0.20652948883996408
after,sp500,standard,571,20,4,0,0,0,650875,1,15594348,true,false,0.09425687596003537
after,sp500,standard,572,20,4,4,4,447912,662079,0,5459192,true,false,0.04634652586757912
after,sp500,standard,573,20,2,1,1,13061,356944,0,5621766,true,false,0.11364248883574823
after,sp500,standard,574,20,2,0,0,0,288515,0,3292565,true,false,0.13745872978512808
after,sp500,standard,575,20,3,0,0,0,516865,0,6616245,true,false,0.13246153022487833
after,sp500,standard,576,20,2,1,1,96184,369679,0,1067754,false,false,0.1802645084073871
after,sp500,standard,577,20,3,1,1,110941,552099,1,5022925,true,false,0.1235413697494954
after,sp500,standard,578,20,2,1,1,62159,248491,0,1318749,false,false,0.1695823497264471
after,sp500,standard,579,20,2,0,0,0,375852,0,2545962,false,false,0.16454382654446487
after,sp500,standard,580,20,1,0,0,0,255317,0,3252222,true,false,0.13677084697706468
after,sp500,standard,581,20,3,1,1,115582,562081,0,1816567,false,false,0.14194939701031123
after,sp500,standard,582,20,2,1,1,801,361950,0,2514571,false,false,0.26370829971439047
after,sp500,standard,583,20,3,1,1,149524,581583,0,2321713,false,false,0.10219890272084435
after,sp500,standard,584,20,2,1,1,60884,416704,0,1817451,false,false,0.15939732465089862
after,sp500,standard,585,20,5,1,1,101325,632019,0,4575759,true,false,0.1137324938632875
after,sp500,standard,586,20,3,0,0,0,426509,1,3398230,true,false,0.08574753928080767
after,sp500,standard,587,20,2,1,1,133798,439733,0,1000444,false,false,0.1544523711913535
after,sp500,standard,588,20,4,2,2,198718,817372,0,4684275,true,false,0.12338114841013051
after,sp500,standard,589,20,4,1,1,83466,677377,0,2582411,false,false,0.1274229003992811
after,sp500,standard,590,20,3,1,1,4831,324380,0,7881286,true,false,0.09250106482854815
after,sp500,standard,591,20,2,0,0,0,456128,0,1472741,false,false,0.1785367776883178
after,sp500,standard,592,20,4,1,1,87372,626304,0,2767585,false,false,0.16051652515883943
after,sp500,standard,593,20,3,1,1,63869,527063,1,3194047,true,false,0.05848319687242705
after,sp500,standard,594,20,3,3,3,246409,551437,0,938874,false,false,0.12126738130645161
after,sp500,standard,595,20,2,0,0,0,212594,0,3253557,true,false,0.16035739592032347
after,sp500,standard,596,20,1,0,0,0,189011,0,17319443,true,false,0.10745549040254698
after,sp500,standard,597,20,3,1,1,86807,454861,0,2238192,false,false,0.09716688753457922
after,sp500,standard,598,20,2,1,1,5532,364577,0,1878527,false,false,0.16209656976480297
after,sp500,standard,599,20,2,0,0,0,373013,0,5603570,true,false,0.12216591858919386
after,sp500,invest,0,20,2,2,2,327744,354389,0,2741131,false,false,0.03007265930922769
after,sp500,invest,1,20,2,2,2,338832,406624,0,5886359,true,false,0.026109576177608628
after,sp500,invest,2,20,2,2,2,416992,433703,0,4641967,true,false,0.025191272877425386
after,sp500,invest,3,20,2,2,2,381353,403898,0,2008359,false,false,0.020663567309047774
after,sp500,invest,4,20,1,1,1,52606,65106,0,2879278,false,false,0.024565266449501362
after,sp500,invest,5,20,2,2,2,193747,205208,0,2666868,false,false,0.025255417461318642
after,sp500,invest,6,20,3,3,3,331175,383675,0,1223621,false,false,0.016231485037021785
after,sp500,invest,7,14,4,4,4,292385,343635,1,0,false,true,0.06053986915402758
after,sp500,invest,8,20,1,1,1,246102,260980,0,1296710,false,false,0.034198204902164304
after,sp500,invest,9,20,2,2,2,391431,409604,0,2466320,false,false,0.01992714091130893
after,sp500,invest,10,20,2,2,2,242699,250881,0,1587034,false,false,0.03713544919436617
after,sp500,invest,11,20,3,3,3,501452,539028,0,535384,false,false,0.051631816733980915
after,sp500,invest,12,20,2,2,2,387376,413110,0,724489,false,false,0.024632160945508415
after,sp500,invest,13,20,2,2,2,282346,298682,0,4416705,true,false,0.02476386753087582
after,sp500,invest,14,20,2,2,2,203517,257655,0,1267290,false,false,0.034151885608469365
after,sp500,invest,15,20,1,1,1,202502,223234,0,1785797,false,false,0.02521948071818291
after,sp500,invest,16,20,3,3,3,441187,469698,0,1246194,false,false,0.025324281343568456
after,sp500,invest,17,20,2,2,2,340269,347546,0,4145056,true,false,0.0206041812256196
after,sp500,invest,18,20,5,5,5,714165,799395,0,1889153,false,false,0.018957506818321996
after,sp500,invest,19,20,3,3,3,700309,728554,0,3126776,true,false,0.016575904440744006
after,sp500,invest,20,20,2,2,2,221294,233172,0,846012,false,false,0.040954148004561534
after,sp500,invest,21,20,4,3,3,403136,512632,0,3262257,true,false,0.027304197215809678
after,sp500,invest,22,20,4,4,4,551322,580073,0,1078111,false,false,0.016622544660778647
after,sp500,invest,23,20,2,2,2,395232,419388,0,2212766,false,false,0.02209548478524758
after,sp500,invest,24,20,4,3,3,426323,583684,0,3395893,true,false,0.024457101179285626
after,sp500,invest,25,20,1,1,1,119868,123149,0,1701134,false,false,0.0257368178666685
after,sp500,invest,26,20,1,1,1,51343,54468,0,1091444,false,false,0.05828711279535752
after,sp500,invest,27,20,1,1,1,69825,71231,0,1127097,false,false,0.024396554732080224
after,sp500,invest,28,20,2,2,2,323785,343824,0,918578,false,false,0.0200426395040249
after,sp500,invest,29,20,2,2,2,322040,336240,0,2485711,false,false,0.02333183818487717
after,sp500,invest,30,20,1,1,1,121714,178709,0,3212550,true,false,0.024646317561887496
after,sp500,invest,31,20,2,2,2,295653,304567,0,2135863,false,false,0.02231393844265261
after,sp500,invest,32,20,4,4,4,662936,711561,0,466409,false,false,0.05029557510372336
after,sp500,invest,33,20,0,0,0,0,0,0,1603602,false,false,0.02515184044278738
after,sp500,invest,34,20,1,1,1,269583,282134,0,1748198,false,false,0.018851810321140076
after,sp500,invest,35,20,2,2,2,286469,302772,0,1927324,false,false,0.022867213588152406
after,sp500,invest,36,20,1,1,1,97301,100426,0,2312648,false,false,0.02351676462878743
after,sp500,invest,37,20,2,2,2,226452,237934,0,1108463,false,false,0.021585123156872058
after,sp500,invest,38,20,4,4,4,710023,787217,0,1817206,false,false,0.026324298463069367
after,sp500,invest,39,20,2,2,2,379674,402158,0,947603,false,false,0.05006401827888908
after,sp500,invest,40,20,3,3,3,670156,723950,0,4053895,true,false,0.022829160208163383
after,sp500,invest,41,20,2,1,1,134839,218430,0,2152013,false,false,0.02950662738731776
after,sp500,invest,42,20,2,2,2,255897,295580,0,1420773,false,false,0.02591674825993463
after,sp500,invest,43,20,3,3,3,533317,568197,0,1656355,false,false,0.02342127039859363
after,sp500,invest,44,20,3,3,3,661123,692790,1,3328759,true,false,0.016796449398193896
after,sp500,invest,45,20,4,4,4,486549,499244,0,253940,false,false,0.07958755716506913
after,sp500,invest,46,20,3,3,3,465064,487584,0,154994,false,false,0.060509720499917055
after,sp500,invest,47,20,3,3,3,366471,432827,0,1489573,false,false,0.026739286780031873
after,sp500,invest,48,20,2,2,2,312338,324035,0,1410882,false,false,0.026137372615716258
after,sp500,invest,49,20,3,3,3,462917,479633,0,392943,false,false,0.04657084687968087
after,sp500,invest,50,20,3,3,3,542165,578982,1,2760607,false,false,0.02042252314084256
after,sp500,invest,51,20,2,2,2,332837,369848,1,3952067,true,false,0.019824595353158316
after,sp500,invest,52,20,3,3,3,403264,483070,0,1537902,false,false,0.030778853755445597
after,sp500,invest,53,20,3,2,2,535719,681889,0,1814710,false,false,0.022984962900293247
after,sp500,invest,54,20,2,2,2,163370,175870,0,3546025,true,false,0.021619747389750286
after,sp500,invest,55,20,3,3,3,434482,453563,0,579373,false,false,0.05631881378177931
after,sp500,invest,56,20,2,2,2,284602,330184,0,3494363,true,false,0.019021179924380197
after,sp500,invest,57,20,0,0,0,0,0,0,1697137,false,false,0.03590127650038548
after,sp500,invest,58,20,3,3,3,439447,463516,0,1357594,false,false,0.026895730889320246
after,sp500,invest,59,20,2,2,2,210043,266757,0,4566490,true,false,0.02529951746351241
after,sp500,invest,60,20,4,4,4,449041,592028,0,5450014,true,false,0.02637188154870938
after,sp500,invest,61,20,5,4,4,481534,699727,0,4131791,true,false,0.022728644367795182
after,sp500,invest,62,20,1,1,1,130984,134109,0,2804704,false,false,0.03277617191880521
after,sp500,invest,63,20,1,1,1,158718,165740,0,1577708,false,false,0.03732813821702531
after,sp500,invest,64,20,2,2,2,304468,335547,0,8718910,true,false,0.027567772418784813
after,sp500,invest,65,20,4,4,4,616714,656197,1,2237201,false,false,0.029037120994401016
after,sp500,invest,66,20,1,1,1,145114,148447,0,1667631,false,false,0.023861626260681494
after,sp500,invest,67,20,3,3,3,272284,332196,0,176576,false,false,0.1291031946319406
after,sp500,invest,68,20,2,2,2,412737,480680,0,5162366,true,false,0.023068129383040405
after,sp500,invest,69,20,3,3,3,584547,647571,0,2011985,false,false,0.026567257395546696
after,sp500,invest,70,20,2,2,2,309574,319275,0,1414783,false,false,0.03059758888527196
after,sp500,invest,71,20,5,5,5,553927,578146,0,1098822,false,false,0.03231908807628842
after,sp500,invest,72,20,3,3,3,421400,466363,0,5785307,true,false,0.020233837817358262
after,sp500,invest,73,20,2,2,2,150771,163938,0,1410425,false,false,0.02558489339145627
after,sp500,invest,74,20,3,3,3,439558,515052,0,358091,false,false,0.031585142927593776
after,sp500,invest,75,20,2,2,2,211572,239119,0,1740633,false,false,0.02918376685216207
after,sp500,invest,76,20,3,3,3,467207,543810,0,1946426,false,false,0.027522821795030523
after,sp500,invest,77,20,3,3,3,405780,465577,0,2528882,false,false,0.02730854000203926
after,sp500,invest,78,20,1,1,1,161094,184055,0,5144799,true,false,0.01952161249772542
after,sp500,invest,79,20,2,2,2,238368,250865,0,464896,false,false,0.046223201942617004
after,sp500,invest,80,20,2,2,2,328632,371442,0,759671,false,false,0.04679970693641036
after,sp500,invest,81,20,4,4,4,658321,783258,0,4137350,true,false,0.018996908044068866
after,sp500,invest,82,20,3,2,2,433233,528225,0,650709,false,false,0.04343819719518669
after,sp500,invest,83,20,3,3,3,645156,688301,0,3956410,true,false,0.020342102681546882
after,sp500,invest,84,20,3,3,3,390315,428728,0,3894691,true,false,0.02058626045168985
after,sp500,invest,85,20,3,3,3,568414,595857,0,823480,false,false,0.03614723438749144
after,sp500,invest,86,20,2,2,2,313722,336357,0,2665315,false,false,0.02226511020008571
after,sp500,invest,87,20,2,2,2,254362,278341,0,1590856,false,false,0.026986662510551797
after,sp500,invest,88,20,2,2,2,237774,308783,0,5790497,true,false,0.01490188886606846
after,sp500,invest,89,20,2,2,2,319275,334806,0,1531203,false,false,0.03542494908150554
after,sp500,invest,90,20,2,2,2,196278,202743,0,4315291,true,false,0.03557178277492156
after,sp500,invest,91,20,2,2,2,206450,262700,0,1336879,false,false,0.036283019536082525
after,sp500,invest,92,20,3,3,3,334281,377349,0,803020,false,false,0.029523124684853318
after,sp500,invest,93,20,1,1,1,142510,145948,0,489004,false,false,0.03854073794822042
after,sp500,invest,94,20,3,3,3,534760,553194,0,1429500,false,false,0.026215214777961786
after,sp500,invest,95,20,1,1,1,5113,55113,0,5593423,true,false,0.017566155558579346
after,sp500,invest,96,20,1,1,1,63774,113774,0,1653230,false,false,0.029963638621882626
after,sp500,invest,97,20,2,2,2,400527,437661,0,2759780,false,false,0.02244424502476529
after,sp500,invest,98,20,3,3,3,546243,576659,0,990419,false,false,0.04224587616323958
after,sp500,invest,99,20,2,2,2,170970,232167,0,1153657,false,false,0.031007442157650084
after,sp500,invest,100,20,4,4,4,739311,822248,0,2617904,false,false,0.02864039427390863
after,sp500,invest,101,20,4,4,4,818810,858314,0,1573332,false,false,0.020243072383133713
after,sp500,invest,102,20,3,3,3,501097,517032,0,803035,false,false,0.050006938237678676
after,sp500,invest,103,20,3,3,3,379986,410965,0,1083661,false,false,0.028285376898348553
after,sp500,invest,104,20,3,3,3,551647,598155,0,2115658,false,false,0.023585535664369293
after,sp500,invest,105,20,4,3,3,504143,641146,0,2853647,false,false,0.02470054590902193
after,sp500,invest,106,20,2,2,2,301636,310416,0,1650443,false,false,0.03264559066968813
after,sp500,invest,107,20,2,2,2,367263,383757,0,1198344,false,false,0.02312854693461745
after,sp500,invest,108,20,1,1,1,65525,115525,0,3101088,true,false,0.02093950344845346
after,sp500,invest,109,20,2,2,2,395770,418405,0,2840841,false,false,0.03570672056080368
after,sp500,invest,110,20,1,1,1,75708,100161,0,3432390,true,false,0.023370116197372455
after,sp500,invest,111,20,2,2,2,286203,305127,0,2269199,false,false,0.020092021486373852
after,sp500,invest,112,20,2,2,2,464234,484350,0,3940930,true,false,0.014720609957492331
after,sp500,invest,113,20,2,2,2,252630,271211,0,509515,false,false,0.04918751861939743
after,sp500,invest,114,20,3,3,3,533037,562205,0,3483154,true,false,0.014337985752546415
after,sp500,invest,115,20,1,1,1,127844,131164,0,589967,false,false,0.041179037242389985
after,sp500,invest,116,20,2,2,2,440295,461928,0,1655490,false,false,0.028981706246176943
after,sp500,invest,117,20,2,2,2,199116,252241,0,929330,false,false,0.030074932737620325
after,sp500,invest,118,20,3,3,3,355639,360117,0,134149,false,false,0.03726167376942605
after,sp500,invest,119,20,2,2,2,236686,298901,0,8356784,true,false,0.025672642274659607
after,sp500,invest,120,20,2,2,2,321188,344740,0,2508456,false,false,0.034738957866277856
after,sp500,invest,121,20,2,2,2,313059,323523,1,2256996,false,false,0.019102810277285633
after,sp500,invest,122,20,3,3,3,528879,583674,0,5182732,true,false,0.01881130418692879
after,sp500,invest,123,20,1,1,1,184187,191166,0,758597,false,false,0.05183912305253603
after,sp500,invest,124,20,1,1,1,253632,265222,0,1563345,false,false,0.03667813576742864
after,sp500,invest,125,20,1,1,1,185083,211963,0,3638824,true,false,0.024689236827436345
after,sp500,invest,126,20,1,1,1,100522,103025,0,2488101,false,false,0.02242139874644068
after,sp500,invest,127,20,1,1,1,109021,109880,0,2712088,false,false,0.02448380325725409
after,sp500,invest,128,20,3,3,3,213759,269205,0,1035328,false,false,0.030018127818861134
after,sp500,invest,129,20,2,2,2,294886,333891,0,315697,false,false,0.04814230497798379
after,sp500,invest,130,20,1,1,1,151034,169098,0,1876500,false,false,0.02389675089874361
after,sp500,invest,131,20,2,2,2,327252,342838,0,844805,false,false,0.023010106345735665
after,sp500,invest,132,20,2,2,2,381471,397266,0,847300,false,false,0.0349146203098935
after,sp500,invest,133,20,1,1,1,108977,117004,0,2233336,false,false,0.03682483562940943
after,sp500,invest,134,20,2,2,2,240726,250689,1,1983038,false,false,0.025870014962683513
after,sp500,invest,135,20,2,2,2,589665,647234,0,3539387,true,false,0.017723750537920736
after,sp500,invest,136,20,4,4,4,795035,843720,0,1343619,false,false,0.022725623749589273
after,sp500,invest,137,20,3,3,3,770139,840224,0,4300526,true,false,0.01876675653562426
after,sp500,invest,138,20,1,1,1,132813,225342,0,5888591,true,false,0.019351392830846418
after,sp500,invest,139,20,1,1,1,341486,349819,0,4955861,true,false,0.016919381629009682
after,sp500,invest,140,20,3,3,3,286713,403374,0,6742637,true,false,0.017475355433299145
after,sp500,invest,141,19,6,5,5,611769,763490,0,0,false,true,0.09818640681974163
after,sp500,invest,142,20,3,3,3,336022,339147,0,887674,false,false,0.017689042999215785
after,sp500,invest,143,20,2,2,2,329657,345672,0,1035997,false,false,0.02751057348633369
after,sp500,invest,144,20,5,5,5,565538,636822,0,251539,false,false,0.04030337253747721
after,sp500,invest,145,20,2,2,2,286703,296444,1,7233095,true,false,0.017081342412232838
after,sp500,invest,146,20,3,3,3,528896,549578,0,2420022,false,false,0.028867926444232687
after,sp500,invest,147,20,3,3,3,377538,418397,0,2131315,false,false,0.01918971095425463
after,sp500,invest,148,20,5,5,5,646208,719204,0,793055,false,false,0.020228381583439974
after,sp500,invest,149,20,4,3,3,579794,674661,0,2465850,false,false,0.029507938702851982
after,sp500,invest,150,20,2,2,2,254168,263508,0,1481369,false,false,0.018651731946971666
after,sp500,invest,151,20,4,4,4,528652,566901,0,1330290,false,false,0.02922421319441214
after,sp500,invest,152,20,1,1,1,161045,171939,0,754563,false,false,0.04578233708819143
after,sp500,invest,153,20,2,2,2,388344,395478,0,2079780,false,false,0.02170940088342697
after,sp500,invest,154,20,3,3,3,469791,580588,0,12700416,true,false,0.018602931576945446
after,sp500,invest,155,20,2,2,2,569711,603941,0,3583437,true,false,0.03719019500900119
after,sp500,invest,156,20,3,3,3,595589,668629,0,3563999,true,false,0.024575663202801787
after,sp500,invest,157,20,3,3,3,340287,364130,0,1005047,false,false,0.043266730207898986
after,sp500,invest,158,20,4,4,4,688458,721529,0,1125196,false,false,0.025163467603588306
after,sp500,invest,159,20,2,2,2,282498,289109,0,1111144,false,false,0.0371094949624556
after,sp500,invest,160,20,3,3,3,369450,385257,1,831775,false,false,0.03220118798101795
after,sp500,invest,161,20,1,1,1,233593,240229,0,2255853,false,false,0.03960224337533809
after,sp500,invest,162,20,1,1,1,104718,110385,0,3780716,true,false,0.02733051834334827
after,sp500,invest,163,20,0,0,0,0,0,0,9704799,true,false,0.020898087819379393
after,sp500,invest,164,20,3,3,3,404303,418437,0,2438717,false,false,0.026758157307757224
after,sp500,invest,165,20,2,2,2,217935,261847,0,1324585,false,false,0.03912996737685238
after,sp500,invest,166,15,3,3,3,319095,330242,0,0,false,true,0.06541112822986692
after,sp500,invest,167,20,2,2,2,287763,297753,0,917295,false,false,0.026308712277052764
after,sp500,invest,168,20,2,2,2,471804,501961,0,5805529,true,false,0.02246058030641299
after,sp500,invest,169,20,2,2,2,485886,517852,0,2574853,false,false,0.03893157551430697
after,sp500,invest,170,20,3,2,2,309551,419577,0,2767796,false,false,0.02564754020372716
after,sp500,invest,171,20,1,1,1,240677,273587,0,4942688,true,false,0.02508790227131209
after,sp500,invest,172,20,1,1,1,234182,257955,0,4908371,true,false,0.025241876203067004
after,sp500,invest,173,20,2,2,2,193590,203540,0,1005457,false,false,0.02657053631683399
after,sp500,invest,174,20,4,4,4,576040,622556,0,890457,false,false,0.025191682992596203
after,sp500,invest,175,20,3,3,3,489263,547974,0,480971,false,false,0.03687966705455974
after,sp500,invest,176,20,4,4,4,717382,742398,0,1212070,false,false,0.021470875371904386
after,sp500,invest,177,20,3,3,3,414493,448984,0,1606330,false,false,0.022469594294677146
after,sp500,invest,178,20,4,4,4,729641,743059,0,295419,false,false,0.03766363421163876
after,sp500,invest,179,20,4,4,4,656020,689553,0,245147,false,false,0.04146488472536606
after,sp500,invest,180,20,2,2,2,524459,569539,0,2954967,false,false,0.02071802440921445
after,sp500,invest,181,20,3,3,3,622762,720417,0,5438866,true,false,0.016011574273741808
after,sp500,invest,182,20,2,2,2,434559,455297,0,4993126,true,false,0.016045619074171305
after,sp500,invest,183,20,3,3,3,378367,411095,0,1678763,false,false,0.028278721211510538
after,sp500,invest,184,19,4,4,4,476936,510217,0,0,false,true,0.06925509205598962
after,sp500,invest,185,20,3,3,3,521493,546734,0,3998686,true,false,0.01848876040534397
after,sp500,invest,186,20,3,3,3,601552,634369,0,918819,false,false,0.025358083161284926
after,sp500,invest,187,20,2,2,2,331470,352270,0,2239399,false,false,0.029031179782103463
after,sp500,invest,188,20,2,2,2,271032,330475,0,641759,false,false,0.03924472289736079
after,sp500,invest,189,20,3,3,3,434480,459133,1,1465752,false,false,0.0422927000698854
after,sp500,invest,190,20,3,3,3,563645,587684,0,1261856,false,false,0.030738877611969175
after,sp500,invest,191,20,3,3,3,582863,609829,0,1153668,false,false,0.02399266055949369
after,sp500,invest,192,20,1,1,1,265503,272324,0,680418,false,false,0.02472319989687605
after,sp500,invest,193,20,3,3,3,399469,470404,0,1627908,false,false,0.019824831820495624
after,sp500,invest,194,20,2,2,2,433303,454213,0,1862765,false,false,0.0415282895287433
after,sp500,invest,195,20,3,3,3,427240,446260,0,1272155,false,false,0.026751191870680768
after,sp500,invest,196,20,5,5,5,717274,778611,0,967149,false,false,0.039217345216411716
after,sp500,invest,197,20,3,3,3,322901,404947,0,5531241,true,false,0.015148992277770616
after,sp500,invest,198,20,2,2,2,225684,238583,0,116278,false,false,0.08195541100153814
after,sp500,invest,199,20,4,4,4,285408,371829,0,644583,false,false,0.033917750114519134
after,sp500,invest,200,20,3,3,3,357245,370303,0,1763665,false,false,0.021588100369410453
after,sp500,invest,201,20,2,2,2,234764,267708,1,2410143,false,false,0.025199331513745992
after,sp500,invest,202,20,3,3,3,397200,481735,0,5794614,true,false,0.017540946109402208
after,sp500,invest,203,20,3,3,3,628204,666602,0,836037,false,false,0.045123433078401595
after,sp500,invest,204,20,1,1,1,73625,73820,0,1908459,false,false,0.021347767792826062
after,sp500,invest,205,20,2,2,2,285504,339723,0,3974519,true,false,0.020035065577908923
after,sp500,invest,206,20,2,2,2,289348,293585,0,2765644,false,false,0.018752965454678
after,sp500,invest,207,20,4,4,4,705483,778216,0,2654830,false,false,0.023554750780587795
after,sp500,invest,208,20,2,2,2,126675,206434,0,7785171,true,false,0.0231530082739402
after,sp500,invest,209,20,1,1,1,187821,199231,0,3085074,true,false,0.028504800985342728
after,sp500,invest,210,20,2,2,2,407724,414402,0,330811,false,false,0.060035665300718875
after,sp500,invest,211,20,3,3,3,360421,382269,0,134251,false,false,0.05254980374295979
after,sp500,invest,212,20,3,3,3,606322,637993,0,3179496,true,false,0.03292985000386948
after,sp500,invest,213,20,3,3,3,447514,468013,0,739455,false,false,0.0403211129321991
after,sp500,invest,214,20,5,5,5,696013,723551,0,1502260,false,false,0.026787464597070758
after,sp500,invest,215,20,2,2,2,301495,334833,0,3735926,true,false,0.02926428197510795
after,sp500,invest,216,20,3,3,3,308093,339916,1,657269,false,false,0.05519939572468753
after,sp500,invest,217,20,3,3,3,440956,479442,0,2933190,false,false,0.01955924042107495
after,sp500,invest,218,20,2,2,2,229762,245543,0,2620038,false,false,0.02108533468517
after,sp500,invest,219,20,2,2,2,78586,136026,1,1194829,false,false,0.027053849550220853
after,sp500,invest,220,20,3,3,3,751298,837673,0,4007291,true,false,0.03154962427168646
after,sp500,invest,221,20,3,3,3,346654,374294,1,1799573,false,false,0.022618204729505285
after,sp500,invest,222,20,3,3,3,450676,530754,0,1489068,false,false,0.02425008126614277
after,sp500,invest,223,20,2,2,2,274440,338100,0,2858391,false,false,0.021390228309880747
after,sp500,invest,224,20,3,3,3,488009,527138,0,772897,false,false,0.02518445484494834
after,sp500,invest,225,20,3,3,3,481512,551316,0,5535057,true,false,0.032924621475228885
after,sp500,invest,226,20,2,2,2,196436,203960,0,4128004,true,false,0.022879219380501744
after,sp500,invest,227,20,3,3,3,468222,487704,0,1973475,false,false,0.02335839048053575
after,sp500,invest,228,20,1,1,1,264037,280659,0,1750414,false,false,0.030290224690263396
after,sp500,invest,229,20,3,3,3,323925,338613,0,561316,false,false,0.04265686290803772
after,sp500,invest,230,20,2,2,2,452596,462544,0,1105608,false,false,0.023276127287180426
after,sp500,invest,231,20,3,3,3,546774,581309,0,2695737,false,false,0.030038639390762695
after,sp500,invest,232,20,4,4,4,781735,847834,0,1132500,false,false,0.029217047376539806
after,sp500,invest,233,20,1,1,1,118877,124780,0,1239189,false,false,0.029440752411855824
after,sp500,invest,234,20,2,2,2,227535,241477,0,2114247,false,false,0.01948031460180485
after,sp500,invest,235,20,3,3,3,375664,444718,0,1004127,false,false,0.02731511403519301
after,sp500,invest,236,20,0,0,0,0,0,0,1502379,false,false,0.054713163511336496
after,sp500,invest,237,20,2,2,2,327435,347536,0,2726223,false,false,0.020904266992263824
after,sp500,invest,238,20,3,3,3,697812,712862,0,526723,false,false,0.026858870846532074
after,sp500,invest,239,20,1,1,1,127189,131601,0,546034,false,false,0.0648065408616152
after,sp500,invest,240,20,1,1,1,296626,318427,0,3488499,true,false,0.02320995872550266
after,sp500,invest,241,20,1,1,1,136396,150088,0,2529039,false,false,0.02304745407219536
after,sp500,invest,242,20,3,3,3,363645,406777,0,543105,false,false,0.051986521805311804
after,sp500,invest,243,20,4,4,4,724467,782703,0,1158136,false,false,0.042529621107599246
after,sp500,invest,244,20,2,2,2,201355,254688,0,1196573,false,false,0.022790676637692703
after,sp500,invest,245,20,3,3,3,577803,612836,0,3179425,true,false,0.028874017502990186
after,sp500,invest,246,20,2,2,2,325086,336121,0,1152923,false,false,0.026521673648220268
after,sp500,invest,247,20,3,3,3,485214,512397,0,1155928,false,false,0.04034575092605376
after,sp500,invest,248,20,1,1,1,235110,257386,0,3378524,true,false,0.026971208913585315
after,sp500,invest,249,20,4,4,4,599070,680131,1,1803587,false,false,0.028125126604376133
after,sp500,invest,250,20,2,2,2,328012,357214,0,2870609,false,false,0.028975943124062063
after,sp500,invest,251,20,6,6,6,831319,848181,0,94715,false,false,0.051004515084459
after,sp500,invest,252,20,3,3,3,309959,319334,0,683788,false,false,0.03254085035273221
after,sp500,invest,253,20,0,0,0,0,0,0,2214509,false,false,0.023495773099329452
after,sp500,invest,254,20,2,2,2,158482,182451,0,3746308,true,false,0.020982848344478753
after,sp500,invest,255,20,1,1,1,170774,186612,0,2621071,false,false,0.02488760987595956
after,sp500,invest,256,20,3,3,3,532520,571790,0,2159228,false,false,0.026987078211804606
after,sp500,invest,257,20,2,2,2,178719,239580,0,2308434,false,false,0.01421424425929638
after,sp500,invest,258,20,4,4,4,581621,631285,0,2547407,false,false,0.029708394617103784
after,sp500,invest,259,20,2,2,2,412090,461671,0,6969885,true,false,0.025397968201708643
after,sp500,invest,260,20,3,3,3,666896,706453,0,1430956,false,false,0.020302089962480077
after,sp500,invest,261,20,4,4,4,518368,549068,0,1198061,false,false,0.02159260872925589
after,sp500,invest,262,20,2,2,2,343164,373278,0,2109393,false,false,0.021521059545780905
after,sp500,invest,263,20,4,4,4,593320,615721,0,597906,false,false,0.030631731719591195
after,sp500,invest,264,20,2,2,2,295265,326881,0,848884,false,false,0.030578365183552274
after,sp500,invest,265,20,5,5,5,834150,873362,0,1295315,false,false,0.027817539109954336
after,sp500,invest,266,20,2,2,2,203461,226688,0,403064,false,false,0.034770513785966795
after,sp500,invest,267,20,3,3,3,450504,488884,0,1702509,false,false,0.025299822650100095
after,sp500,invest,268,20,3,3,3,266906,288571,0,12739227,true,false,0.017772787430790454
after,sp500,invest,269,20,4,4,4,803081,854664,0,2953009,false,false,0.020099567460421644
after,sp500,invest,270,20,3,2,2,141810,230129,0,4900694,true,false,0.02767471136063652
after,sp500,invest,271,20,2,2,2,163513,176013,0,2591609,false,false,0.024137096228135823
after,sp500,invest,272,20,1,1,1,154747,178225,0,3679961,true,false,0.022721962587598503
after,sp500,invest,273,20,3,3,3,333760,418317,0,2566797,false,false,0.022789507148972495
after,sp500,invest,274,20,1,1,1,120228,128096,0,1307099,false,false,0.03098467053726705
after,sp500,invest,275,20,1,1,1,109886,123334,0,843824,false,false,0.05697332688683722
after,sp500,invest,276,20,3,3,3,639680,673101,0,2164295,false,false,0.01804144587357879
after,sp500,invest,277,20,3,3,3,289335,343425,0,1138179,false,false,0.017620111836030333
after,sp500,invest,278,20,2,2,2,264640,297658,0,1221848,false,false,0.02449607624760146
after,sp500,invest,279,20,3,3,3,634156,653276,0,3147590,true,false,0.022718289594494196
after,sp500,invest,280,20,3,3,3,368867,385978,0,622200,false,false,0.03537469127703993
after,sp500,invest,281,20,2,2,2,340820,392485,0,3894921,true,false,0.021463239815085196
after,sp500,invest,282,20,2,2,2,145877,158377,0,7456458,true,false,0.01535423994443442
after,sp500,invest,283,20,5,5,5,825478,855836,0,405252,false,false,0.03167448659075871
after,sp500,invest,284,20,3,3,3,197159,252784,0,534712,false,false,0.04944648946576722
after,sp500,invest,285,20,4,4,4,525730,569604,0,2314772,false,false,0.01939400557507727
after,sp500,invest,286,20,2,2,2,252791,280777,0,2673683,false,false,0.037655573919981464
after,sp500,invest,287,20,2,2,2,188915,205810,0,1432284,false,false,0.028847335012182562
after,sp500,invest,288,20,1,1,1,148838,155505,0,2319923,false,false,0.03501564280924792
after,sp500,invest,289,20,3,3,3,383995,419555,0,3867352,true,false,0.02389212867146529
after,sp500,invest,290,20,3,3,3,427141,460287,0,2286665,false,false,0.018932617191735453
after,sp500,invest,291,20,4,4,4,497649,567881,0,527710,false,false,0.021772920966631904
after,sp500,invest,292,20,3,3,3,351915,372887,0,256865,false,false,0.03733072643732477
after,sp500,invest,293,20,2,2,2,200620,225344,0,6977599,true,false,0.017963578713105867
after,sp500,invest,294,20,3,3,3,392489,467136,0,1982564,false,false,0.033178677721073406
after,sp500,invest,295,20,2,1,1,43632,149062,0,1121500,false,false,0.035958400846552954
after,sp500,invest,296,20,4,4,4,575631,639077,1,2584701,false,false,0.018684981651163852
after,sp500,invest,297,20,2,2,2,256476,263712,0,1292687,false,false,0.039196658871283006
after,sp500,invest,298,20,2,2,2,257296,273183,0,6835657,true,false,0.01735328103738315
after,sp500,invest,299,20,5,5,5,838885,859316,0,1035157,false,false,0.02431584017685796
after,sp500,invest,300,20,2,2,2,264129,329847,0,1308847,false,false,0.026707825140548525
after,sp500,invest,301,20,3,3,3,499860,523970,0,2439514,false,false,0.021347781506097945
after,sp500,invest,302,20,3,3,3,452801,489715,0,1088681,false,false,0.023891894091638936
after,sp500,invest,303,20,3,3,3,360247,364548,0,840943,false,false,0.023344279280970718
after,sp500,invest,304,20,2,2,2,402691,432975,1,5938389,true,false,0.01973553396714968
after,sp500,invest,305,20,2,2,2,286255,292710,0,6787632,true,false,0.018245609617559503
after,sp500,invest,306,20,1,1,1,48325,57347,0,2801529,false,false,0.023376555786076635
after,sp500,invest,307,20,2,2,2,177031,186135,0,2215733,false,false,0.0180637513229552
after,sp500,invest,308,20,5,5,5,654190,727837,0,1320891,false,false,0.027866223266891022
after,sp500,invest,309,20,4,4,4,839732,1003457,0,11348512,true,false,0.019028062423163246
after,sp500,invest,310,20,4,4,4,885067,911785,0,370947,false,false,0.02270674323434406
after,sp500,invest,311,20,2,2,2,310845,332686,0,865659,false,false,0.03296784744146326
after,sp500,invest,312,20,2,2,2,519158,544026,0,859475,false,false,0.025727905739936413
after,sp500,invest,313,20,3,3,3,359173,430354,0,2703239,false,false,0.023706276638802388
after,sp500,invest,314,20,3,3,3,371972,433175,0,1670545,false,false,0.028284257611602033
after,sp500,invest,315,20,0,0,0,0,0,0,2188305,false,false,0.022826905130524038
after,sp500,invest,316,20,2,2,2,593740,608738,0,2905355,false,false,0.02375045192783098
after,sp500,invest,317,20,2,2,2,316741,335337,0,962262,false,false,0.039391392063570355
after,sp500,invest,318,20,2,2,2,261726,268262,0,766169,false,false,0.053006763748972084
after,sp500,invest,319,20,2,2,2,276941,287614,0,1837090,false,false,0.02238631330701184
after,sp500,invest,320,20,4,4,4,576657,592790,0,741638,false,false,0.031128848935790647
after,sp500,invest,321,20,4,4,4,269475,350059,0,8244006,true,false,0.016918177211414955
after,sp500,invest,322,20,4,3,3,689920,840391,0,4190933,true,false,0.01853183037724039
after,sp500,invest,323,20,2,2,2,231911,242494,0,2314376,false,false,0.02976331425160748
after,sp500,invest,324,20,3,3,3,458838,519869,0,2925981,false,false,0.02269197161034503
after,sp500,invest,325,20,1,1,1,101339,101407,0,4381061,true,false,0.018026970361537716
after,sp500,invest,326,20,2,2,2,208295,220729,0,1021976,false,false,0.04625072285632713
after,sp500,invest,327,20,1,1,1,175221,178541,0,1244681,false,false,0.0387265425135872
after,sp500,invest,328,20,3,3,3,535840,558057,0,924850,false,false,0.030009027263356886
after,sp500,invest,329,20,2,2,2,323251,336486,0,2049505,false,false,0.03382112960466672
after,sp500,invest,330,20,2,2,2,398683,419321,0,1926810,false,false,0.029902351992200184
after,sp500,invest,331,20,2,2,2,332828,346401,0,534269,false,false,0.03138027532818422
after,sp500,invest,332,20,3,3,3,508891,533513,0,976465,false,false,0.03684622288393994
after,sp500,invest,333,20,1,1,1,100875,104000,0,1497875,false,false,0.032374684796275824
after,sp500,invest,334,20,3,3,3,721993,743934,0,2202193,false,false,0.03377939621509203
after,sp500,invest,335,20,4,4,4,784554,968653,0,4227960,true,false,0.02143316124783567
after,sp500,invest,336,20,1,1,1,119850,133764,0,3792224,true,false,0.0241291046684788
after,sp500,invest,337,20,3,3,3,398738,442251,0,1144876,false,false,0.021508751947952272
after,sp500,invest,338,20,4,4,4,528880,575377,1,1492650,false,false,0.025980156605273707
after,sp500,invest,339,20,1,1,1,152442,172941,0,3935988,true,false,0.021615104923309574
after,sp500,invest,340,20,1,1,1,160111,170432,0,1342979,false,false,0.03301616970456472
after,sp500,invest,341,20,2,2,2,318148,337248,0,1969222,false,false,0.03107185042691109
after,sp500,invest,342,20,1,1,1,152773,158943,0,1552076,false,false,0.02980721979278018
after,sp500,invest,343,20,3,3,3,215234,305900,0,6444600,true,false,0.026175832280707377
after,sp500,invest,344,20,4,4,4,445815,545075,0,3692355,true,false,0.020585126466769743
after,sp500,invest,345,20,3,3,3,269628,292306,1,3307858,true,false,0.01792458710295993
after,sp500,invest,346,20,3,3,3,570345,594134,0,572931,false,false,0.02395017062566071
after,sp500,invest,347,20,4,3,3,370956,498816,0,1475505,false,false,0.02608413416655021
after,sp500,invest,348,20,4,4,4,584831,667039,0,209466,false,false,0.06690785764870197
after,sp500,invest,349,20,3,3,3,201699,268016,0,540277,false,false,0.02449353664953412
after,sp500,invest,350,20,3,3,3,541376,562090,0,1600802,false,false,0.027746837020969674
after,sp500,invest,351,20,2,2,2,287053,310899,0,1936486,false,false,0.044046354150894876
after,sp500,invest,352,20,4,4,4,450406,461919,0,796373,false,false,0.025908486335018986
after,sp500,invest,353,20,2,2,2,421646,496502,0,5766520,true,false,0.049278260357683665
after,sp500,invest,354,20,3,3,3,334789,346912,0,3336924,true,false,0.020525924534505267
after,sp500,invest,355,20,1,1,1,137442,140727,0,2457549,false,false,0.02275547776840137
after,sp500,invest,356,20,2,2,2,197028,202653,0,2932254,false,false,0.01854090610457654
after,sp500,invest,357,20,1,1,1,167924,191214,0,4198113,true,false,0.02821528327827223
after,sp500,invest,358,20,3,3,3,522211,550292,0,1416860,false,false,0.042444082372092296
after,sp500,invest,359,20,3,3,3,354198,368576,0,647019,false,false,0.039946953491246565
after,sp500,invest,360,20,3,3,3,593087,622215,0,2175557,false,false,0.025234802764606594
after,sp500,invest,361,20,5,5,5,737967,764444,0,963337,false,false,0.026823626020268693
after,sp500,invest,362,20,2,2,2,301188,348490,0,1362458,false,false,0.03694555666900444
after,sp500,invest,363,20,3,3,3,369221,395273,0,1616989,false,false,0.028092009022517996
after,sp500,invest,364,20,3,3,3,351213,387167,0,4175061,true,false,0.020124875326789513
after,sp500,invest,365,20,2,2,2,319959,361026,0,2440301,false,false,0.02361343921283272
after,sp500,invest,366,20,2,2,2,342676,372865,0,1407815,false,false,0.033700293903902556
after,sp500,invest,367,20,1,1,1,157799,167415,0,1943582,false,false,0.02521550272583325
after,sp500,invest,368,20,0,0,0,0,0,0,2412487,false,false,0.041426874606387894
after,sp500,invest,369,20,2,2,2,252581,263610,0,1574650,false,false,0.030606895659725675
after,sp500,invest,370,20,3,3,3,419515,509425,1,960347,false,false,0.029642081960973392
after,sp500,invest,371,20,2,2,2,282730,312189,1,2311014,false,false,0.025149696657198135
after,sp500,invest,372,20,2,2,2,378599,404034,0,739889,false,false,0.041205583839758295
after,sp500,invest,373,20,2,2,2,152394,232288,0,1843575,false,false,0.030508474449284378
after,sp500,invest,374,20,4,4,4,427236,450759,0,1895241,false,false,0.02153261026441234
after,sp500,invest,375,20,3,3,3,378868,478771,0,2152508,false,false,0.02564918449250257
after,sp500,invest,376,20,1,1,1,154383,173061,0,1864962,false,false,0.036410422104737994
after,sp500,invest,377,20,4,4,4,585344,608987,0,225650,false,false,0.08439248701514093
after,sp500,invest,378,20,2,2,2,441810,490609,0,2174722,false,false,0.021824519487913398
after,sp500,invest,379,20,3,2,2,436323,526882,0,6786511,true,false,0.028523254956509387
after,sp500,invest,380,20,4,4,4,560616,628259,0,297085,false,false,0.04161914537465785
after,sp500,invest,381,20,2,2,2,259592,290476,0,3130973,true,false,0.02854688174979137
after,sp500,invest,382,20,3,3,3,588689,640856,1,5782728,true,false,0.03080250603354238
after,sp500,invest,383,20,2,2,2,308346,328190,0,1901334,false,false,0.026913836425718447
after,sp500,invest,384,20,2,2,2,96895,159165,0,1183254,false,false,0.03284701024094961
after,sp500,invest,385,20,1,1,1,351873,366119,0,1166487,false,false,0.04181348751663922
after,sp500,invest,386,20,1,1,1,142365,161113,0,6656028,true,false,0.01764953198407599
after,sp500,invest,387,20,2,2,2,293624,307819,0,3517053,true,false,0.02993286675856736
after,sp500,invest,388,20,2,2,2,135400,187900,0,882332,false,false,0.03723105903115154
after,sp500,invest,389,20,2,2,2,320789,360523,0,1309639,false,false,0.035989576069145005
after,sp500,invest,390,20,2,2,2,306733,317050,0,445070,false,false,0.025554358450933685
after,sp500,invest,391,20,3,3,3,821457,881917,0,4865826,true,false,0.021764655305594075
after,sp500,invest,392,20,2,2,2,337670,342658,0,415154,false,false,0.04468447991510271
after,sp500,invest,393,20,4,4,4,430383,474399,0,713127,false,false,0.04400758857987886
after,sp500,invest,394,20,2,2,2,374096,435810,0,6317713,true,false,0.03240472190569901
after,sp500,invest,395,20,1,1,1,210772,219962,0,771961,false,false,0.041798767127528114
after,sp500,invest,396,20,1,1,1,116935,122811,0,525474,false,false,0.08843204945371133
after,sp500,invest,397,20,3,3,3,524446,545454,0,1325854,false,false,0.029049123229164652
after,sp500,invest,398,20,4,4,4,755683,791727,0,1582367,false,false,0.028306106272896148
after,sp500,invest,399,20,3,3,3,409753,433027,0,1029582,false,false,0.025957343639437153
after,sp500,invest,400,20,2,2,2,198624,312904,0,6144862,true,false,0.034493269466924756
after,sp500,invest,401,20,3,2,2,402256,481616,0,3955576,true,false,0.029624796819091064
after,sp500,invest,402,20,3,3,3,326750,342175,0,392753,false,false,0.04309180340517055
after,sp500,invest,403,20,3,3,3,528806,558112,0,4944821,true,false,0.016484736583134856
after,sp500,invest,404,20,2,2,2,350843,406233,0,1577676,false,false,0.036561751722017345
after,sp500,invest,405,20,2,2,2,199491,205982,0,793469,false,false,0.03851121340427837
after,sp500,invest,406,20,4,4,4,475730,514991,1,3694081,true,false,0.018602387732908236
after,sp500,invest,407,20,4,4,4,439234,500343,0,1392746,false,false,0.018952848076765803
after,sp500,invest,408,20,2,2,2,228687,236078,0,1384441,false,false,0.02129636011031783
after,sp500,invest,409,20,1,1,1,81275,93775,0,2647644,false,false,0.03258387193859581
after,sp500,invest,410,20,3,3,3,336901,401541,0,1497569,false,false,0.01893556956397528
after,sp500,invest,411,20,2,2,2,423557,444158,0,2451751,false,false,0.021548048401867526
after,sp500,invest,412,20,1,1,1,125009,133360,0,3668660,true,false,0.01832134692347521
after,sp500,invest,413,20,3,3,3,397993,423739,0,1197992,false,false,0.021441695438032298
after,sp500,invest,414,20,1,1,1,147512,157809,0,7244374,true,false,0.023244887200699248
after,sp500,invest,415,20,3,3,3,405806,470507,0,5083734,true,false,0.02262787587547199
after,sp500,invest,416,20,1,1,1,43338,55838,0,2263822,false,false,0.02936648887573317
after,sp500,invest,417,20,4,4,4,394338,444646,0,1263962,false,false,0.032368700675950136
after,sp500,invest,418,20,3,3,3,532558,558203,0,2503578,false,false,0.019275979381006364
after,sp500,invest,419,20,2,2,2,346805,362314,0,564769,false,false,0.061529651136472865
after,sp500,invest,420,20,5,5,5,866656,919603,0,926578,false,false,0.020923169057646008
after,sp500,invest,421,20,4,4,4,476858,499670,0,330684,false,false,0.04222827283861586
after,sp500,invest,422,20,4,4,4,281114,336944,0,457380,false,false,0.05291413916811614
after,sp500,invest,423,20,4,4,4,540280,551149,0,227968,false,false,0.057631977945965175
after,sp500,invest,424,20,4,4,4,718135,743764,0,487793,false,false,0.026124986148686642
after,sp500,invest,425,20,2,1,1,128078,286372,0,1327120,false,false,0.035909461375808346
after,sp500,invest,426,20,2,2,2,407744,453498,0,7382902,true,false,0.022636553155068063
after,sp500,invest,427,20,1,1,1,35954,85954,0,1210339,false,false,0.029772545261687156
after,sp500,invest,428,20,1,1,1,16686,66686,0,3337406,true,false,0.015507991789116448
after,sp500,invest,429,20,2,2,2,312616,333672,0,1149606,false,false,0.03571721460094683
after,sp500,invest,430,20,3,3,3,328737,384886,0,1518616,false,false,0.02535551528155211
after,sp500,invest,431,20,4,4,4,472785,523436,0,1229858,false,false,0.03357949395046208
after,sp500,invest,432,20,2,2,2,368056,402668,0,1575768,false,false,0.027543254712270936
after,sp500,invest,433,20,1,1,1,209516,232511,0,3735588,true,false,0.02809662452653842
after,sp500,invest,434,20,3,3,3,360803,423562,0,1445684,false,false,0.02304879801862673
after,sp500,invest,435,20,1,1,1,207536,214202,0,3120795,true,false,0.03621087066464727
after,sp500,invest,436,20,3,3,3,521631,548721,0,537287,false,false,0.027731364164779577
after,sp500,invest,437,20,1,1,1,183454,191024,0,985931,false,false,0.04495506096437358
after,sp500,invest,438,20,2,2,2,399953,433282,0,1617853,false,false,0.023678798944319436
after,sp500,invest,439,20,4,4,4,767500,794371,0,4442633,true,false,0.019616754185364592
after,sp500,invest,440,20,3,3,3,520184,548070,0,1429080,false,false,0.03758061424481825
after,sp500,invest,441,20,3,3,3,417514,447537,0,3657156,true,false,0.030198957394768328
after,sp500,invest,442,20,2,2,2,262766,348353,0,733562,false,false,0.04026982682379645
after,sp500,invest,443,20,3,3,3,381762,433177,0,427642,false,false,0.04968310107009053
after,sp500,invest,444,20,4,4,4,494113,558497,0,889872,false,false,0.04480638019308562
after,sp500,invest,445,20,1,1,1,110763,114056,0,2199287,false,false,0.027224772064795854
after,sp500,invest,446,19,5,5,5,595710,630559,0,0,false,true,0.054214170986682554
after,sp500,invest,447,20,1,1,1,117146,120765,0,671304,false,false,0.03316138216414014
after,sp500,invest,448,20,3,3,3,366408,442043,0,921149,false,false,0.020897735789094003
after,sp500,invest,449,20,4,4,4,488289,506589,0,432118,false,false,0.050703005110371124
after,sp500,invest,450,20,2,2,2,290471,313553,0,1512456,false,false,0.03976240212308019
after,sp500,invest,451,20,2,2,2,189436,275017,0,2357540,false,false,0.0215036190756395
after,sp500,invest,452,20,2,2,2,157423,216788,0,2003642,false,false,0.02209393802433181
after,sp500,invest,453,20,2,2,2,362997,380143,0,2311922,false,false,0.02426915715479824
after,sp500,invest,454,20,1,1,1,58108,61545,0,2244447,false,false,0.029871414240698318
after,sp500,invest,455,20,4,4,4,598410,669075,0,2902892,false,false,0.012733794071272383
after,sp500,invest,456,20,2,2,2,409722,457781,0,4157653,true,false,0.02650629394969835
after,sp500,invest,457,20,3,3,3,617690,641011,0,1755305,false,false,0.018845503870183994
after,sp500,invest,458,20,4,4,4,378369,446031,0,1378205,false,false,0.01636603300240496
after,sp500,invest,459,20,1,1,1,94351,97476,0,1552413,false,false,0.034929573809711956
after,sp500,invest,460,20,1,1,1,157492,161672,1,3392463,true,false,0.01915649223043158
after,sp500,invest,461,20,5,5,5,726661,802025,0,1573403,false,false,0.018199799893939623
after,sp500,invest,462,20,3,3,3,501034,553988,0,4089592,true,false,0.019624877486433004
after,sp500,invest,463,20,2,2,2,262489,294071,0,1287662,false,false,0.04928844067441231
after,sp500,invest,464,20,2,2,2,359122,388631,0,982500,false,false,0.03701638627081396
after,sp500,invest,465,20,2,1,1,154677,269736,0,2015581,false,false,0.028368296980487224
after,sp500,invest,466,20,2,2,2,268898,281381,0,1107338,false,false,0.0308072237380282
after,sp500,invest,467,20,1,1,1,180932,186764,0,1591201,false,false,0.025411369727645988
after,sp500,invest,468,20,2,2,2,458167,486622,0,1969888,false,false,0.025755227961256854
after,sp500,invest,469,20,3,3,3,245418,298386,0,1426880,false,false,0.019034100632915586
after,sp500,invest,470,20,2,2,2,224681,230306,0,2838398,false,false,0.02037574790997506
after,sp500,invest,471,20,3,3,3,502659,536241,0,354293,false,false,0.0423303378941564
after,sp500,invest,472,20,3,3,3,267193,332242,0,1185355,false,false,0.0291569587024449
after,sp500,invest,473,20,1,1,1,171319,181253,0,2573556,false,false,0.024356720260414334
after,sp500,invest,474,20,3,3,3,594476,711208,0,2622955,false,false,0.03076456354096887
after,sp500,invest,475,20,2,2,2,396662,424981,0,710462,false,false,0.044265791700627985
after,sp500,invest,476,20,3,3,3,367023,426020,0,3403503,true,false,0.031106260063476082
after,sp500,invest,477,20,2,2,2,214340,240121,0,3445660,true,false,0.040408059044714846
after,sp500,invest,478,19,3,3,3,295845,360852,0,0,false,true,0.04010980624671845
after,sp500,invest,479,20,2,2,2,213006,243056,0,1466705,false,false,0.027289247927033723
after,sp500,invest,480,20,2,2,2,298308,318909,0,4778866,true,false,0.01698253759633808
after,sp500,invest,481,20,2,2,2,601991,619066,0,1588719,false,false,0.018078237389111837
after,sp500,invest,482,20,4,4,4,651040,707395,1,2050433,false,false,0.021565707355697534
after,sp500,invest,483,20,2,2,2,181860,235825,0,2230144,false,false,0.02502722701725279
after,sp500,invest,484,20,2,2,2,217420,248950,0,3093755,true,false,0.022930178525413927
after,sp500,invest,485,20,2,1,1,167230,241606,0,5283856,true,false,0.029217006808346397
after,sp500,invest,486,20,3,3,3,388402,411005,0,1004888,false,false,0.05866824036584391
after,sp500,invest,487,20,0,0,0,0,0,0,2403388,false,false,0.022859309661503763
after,sp500,invest,488,20,4,4,4,490954,526883,0,1866335,false,false,0.03206805648289844
after,sp500,invest,489,20,3,3,3,458518,485057,0,4925329,true,false,0.019520356770709506
after,sp500,invest,490,20,5,5,5,744343,851371,0,1076152,false,false,0.025500731799280536
after,sp500,invest,491,20,4,4,4,321932,392106,1,893183,false,false,0.023934419950433713
after,sp500,invest,492,20,5,5,5,600888,695473,1,1487864,false,false,0.021858385397672535
after,sp500,invest,493,20,4,4,4,687304,724903,0,690710,false,false,0.031810087293505616
after,sp500,invest,494,20,2,1,1,336913,466522,0,2072457,false,false,0.0284162298884023
after,sp500,invest,495,20,2,2,2,241421,246108,0,601618,false,false,0.05237912943521937
after,sp500,invest,496,20,3,3,3,605083,649416,1,4084828,true,false,0.01756521384892653
after,sp500,invest,497,20,3,3,3,610811,675170,0,2497749,false,false,0.02825838444475533
after,sp500,invest,498,20,4,4,4,626841,674176,0,2707644,false,false,0.021670267504267912
after,sp500,invest,499,20,2,2,2,300868,320008,0,1613276,false,false,0.0286060852303912
after,sp500,invest,500,20,2,2,2,238337,251759,0,763893,false,false,0.05763216581922109
after,sp500,invest,501,20,3,3,3,398469,476245,0,3187044,true,false,0.01712829312723667
after,sp500,invest,502,20,5,5,5,806178,848577,0,1959934,false,false,0.016076361004497594
after,sp500,invest,503,20,2,2,2,208365,288731,0,6432092,true,false,0.03206160437539912
after,sp500,invest,504,20,4,4,4,515226,555681,0,936760,false,false,0.02915538238333993
after,sp500,invest,505,20,2,2,2,397798,414952,0,4486814,true,false,0.01605745640697556
after,sp500,invest,506,20,2,2,2,419117,446609,0,1747847,false,false,0.030997196134853227
after,sp500,invest,507,20,3,3,3,529722,539253,1,6397475,true,false,0.01764327264371474
after,sp500,invest,508,20,4,4,4,610568,624415,0,1733103,false,false,0.01793437249874943
after,sp500,invest,509,20,1,1,1,180182,191853,0,1358947,false,false,0.023429780790891648
after,sp500,invest,510,20,1,1,1,147489,158392,0,2876034,false,false,0.02455823589042175
after,sp500,invest,511,20,2,2,2,312632,337638,0,1560961,false,false,0.033858949582634267
after,sp500,invest,512,20,3,3,3,511316,589084,0,3121151,true,false,0.021188698171540805
after,sp500,invest,513,20,4,4,4,696704,736998,0,1711984,false,false,0.022412461169053176
after,sp500,invest,514,20,1,1,1,19747,69747,0,1432133,false,false,0.027024862966136747
after,sp500,invest,515,20,3,3,3,552002,572327,0,1207947,false,false,0.022355565232737164
after,sp500,invest,516,20,2,2,2,248848,265098,0,2407075,false,false,0.02651356473973062
after,sp500,invest,517,20,2,2,2,187044,194124,0,1556975,false,false,0.02898609053101766
after,sp500,invest,518,20,2,2,2,402221,415651,0,530017,false,false,0.0489882857844599
after,sp500,invest,519,20,2,2,2,253222,269665,0,2938138,false,false,0.024078550880454304
after,sp500,invest,520,20,3,2,2,272664,329169,0,346240,false,false,0.06094373401836202
after,sp500,invest,521,20,2,2,2,258419,304273,0,3083579,true,false,0.02903932209098233
after,sp500,invest,522,20,4,4,4,522603,550599,0,816946,false,false,0.030183531740540413
after,sp500,invest,523,20,2,2,2,171307,188065,0,2184839,false,false,0.02008907593127125
after,sp500,invest,524,20,3,3,3,406835,425116,0,1426332,false,false,0.032472102026927636
after,sp500,invest,525,20,0,0,0,0,0,0,584706,false,false,0.05888367691186376
after,sp500,invest,526,19,5,5,5,671060,695763,0,0,false,true,0.06950250239752707
after,sp500,invest,527,20,3,3,3,617956,661364,0,2816869,false,false,0.017192664153403255
after,sp500,invest,528,20,1,1,1,79588,81590,0,321686,false,false,0.05133595492671413
after,sp500,invest,529,20,3,3,3,619608,644183,0,1543886,false,false,0.03040025936852615
after,sp500,invest,530,20,5,5,5,627779,687365,0,744160,false,false,0.04208558618028236
after,sp500,invest,531,20,2,2,2,418005,433942,0,3701851,true,false,0.016321618833881488
after,sp500,invest,532,20,2,2,2,215862,221388,0,708064,false,false,0.01781164297706053
after,sp500,invest,533,20,1,1,1,78057,81338,0,2881087,false,false,0.027743585423325622
after,sp500,invest,534,20,4,4,4,827872,915764,0,2444813,false,false,0.022216470091707324
after,sp500,invest,535,20,3,3,3,414264,451994,0,1535395,false,false,0.020136201085576868
after,sp500,invest,536,20,1,1,1,124610,176543,0,2402477,false,false,0.027406605650580507
after,sp500,invest,537,20,2,2,2,259763,279438,0,4478796,true,false,0.03407361154344099
after,sp500,invest,538,20,2,2,2,305700,319691,0,3066318,true,false,0.025850629905743282
after,sp500,invest,539,20,1,1,1,110994,122863,0,9244997,true,false,0.020766296177994543
after,sp500,invest,540,20,4,4,4,448353,503914,0,1324531,false,false,0.038798994303293574
after,sp500,invest,541,20,3,3,3,447600,489131,0,4389775,true,false,0.016504828560140287
after,sp500,invest,542,20,3,3,3,277968,339861,0,1070849,false,false,0.020085646122780052
after,sp500,invest,543,20,5,5,5,639898,723899,0,1197693,false,false,0.021148033241631184
after,sp500,invest,544,20,0,0,0,0,0,0,2080184,false,false,0.022104818149459547
after,sp500,invest,545,20,2,2,2,216285,226884,0,1066653,false,false,0.04109540362734355
after,sp500,invest,546,20,0,0,0,0,0,0,832523,false,false,0.03372200098676544
after,sp500,invest,547,20,3,3,3,513742,531782,0,1603137,false,false,0.023943140831394427
after,sp500,invest,548,20,3,3,3,466168,497524,1,3334349,true,false,0.016283616287252216
after,sp500,invest,549,20,3,3,3,431478,460018,0,1030090,false,false,0.024612674538924566
after,sp500,invest,550,20,2,2,2,168703,231640,0,2163738,false,false,0.02257577169833822
after,sp500,invest,551,20,1,1,1,63365,75865,0,1579530,false,false,0.037273764736235365
after,sp500,invest,552,20,2,2,2,364384,370997,0,4223146,true,false,0.021082943045472764
after,sp500,invest,553,20,4,3,3,711934,805097,0,2962227,false,false,0.028709732543500698
after,sp500,invest,554,20,3,3,3,427419,452768,0,1927794,false,false,0.021824220561997437
after,sp500,invest,555,20,3,3,3,546555,575599,1,1742612,false,false,0.02580684495935053
after,sp500,invest,556,20,1,1,1,222312,242575,0,4251419,true,false,0.01777558568951556
after,sp500,invest,557,20,2,2,2,191522,201622,0,872686,false,false,0.04044214264632034
after,sp500,invest,558,20,3,3,3,483206,504315,0,572404,false,false,0.032737268029045495
after,sp500,invest,559,20,2,2,2,398016,415349,0,2808572,false,false,0.02073952746193441
after,sp500,invest,560,20,4,4,4,728338,751450,0,2484525,false,false,0.020196875878618584
after,sp500,invest,561,20,1,1,1,181345,202590,0,3137298,true,false,0.03208362651912334
after,sp500,invest,562,20,4,4,4,705261,743120,0,1778534,false,false,0.024774363758402154
after,sp500,invest,563,20,0,0,0,0,0,0,1492339,false,false,0.027456249486890648
after,sp500,invest,564,20,1,1,1,24911,74911,0,605239,false,false,0.05378400599840637
after,sp500,invest,565,20,4,4,4,941059,986320,0,1542059,false,false,0.034193125890265824
after,sp500,invest,566,20,2,2,2,143394,154175,0,3675723,true,false,0.019129214531145185
after,sp500,invest,567,20,2,2,2,239238,245339,0,683263,false,false,0.057499202967361586
after,sp500,invest,568,20,2,2,2,278427,290959,0,3716937,true,false,0.022056069882385516
after,sp500,invest,569,20,1,1,1,107089,110214,0,5632021,true,false,0.023511591237499737
after,sp500,invest,570,20,1,1,1,296262,321707,0,1404744,false,false,0.03161045805611862
after,sp500,invest,571,20,4,4,4,609741,637892,1,8170873,true,false,0.02083198028457358
after,sp500,invest,572,20,4,4,4,529384,549744,0,598925,false,false,0.038232752033802594
after,sp500,invest,573,20,2,2,2,306754,327734,0,2175998,false,false,0.029924935409359765
after,sp500,invest,574,20,2,2,2,215413,276442,0,1801841,false,false,0.01923782173953447
after,sp500,invest,575,20,3,3,3,449077,480045,0,2383098,false,false,0.02135696133066844
after,sp500,invest,576,20,2,2,2,330518,352661,0,648210,false,false,0.03328534963700741
after,sp500,invest,577,20,3,3,3,406728,424032,1,1788411,false,false,0.039290961599784395
after,sp500,invest,578,20,2,2,2,184047,240373,0,719311,false,false,0.032167770668849745
after,sp500,invest,579,20,2,2,2,350240,365673,0,1909722,false,false,0.01873288402434332
after,sp500,invest,580,20,1,1,1,223383,232577,0,1516830,false,false,0.031870639609929856
after,sp500,invest,581,20,3,3,3,494147,508585,0,477448,false,false,0.033740769324477275
after,sp500,invest,582,20,2,2,2,313945,361226,0,2365390,false,false,0.03705836148734974
after,sp500,invest,583,20,3,3,3,532287,562086,0,1674065,false,false,0.025950833621078768
after,sp500,invest,584,20,2,2,2,341553,352919,0,376375,false,false,0.04364693940878974
after,sp500,invest,585,20,5,5,5,528435,615776,0,2632153,false,false,0.019573886383803307
after,sp500,invest,586,20,3,2,2,288212,383495,1,2858210,false,false,0.02343620347987171
after,sp500,invest,587,20,2,2,2,360434,422711,0,823678,false,false,0.024397101259288977
after,sp500,invest,588,20,4,4,4,687125,719606,0,1035994,false,false,0.03770353847060871
after,sp500,invest,589,20,4,4,4,600767,648608,0,1666920,false,false,0.0368168492183641
after,sp500,invest,590,20,3,3,3,252401,315526,0,3292557,true,false,0.018347128847463805
after,sp500,invest,591,20,2,2,2,405320,422590,0,685812,false,false,0.027910874546594716
after,sp500,invest,592,20,4,4,4,564529,587253,0,1381279,false,false,0.031153383231470995
after,sp500,invest,593,20,3,3,3,419248,456842,1,1682656,false,false,0.021942617544561303
after,sp500,invest,594,20,3,3,3,497358,527952,0,500090,false,false,0.050253865803556466
after,sp500,invest,595,20,2,2,2,186150,202712,0,1782463,false,false,0.044701858363998884
after,sp500,invest,596,20,1,1,1,168545,189011,0,9379924,true,false,0.02743427253472545
after,sp500,invest,597,20,3,3,3,429951,447646,0,1291472,false,false,0.022531801142049713
after,sp500,invest,598,20,2,2,2,315318,328768,0,742883,false,false,0.025425991528353998
after,sp500,invest,599,20,2,2,2,338061,365096,0,3173162,true,false,0.021654485260304418
after,nasdaq,cash,0,20,2,0,0,0,350607,0,2040839,false,false,0.47293716290114557
after,nasdaq,cash,1,20,2,0,0,0,389589,0,2976153,false,false,0.4353357627657057
after,nasdaq,cash,2,20,2,0,0,0,413452,0,2439391,false,false,0.4280402343879004
after,nasdaq,cash,3,20,2,0,0,0,390844,0,1501692,false,false,0.440837045969891
after,nasdaq,cash,4,20,1,0,0,0,64247,0,2039493,false,false,0.43884798762951094
after,nasdaq,cash,5,20,2,0,0,0,202632,0,1604743,false,false,0.4155607801507729
after,nasdaq,cash,6,20,3,0,0,0,389202,0,1317517,false,false,0.4042123322177867
after,nasdaq,cash,7,20,4,0,0,0,442491,1,939545,false,false,0.4693344192696497
after,nasdaq,cash,8,20,1,0,0,0,257540,0,1117726,false,false,0.49066594118188867
after,nasdaq,cash,9,20,2,0,0,0,393682,0,1699041,false,false,0.46503594821763566
after,nasdaq,cash,10,20,2,0,0,0,249050,0,1410866,false,false,0.45185215621347263
after,nasdaq,cash,11,20,3,0,0,0,551785,0,654087,false,false,0.46229627262722045
after,nasdaq,cash,12,20,2,0,0,0,428090,0,1036730,false,false,0.4714970808401465
after,nasdaq,cash,13,20,2,0,0,0,284611,0,2430539,false,false,0.4394693017114594
after,nasdaq,cash,14,20,2,0,0,0,255294,0,1245139,false,false,0.46630980465379235
after,nasdaq,cash,15,20,1,0,0,0,224013,0,1578603,false,false,0.4981125866895077
after,nasdaq,cash,16,20,3,0,0,0,468464,0,1068212,false,false,0.4412024307516008
after,nasdaq,cash,17,20,2,0,0,0,334481,0,2616031,false,false,0.43574897636898696
after,nasdaq,cash,18,20,5,0,0,0,787636,0,1575766,false,false,0.4375795960493578
after,nasdaq,cash,19,20,3,0,0,0,712088,0,2414194,false,false,0.4175519388256218
after,nasdaq,cash,20,20,2,0,0,0,251101,0,1178661,false,false,0.4941603502563606
after,nasdaq,cash,21,20,4,0,0,0,503958,0,2186775,false,false,0.4522742653826318
after,nasdaq,cash,22,20,4,0,0,0,560163,0,690227,false,false,0.45167727410265107
after,nasdaq,cash,23,20,2,0,0,0,394703,0,1242228,false,false,0.4808697889300431
after,nasdaq,cash,24,20,4,0,0,0,549339,0,1616953,false,false,0.42295441262298034
after,nasdaq,cash,25,20,1,0,0,0,120776,0,1826478,false,false,0.5458159458250906
after,nasdaq,cash,26,20,1,0,0,0,55100,0,1319390,false,false,0.517938644531995
after,nasdaq,cash,27,20,1,0,0,0,71006,0,1225196,false,false,0.5821287309163499
after,nasdaq,cash,28,20,2,0,0,0,337951,0,713565,false,false,0.5054688836521416
after,nasdaq,cash,29,20,2,0,0,0,333320,0,1920498,false,false,0.45108294507856234
after,nasdaq,cash,30,20,1,0,0,0,174093,0,2133533,false,false,0.4256501568523821
after,nasdaq,cash,31,20,2,0,0,0,298532,0,1529440,false,false,0.41802026744795207
after,nasdaq,cash,32,20,4,0,0,0,731774,0,541619,false,false,0.45774522952475794
after,nasdaq,cash,33,20,0,0,0,0,0,0,1502862,false,false,0.4955092084042125
after,nasdaq,cash,34,20,1,0,0,0,278291,0,1592333,false,false,0.4409106996837585
after,nasdaq,cash,35,20,2,0,0,0,302211,0,1633848,false,false,0.4455654423879608
after,nasdaq,cash,36,20,1,0,0,0,99179,0,1817489,false,false,0.4716245167676373
after,nasdaq,cash,37,20,2,0,0,0,235428,0,1081450,false,false,0.46768115182990266
after,nasdaq,cash,38,20,4,0,0,0,765424,0,1572325,false,false,0.4120283838505324
after,nasdaq,cash,39,20,2,0,0,0,389491,0,684632,false,false,0.552884741945413
after,nasdaq,cash,40,20,3,0,0,0,670415,0,1862410,false,false,0.4609629532204843
after,nasdaq,cash,41,20,2,0,0,0,212911,0,1364862,false,false,0.4826008903888347
after,nasdaq,cash,42,20,2,0,0,0,288104,0,1702659,false,false,0.4828805841743679
after,nasdaq,cash,43,20,3,0,0,0,553041,0,1094083,false,false,0.4647652569635617
after,nasdaq,cash,44,20,3,0,0,0,617501,1,2482788,false,false,0.45377946556112486
after,nasdaq,cash,45,20,4,1,1,8114,505145,0,251813,false,false,0.42794457202384956
after,nasdaq,cash,46,20,3,0,0,0,520400,0,436935,false,false,0.5013103987642052
after,nasdaq,cash,47,20,3,0,0,0,423916,0,1080457,false,false,0.4407090695553557
after,nasdaq,cash,48,20,2,0,0,0,312494,0,918825,false,false,0.4432087478724524
after,nasdaq,cash,49,20,3,0,0,0,494066,0,559843,false,false,0.5450640703585863
after,nasdaq,cash,50,20,3,0,0,0,522221,1,1586163,false,false,0.42811429046417315
after,nasdaq,cash,51,20,2,0,0,0,251110,1,2396722,false,false,0.42588623913702656
after,nasdaq,cash,52,20,3,0,0,0,461775,0,842583,false,false,0.4472989613330677
after,nasdaq,cash,53,20,3,0,0,0,662755,0,1656104,false,false,0.4840788756625214
after,nasdaq,cash,54,20,2,0,0,0,173153,0,2319649,false,false,0.4422531287002768
after,nasdaq,cash,55,20,3,0,0,0,458251,0,582231,false,false,0.4368074213001843
after,nasdaq,cash,56,20,2,0,0,0,318938,0,2494980,false,false,0.42641742739332056
after,nasdaq,cash,57,20,0,0,0,0,0,0,1325955,false,false,0.5392783642561891
after,nasdaq,cash,58,20,3,0,0,0,458565,0,1231683,false,false,0.44428074377199644
after,nasdaq,cash,59,20,2,0,0,0,251075,0,1879110,false,false,0.44374924586329156
after,nasdaq,cash,60,20,4,0,0,0,582045,0,2993998,false,false,0.4117369120913713
after,nasdaq,cash,61,20,5,0,0,0,668381,0,2412418,false,false,0.4281306210877524
after,nasdaq,cash,62,20,1,0,0,0,128022,0,1740365,false,false,0.5323724004596536
after,nasdaq,cash,63,20,1,0,0,0,166703,0,1539845,false,false,0.45232306226471747
after,nasdaq,cash,64,20,2,0,0,0,318591,0,3535632,true,false,0.42276715165067397
after,nasdaq,cash,65,20,4,0,0,0,602202,1,1427185,false,false,0.425160908585595
after,nasdaq,cash,66,20,1,0,0,0,147125,0,1476640,false,false,0.4555998695137148
after,nasdaq,cash,67,20,3,0,0,0,363747,0,417938,false,false,0.5095547730434868
after,nasdaq,cash,68,20,2,0,0,0,468886,0,2820741,false,false,0.4081856744268171
after,nasdaq,cash,69,20,3,0,0,0,632444,0,1586157,false,false,0.4224328763210095
after,nasdaq,cash,70,20,2,0,0,0,324451,0,1472957,false,false,0.4658551204906982
after,nasdaq,cash,71,20,5,0,0,0,576650,0,796621,false,false,0.4388023975727459
after,nasdaq,cash,72,20,3,0,0,0,444102,0,2340436,false,false,0.45626131483241894
after,nasdaq,cash,73,20,2,0,0,0,159402,0,1291369,false,false,0.5253478621599481
after,nasdaq,cash,74,20,3,0,0,0,522774,0,416920,false,false,0.5129579720550433
after,nasdaq,cash,75,20,2,0,0,0,230778,0,1109765,false,false,0.4871657777823799
after,nasdaq,cash,76,20,3,0,0,0,526166,0,1561962,false,false,0.45375460792604116
after,nasdaq,cash,77,20,3,0,0,0,450579,0,1429617,false,false,0.4246361332022907
after,nasdaq,cash,78,20,1,0,0,0,175144,0,3007561,true,false,0.4442473914691358
after,nasdaq,cash,79,20,2,0,0,0,260865,0,645717,false,false,0.6181410085893632
after,nasdaq,cash,80,20,2,0,0,0,386369,0,1042257,false,false,0.49719086646489713
after,nasdaq,cash,81,20,4,0,0,0,748216,0,2329192,false,false,0.42058402052480803
after,nasdaq,cash,82,20,3,0,0,0,565687,0,1155530,false,false,0.423147155255365
after,nasdaq,cash,83,20,3,0,0,0,642954,0,1934209,false,false,0.43648042215551264
after,nasdaq,cash,84,20,3,0,0,0,428248,0,3179264,true,false,0.42919261823666177
after,nasdaq,cash,85,20,3,0,0,0,574630,0,504196,false,false,0.4388227726750206
after,nasdaq,cash,86,20,2,0,0,0,333819,0,1891216,false,false,0.45807468560653397
after,nasdaq,cash,87,20,2,0,0,0,282477,0,1470893,false,false,0.48186498174552683
after,nasdaq,cash,88,20,2,0,0,0,299580,0,3267760,true,false,0.42136594517693177
after,nasdaq,cash,89,20,2,0,0,0,344973,0,1733379,false,false,0.4266590317213538
after,nasdaq,cash,90,20,2,0,0,0,195232,0,1881065,false,false,0.44783530426518753
after,nasdaq,cash,91,20,2,0,0,0,259823,0,1200759,false,false,0.596388197211815
after,nasdaq,cash,92,20,3,0,0,0,377482,0,760234,false,false,0.461620002878682
after,nasdaq,cash,93,20,1,0,0,0,160896,0,889453,false,false,0.5531354744590578
after,nasdaq,cash,94,20,3,0,0,0,546090,0,1073347,false,false,0.48942599181333224
after,nasdaq,cash,95,20,1,0,0,0,53716,0,2788322,false,false,0.452650219718384
after,nasdaq,cash,96,20,1,0,0,0,113226,0,1785270,false,false,0.47814947720141265
after,nasdaq,cash,97,20,2,0,0,0,425930,0,1807471,false,false,0.41772363654634576
after,nasdaq,cash,98,20,3,0,0,0,606490,0,1450222,false,false,0.418275098448566
after,nasdaq,cash,99,20,2,0,0,0,231745,0,1103780,false,false,0.5687473310251191
after,nasdaq,cash,100,20,4,0,0,0,788640,0,1682459,false,false,0.43154575064714057
after,nasdaq,cash,101,20,4,0,0,0,862400,0,1712354,false,false,0.3973676572600328
after,nasdaq,cash,102,20,3,0,0,0,564493,0,1449643,false,false,0.4900543353642128
after,nasdaq,cash,103,20,3,0,0,0,402645,0,816740,false,false,0.4565637036675502
after,nasdaq,cash,104,20,3,0,0,0,579587,0,1565204,false,false,0.46437037007175197
after,nasdaq,cash,105,20,4,0,0,0,604874,0,1516865,false,false,0.4063971491603106
after,nasdaq,cash,106,20,2,0,0,0,310996,0,1249456,false,false,0.4906472606159751
after,nasdaq,cash,107,20,2,0,0,0,384844,0,1302924,false,false,0.44426020938010885
after,nasdaq,cash,108,20,1,0,0,0,112013,0,2088490,false,false,0.4640275792855831
after,nasdaq,cash,109,20,2,0,0,0,408058,0,2156926,false,false,0.44145177134102254
after,nasdaq,cash,110,20,1,0,0,0,100582,0,2267452,false,false,0.489352392459105
after,nasdaq,cash,111,20,2,0,0,0,303909,0,2113916,false,false,0.4077767829486162
after,nasdaq,cash,112,20,2,0,0,0,463088,0,2379383,false,false,0.4327233062661048
after,nasdaq,cash,113,20,2,0,0,0,289135,0,739723,false,false,0.5585032581843956
after,nasdaq,cash,114,20,3,0,0,0,554685,0,2752937,false,false,0.4088882228117375
after,nasdaq,cash,115,20,1,0,0,0,147585,0,1488617,false,false,0.45758998080971275
after,nasdaq,cash,116,20,2,0,0,0,444179,0,1081417,false,false,0.4679254557202427
after,nasdaq,cash,117,20,2,0,0,0,255342,0,962120,false,false,0.467462208702926
after,nasdaq,cash,118,20,3,0,0,0,397592,0,420564,false,false,0.49556034664844145
after,nasdaq,cash,119,20,2,0,0,0,294794,0,3797455,true,false,0.42408491585990815
after,nasdaq,cash,120,20,2,0,0,0,336588,0,1612866,false,false,0.43750347988020666
after,nasdaq,cash,121,20,2,0,0,0,294025,1,1579840,false,false,0.4604417098556198
after,nasdaq,cash,122,20,3,0,0,0,560835,0,2824224,false,false,0.42096393161625734
after,nasdaq,cash,123,20,1,0,0,0,205989,0,1094335,false,false,0.6203877990711767
after,nasdaq,cash,124,20,1,0,0,0,255606,0,985429,false,false,0.5926509036394686
after,nasdaq,cash,125,20,1,0,0,0,207737,0,2774548,false,false,0.40383328710312316
after,nasdaq,cash,126,20,1,0,0,0,106691,0,2596158,false,false,0.44329389149140114
after,nasdaq,cash,127,20,1,0,0,0,108896,0,2054836,false,false,0.44329125767656563
after,nasdaq,cash,128,20,3,0,0,0,270065,0,918909,false,false,0.49039262633392466
after,nasdaq,cash,129,20,2,0,0,0,349420,0,516129,false,false,0.5656917044135489
after,nasdaq,cash,130,20,1,0,0,0,170135,0,1487257,false,false,0.48092800077499814
after,nasdaq,cash,131,20,2,0,0,0,339368,0,847440,false,false,0.5126945682366768
after,nasdaq,cash,132,20,2,0,0,0,376832,0,596464,false,false,0.4537540512805912
after,nasdaq,cash,133,20,1,0,0,0,114227,0,1598468,false,false,0.4603448758901562
after,nasdaq,cash,134,20,2,0,0,0,212061,1,1148397,false,false,0.48219816497728535
after,nasdaq,cash,135,20,2,0,0,0,638517,0,2730338,false,false,0.45423713700753365
after,nasdaq,cash,136,20,4,0,0,0,826243,0,1459577,false,false,0.4278623499251227
after,nasdaq,cash,137,20,3,0,0,0,804732,0,2583284,false,false,0.43247640909686585
after,nasdaq,cash,138,20,1,0,0,0,222975,0,4117345,true,false,0.46038286888121716
after,nasdaq,cash,139,20,1,0,0,0,339930,0,2736064,false,false,0.4460530388964613
after,nasdaq,cash,140,20,3,0,0,0,398574,0,4771629,true,false,0.37323204455613107
after,nasdaq,cash,141,20,6,0,0,0,944499,0,545766,false,false,0.41976346690318067
after,nasdaq,cash,142,20,3,0,0,0,352394,0,1002345,false,false,0.440716630263407
after,nasdaq,cash,143,20,2,0,0,0,359679,0,1156023,false,false,0.571472984929476
after,nasdaq,cash,144,20,5,1,1,3405,619481,0,152397,false,false,0.40695018273719497
after,nasdaq,cash,145,20,2,0,0,0,276765,1,4365584,true,false,0.3889149292844584
after,nasdaq,cash,146,20,3,0,0,0,524060,0,1357768,false,false,0.45086293523708615
after,nasdaq,cash,147,20,3,0,0,0,406381,0,1845122,false,false,0.4598249444947678
after,nasdaq,cash,148,20,5,0,0,0,730807,0,931351,false,false,0.45621319741365546
after,nasdaq,cash,149,20,4,0,0,0,658318,0,1828503,false,false,0.42205023355022436
after,nasdaq,cash,150,20,2,0,0,0,259990,0,1324952,false,false,0.45135156160173373
after,nasdaq,cash,151,20,4,0,0,0,591775,0,1564762,false,false,0.4181546870766323
after,nasdaq,cash,152,20,1,0,0,0,179067,0,960233,false,false,0.5174315838065573
after,nasdaq,cash,153,20,2,0,0,0,382716,0,1959310,false,false,0.46376770632361436
after,nasdaq,cash,154,20,3,0,0,0,564434,0,5429977,true,false,0.39298309340249327
after,nasdaq,cash,155,20,2,0,0,0,577811,0,2153406,false,false,0.42642056985932025
after,nasdaq,cash,156,20,3,0,0,0,651392,0,2456028,false,false,0.3984250574627871
after,nasdaq,cash,157,20,3,0,0,0,361654,0,831384,false,false,0.46172238632256335
after,nasdaq,cash,158,20,4,0,0,0,692655,0,717352,false,false,0.39682244956371693
after,nasdaq,cash,159,20,2,0,0,0,293909,0,1076942,false,false,0.5189582811007301
after,nasdaq,cash,160,20,3,0,0,0,387585,1,846552,false,false,0.457903908481515
after,nasdaq,cash,161,20,1,0,0,0,239879,0,2029510,false,false,0.4387521960258794
after,nasdaq,cash,162,20,1,0,0,0,113699,0,2710626,false,false,0.46245343139453937
after,nasdaq,cash,163,20,0,0,0,0,0,0,5007965,true,false,0.4343612829056636
after,nasdaq,cash,164,20,3,0,0,0,411150,0,1764481,false,false,0.4406001419493532
after,nasdaq,cash,165,20,2,0,0,0,253194,0,918659,false,false,0.47674188944354245
after,nasdaq,cash,166,20,4,0,0,0,709786,0,448799,false,false,0.515003911946308
after,nasdaq,cash,167,20,2,0,0,0,295325,0,776002,false,false,0.5021469439657529
after,nasdaq,cash,168,20,2,0,0,0,476711,0,2662171,false,false,0.433242436038319
after,nasdaq,cash,169,20,2,0,0,0,495763,0,1448673,false,false,0.45712767976034074
after,nasdaq,cash,170,20,3,0,0,0,408659,0,1734624,false,false,0.43723024312385794
after,nasdaq,cash,171,20,1,0,0,0,255983,0,2286380,false,false,0.46329014773460625
after,nasdaq,cash,172,20,1,0,0,0,248585,0,3279364,true,false,0.4389260965995742
after,nasdaq,cash,173,20,2,0,0,0,202736,0,1185487,false,false,0.4786407232802398
after,nasdaq,cash,174,20,4,0,0,0,625185,0,1036198,false,false,0.47362083792325455
after,nasdaq,cash,175,20,3,0,0,0,529523,0,416161,false,false,0.45134813427464493
after,nasdaq,cash,176,20,4,0,0,0,750214,0,1220748,false,false,0.4354851650465556
after,nasdaq,cash,177,20,3,0,0,0,452661,0,1685019,false,false,0.4876443381405112
after,nasdaq,cash,178,20,4,0,0,0,767096,0,413622,false,false,0.4602965149022108
after,nasdaq,cash,179,20,4,0,0,0,747426,0,703629,false,false,0.4870379086345779
after,nasdaq,cash,180,20,2,0,0,0,539482,0,1743122,false,false,0.44007056764727787
after,nasdaq,cash,181,20,3,0,0,0,701059,0,3174053,true,false,0.4041472015142532
after,nasdaq,cash,182,20,2,0,0,0,443399,0,3175259,true,false,0.4192933029339712
after,nasdaq,cash,183,20,3,0,0,0,402377,0,1273004,false,false,0.4555030873190674
after,nasdaq,cash,184,20,4,1,1,50031,551512,0,126919,false,false,0.5114174379389418
after,nasdaq,cash,185,20,3,0,0,0,528668,0,2361758,false,false,0.43108592361981596
after,nasdaq,cash,186,20,3,0,0,0,633538,0,861139,false,false,0.4426655458872998
after,nasdaq,cash,187,20,2,0,0,0,347385,0,1538558,false,false,0.5122667825894316
after,nasdaq,cash,188,20,2,0,0,0,340075,0,804216,false,false,0.44262868786916376
after,nasdaq,cash,189,20,3,0,0,0,500340,1,1709519,false,false,0.4183096172467694
after,nasdaq,cash,190,20,3,0,0,0,576374,0,1060607,false,false,0.5099914412006434
after,nasdaq,cash,191,20,3,0,0,0,594656,0,877340,false,false,0.47994569280195964
after,nasdaq,cash,192,20,1,0,0,0,279287,0,826215,false,false,0.5181483178427325
after,nasdaq,cash,193,20,3,0,0,0,458445,0,1118833,false,false,0.4625382736055931
after,nasdaq,cash,194,20,2,0,0,0,437076,0,1223567,false,false,0.41338090805768957
after,nasdaq,cash,195,20,3,0,0,0,444895,0,1103032,false,false,0.4791945309281666
after,nasdaq,cash,196,20,5,0,0,0,739666,0,546143,false,false,0.42566990862775034
after,nasdaq,cash,197,20,3,0,0,0,396000,0,3546867,true,false,0.3841902664999351
after,nasdaq,cash,198,20,2,0,0,0,289443,0,664986,false,false,0.7371209704215761
after,nasdaq,cash,199,20,4,0,0,0,389607,0,1024106,false,false,0.4504255546171108
after,nasdaq,cash,200,20,3,0,0,0,381712,0,1877886,false,false,0.4551675557403098
after,nasdaq,cash,201,20,2,0,0,0,213957,1,1732946,false,false,0.41876249844006247
after,nasdaq,cash,202,20,3,0,0,0,462306,0,3334511,true,false,0.4006613254287988
after,nasdaq,cash,203,20,3,0,0,0,655521,0,780717,false,false,0.4512427808633288
after,nasdaq,cash,204,20,1,0,0,0,73464,0,1442959,false,false,0.49413136220892884
after,nasdaq,cash,205,20,2,0,0,0,335178,0,2503639,false,false,0.4439709393373844
after,nasdaq,cash,206,20,2,0,0,0,285002,0,1849020,false,false,0.4673677997591815
after,nasdaq,cash,207,20,4,0,0,0,763458,0,2032234,false,false,0.4376449045293029
after,nasdaq,cash,208,20,2,0,0,0,205209,0,4055007,true,false,0.4624417676551681
after,nasdaq,cash,209,20,1,0,0,0,191104,0,1904894,false,false,0.44876203845510343
after,nasdaq,cash,210,20,2,0,0,0,439755,0,742620,false,false,0.6459182230977581
after,nasdaq,cash,211,20,3,0,0,0,405461,0,491686,false,false,0.49960570852169645
after,nasdaq,cash,212,20,3,0,0,0,611105,0,1782371,false,false,0.4266419133769757
after,nasdaq,cash,213,20,3,0,0,0,469185,0,704480,false,false,0.4277654894077482
after,nasdaq,cash,214,20,5,0,0,0,702939,0,1030253,false,false,0.3952559378275577
after,nasdaq,cash,215,20,2,0,0,0,319229,0,2340191,false,false,0.47313590981198006
after,nasdaq,cash,216,20,3,0,0,0,341569,1,630428,false,false,0.5030942790030284
after,nasdaq,cash,217,20,3,0,0,0,454090,0,1692838,false,false,0.44249264121581683
after,nasdaq,cash,218,20,2,0,0,0,242790,0,2022030,false,false,0.4552683773758403
after,nasdaq,cash,219,20,2,0,0,0,133356,1,1137382,false,false,0.5333058460921077
after,nasdaq,cash,220,20,3,0,0,0,800216,0,2358048,false,false,0.4151910089726908
after,nasdaq,cash,221,20,3,0,0,0,356308,1,1435695,false,false,0.4585305307008622
after,nasdaq,cash,222,20,3,0,0,0,527969,0,1298593,false,false,0.46718303521322707
after,nasdaq,cash,223,20,2,0,0,0,326400,0,1875291,false,false,0.4484240323353624
after,nasdaq,cash,224,20,3,0,0,0,540654,0,1047797,false,false,0.44450273022380243
after,nasdaq,cash,225,20,3,0,0,0,536028,0,2984554,false,false,0.43010304560252244
after,nasdaq,cash,226,20,2,0,0,0,195497,0,2592140,false,false,0.45662497849469713
after,nasdaq,cash,227,20,3,0,0,0,478694,0,1549262,false,false,0.44240831681722587
after,nasdaq,cash,228,20,1,0,0,0,271203,0,1261728,false,false,0.4613199613808914
after,nasdaq,cash,229,20,3,0,0,0,337737,0,652446,false,false,0.46269867240639667
after,nasdaq,cash,230,20,2,0,0,0,453387,0,1068171,false,false,0.43780022494368237
after,nasdaq,cash,231,20,3,0,0,0,537433,0,1281442,false,false,0.4709942753838292
after,nasdaq,cash,232,20,4,0,0,0,836446,0,863598,false,false,0.45246437826945857
after,nasdaq,cash,233,20,1,0,0,0,127748,0,1175077,false,false,0.5367612807486095
after,nasdaq,cash,234,20,2,0,0,0,239361,0,1602823,false,false,0.49906861777077227
after,nasdaq,cash,235,20,3,0,0,0,434107,0,792329,false,false,0.48170528529363965
after,nasdaq,cash,236,20,0,0,0,0,0,0,1468885,false,false,0.5479487099773854
after,nasdaq,cash,237,20,2,0,0,0,344727,0,2167355,false,false,0.4288550265092682
after,nasdaq,cash,238,20,3,0,0,0,705142,0,456382,false,false,0.5303255502432671
after,nasdaq,cash,239,20,1,0,0,0,148509,0,1465465,false,false,0.4758721190321869
after,nasdaq,cash,240,20,1,0,0,0,300152,0,2094621,false,false,0.4572172792133709
after,nasdaq,cash,241,20,1,0,0,0,141465,0,1610483,false,false,0.4774899402034219
after,nasdaq,cash,242,20,3,0,0,0,409293,0,488339,false,false,0.5641840094097553
after,nasdaq,cash,243,20,4,0,0,0,748780,0,670020,false,false,0.4599379645961676
after,nasdaq,cash,244,20,2,0,0,0,252440,0,1036852,false,false,0.4695281600295478
after,nasdaq,cash,245,20,3,0,0,0,584876,0,2097771,false,false,0.41920176104830176
after,nasdaq,cash,246,20,2,0,0,0,325798,0,912987,false,false,0.4937778496866768
after,nasdaq,cash,247,20,3,0,0,0,505007,0,765698,false,false,0.4963295429909949
after,nasdaq,cash,248,20,1,0,0,0,242031,0,2034671,false,false,0.4551561263871073
after,nasdaq,cash,249,20,4,0,0,0,634152,1,1102698,false,false,0.43242496050145274
after,nasdaq,cash,250,20,2,0,0,0,341495,0,2020819,false,false,0.44887494654475446
after,nasdaq,cash,251,20,6,2,2,42555,870556,0,148185,false,false,0.3953021492730382
after,nasdaq,cash,252,20,3,0,0,0,322245,0,1070304,false,false,0.47567164273042317
after,nasdaq,cash,253,20,0,0,0,0,0,0,1955846,false,false,0.46701188909625674
after,nasdaq,cash,254,20,2,0,0,0,180300,0,2833190,false,false,0.4444833861837846
after,nasdaq,cash,255,20,1,0,0,0,180263,0,1828737,false,false,0.47821268507407566
after,nasdaq,cash,256,20,3,0,0,0,565831,0,1795004,false,false,0.43588872444227694
after,nasdaq,cash,257,20,2,0,0,0,234198,0,1562002,false,false,0.45090643502364686
after,nasdaq,cash,258,20,4,0,0,0,579750,0,971410,false,false,0.4037638746768614
after,nasdaq,cash,259,20,2,0,0,0,444073,0,3478636,true,false,0.4280323602804764
after,nasdaq,cash,260,20,3,0,0,0,697091,0,1250812,false,false,0.45809306901339875
after,nasdaq,cash,261,20,4,0,0,0,516180,0,729074,false,false,0.42344441751021933
after,nasdaq,cash,262,20,2,0,0,0,362538,0,1611718,false,false,0.4453879879392796
after,nasdaq,cash,263,20,4,0,0,0,622156,0,597177,false,false,0.41432727908571854
after,nasdaq,cash,264,20,2,0,0,0,317996,0,701789,false,false,0.4877844266508299
after,nasdaq,cash,265,20,5,0,0,0,865692,0,989642,false,false,0.3879554718564221
after,nasdaq,cash,266,20,2,0,0,0,243110,0,827709,false,false,0.55875645078491
after,nasdaq,cash,267,20,3,0,0,0,492499,0,1586413,false,false,0.44085432235415806
after,nasdaq,cash,268,20,3,0,0,0,278773,0,7138713,true,false,0.39870910942599314
after,nasdaq,cash,269,20,4,0,0,0,841037,0,2336645,false,false,0.4087540075183805
after,nasdaq,cash,270,20,3,0,0,0,227860,0,1744059,false,false,0.45974543644082866
after,nasdaq,cash,271,20,2,0,0,0,178059,0,1921679,false,false,0.4517666456117159
after,nasdaq,cash,272,20,1,0,0,0,177351,0,2664047,false,false,0.4462559820912744
after,nasdaq,cash,273,20,3,0,0,0,401875,0,1679394,false,false,0.42563594192025844
after,nasdaq,cash,274,20,1,0,0,0,126075,0,1295406,false,false,0.4667432405790618
after,nasdaq,cash,275,20,1,0,0,0,131646,0,1254928,false,false,0.5488965676653988
after,nasdaq,cash,276,20,3,0,0,0,656450,0,1647063,false,false,0.4391048054562476
after,nasdaq,cash,277,20,3,0,0,0,340018,0,928131,false,false,0.47460775358621615
after,nasdaq,cash,278,20,2,0,0,0,293337,0,1115235,false,false,0.4912275621296236
after,nasdaq,cash,279,20,3,0,0,0,623185,0,1815593,false,false,0.4446724432647421
after,nasdaq,cash,280,20,3,0,0,0,394854,0,759987,false,false,0.5157457554563213
after,nasdaq,cash,281,20,2,0,0,0,374996,0,2273323,false,false,0.4509767947426213
after,nasdaq,cash,282,20,2,0,0,0,158234,0,4158120,true,false,0.4069674304063978
after,nasdaq,cash,283,20,5,0,0,0,832696,0,285549,false,false,0.3989445918092608
after,nasdaq,cash,284,20,3,0,0,0,259708,0,1276672,false,false,0.4883902105793919
after,nasdaq,cash,285,20,4,0,0,0,566038,0,1539963,false,false,0.394944107632263
after,nasdaq,cash,286,20,2,0,0,0,271965,0,1744331,false,false,0.45160419167608606
after,nasdaq,cash,287,20,2,0,0,0,205255,0,1316030,false,false,0.5139852819737424
after,nasdaq,cash,288,20,1,0,0,0,150247,0,1699266,false,false,0.5309995746228207
after,nasdaq,cash,289,20,3,0,0,0,407877,0,2181925,false,false,0.4075522073663117
after,nasdaq,cash,290,20,3,0,0,0,450814,0,1824445,false,false,0.41349619503743185
after,nasdaq,cash,291,20,4,0,0,0,583860,0,663953,false,false,0.45380338003756
after,nasdaq,cash,292,20,3,0,0,0,360575,0,465320,false,false,0.5106026522090569
after,nasdaq,cash,293,20,2,0,0,0,220624,0,4000294,true,false,0.39686243573544244
after,nasdaq,cash,294,20,3,0,0,0,476774,0,1832256,false,false,0.4490933234927141
after,nasdaq,cash,295,20,2,0,0,0,147696,0,1175073,false,false,0.5411225836606518
after,nasdaq,cash,296,20,4,0,0,0,607546,1,1178054,false,false,0.47339543712179166
after,nasdaq,cash,297,20,2,0,0,0,280325,0,1550686,false,false,0.45283989845167316
after,nasdaq,cash,298,20,2,0,0,0,268041,0,3875530,true,false,0.4064143553418395
after,nasdaq,cash,299,20,5,0,0,0,839961,0,682729,false,false,0.39012046442058473
after,nasdaq,cash,300,20,2,0,0,0,325137,0,1121773,false,false,0.5088125792499298
after,nasdaq,cash,301,20,3,0,0,0,500945,0,1691715,false,false,0.416019593170496
after,nasdaq,cash,302,20,3,0,0,0,478206,0,921205,false,false,0.47222894631778756
after,nasdaq,cash,303,20,3,0,0,0,364857,0,907322,false,false,0.5346345834976731
after,nasdaq,cash,304,20,2,0,0,0,309163,1,2398918,false,false,0.4506815729647412
after,nasdaq,cash,305,20,2,0,0,0,285474,0,4192893,true,false,0.42478920587891783
after,nasdaq,cash,306,20,1,0,0,0,57069,0,2098513,false,false,0.4456673692457687
after,nasdaq,cash,307,20,2,0,0,0,185019,0,1748794,false,false,0.42430300673240245
after,nasdaq,cash,308,20,5,0,0,0,732920,0,1133749,false,false,0.42544072463370197
after,nasdaq,cash,309,20,4,0,0,0,986000,0,4149757,true,false,0.395479359540159
after,nasdaq,cash,310,20,4,0,0,0,914333,0,457598,false,false,0.5039312503449945
after,nasdaq,cash,311,20,2,0,0,0,330923,0,778846,false,false,0.5239938104896007
after,nasdaq,cash,312,20,2,0,0,0,551715,0,1093625,false,false,0.4977336927017905
after,nasdaq,cash,313,20,3,0,0,0,419895,0,2108519,false,false,0.44532448605814545
after,nasdaq,cash,314,20,3,0,0,0,426096,0,1359088,false,false,0.42817483509645626
after,nasdaq,cash,315,20,0,0,0,0,0,0,1780214,false,false,0.47925528136039
after,nasdaq,cash,316,20,2,0,0,0,585268,0,2052286,false,false,0.4188921953385223
after,nasdaq,cash,317,20,2,0,0,0,339663,0,1056819,false,false,0.4612110050234707
after,nasdaq,cash,318,20,2,0,0,0,275195,0,759860,false,false,0.4725105147742754
after,nasdaq,cash,319,20,2,0,0,0,281780,0,1329039,false,false,0.4361364609104976
after,nasdaq,cash,320,20,4,0,0,0,594956,0,666035,false,false,0.42277239775408093
after,nasdaq,cash,321,20,4,0,0,0,345661,0,3687469,true,false,0.4004741715968675
after,nasdaq,cash,322,20,4,0,0,0,840025,0,3919159,true,false,0.3923168425030994
after,nasdaq,cash,323,20,2,0,0,0,237987,0,1632771,false,false,0.441745399844437
after,nasdaq,cash,324,20,3,0,0,0,503404,0,1891103,false,false,0.4479793396777906
after,nasdaq,cash,325,20,1,0,0,0,102799,0,3070381,true,false,0.42608461480110826
after,nasdaq,cash,326,20,2,0,0,0,231248,0,1023238,false,false,0.5505394402447424
after,nasdaq,cash,327,20,1,0,0,0,176762,0,1331061,false,false,0.5128170313748935
after,nasdaq,cash,328,20,3,0,0,0,552848,0,787188,false,false,0.4343059720463418
after,nasdaq,cash,329,20,2,0,0,0,322911,0,1438464,false,false,0.4797701193162345
after,nasdaq,cash,330,20,2,0,0,0,407537,0,1354779,false,false,0.517518696845352
after,nasdaq,cash,331,20,2,0,0,0,350176,0,610811,false,false,0.5730032720622028
after,nasdaq,cash,332,20,3,0,0,0,532840,0,933206,false,false,0.4967310343693695
after,nasdaq,cash,333,20,1,0,0,0,107954,0,1535242,false,false,0.4605729535034201
after,nasdaq,cash,334,20,3,0,0,0,714133,0,1355135,false,false,0.47111262462819525
after,nasdaq,cash,335,20,4,0,0,0,899552,0,1898567,false,false,0.4411151354669801
after,nasdaq,cash,336,20,1,0,0,0,128161,0,2309756,false,false,0.4416347947874429
after,nasdaq,cash,337,20,3,0,0,0,435587,0,1055889,false,false,0.4567270941206919
after,nasdaq,cash,338,20,4,0,0,0,568220,1,1291889,false,false,0.4123148436602387
after,nasdaq,cash,339,20,1,0,0,0,162736,0,2334801,false,false,0.44880015477272817
after,nasdaq,cash,340,20,1,0,0,0,168664,0,1293902,false,false,0.46127190527948503
after,nasdaq,cash,341,20,2,0,0,0,332429,0,1483474,false,false,0.46446149159668054
after,nasdaq,cash,342,20,1,0,0,0,160304,0,1764259,false,false,0.4608718426198908
after,nasdaq,cash,343,20,3,0,0,0,299484,0,3974861,true,false,0.4187379214194091
after,nasdaq,cash,344,20,4,0,0,0,535739,0,2926575,false,false,0.3812464308681403
after,nasdaq,cash,345,20,3,0,0,0,281082,1,2550074,false,false,0.41127123819323985
after,nasdaq,cash,346,20,3,0,0,0,610782,0,889732,false,false,0.45908010196290033
after,nasdaq,cash,347,20,4,0,0,0,498676,0,1246697,false,false,0.39723773562951675
after,nasdaq,cash,348,20,4,0,0,0,682144,0,632268,false,false,0.5097688066875036
after,nasdaq,cash,349,20,3,0,0,0,273124,0,696537,false,false,0.5089196752938152
after,nasdaq,cash,350,20,3,0,0,0,554950,0,1245492,false,false,0.4440796496677679
after,nasdaq,cash,351,20,2,0,0,0,306805,0,1230685,false,false,0.43591416308645564
after,nasdaq,cash,352,20,4,0,0,0,461802,0,587268,false,false,0.42005019289580775
after,nasdaq,cash,353,20,2,0,0,0,482402,0,3133587,true,false,0.43363376256876157
after,nasdaq,cash,354,20,3,0,0,0,335565,0,1566506,false,false,0.3853380997621497
after,nasdaq,cash,355,20,1,0,0,0,145197,0,1973610,false,false,0.4559430624516591
after,nasdaq,cash,356,20,2,0,0,0,201173,0,2425489,false,false,0.4314266426533159
after,nasdaq,cash,357,20,1,0,0,0,177517,0,2070669,false,false,0.4799943427226009
after,nasdaq,cash,358,20,3,0,0,0,535801,0,1059959,false,false,0.46190360674315495
after,nasdaq,cash,359,20,3,0,0,0,374176,0,601228,false,false,0.488026170790854
after,nasdaq,cash,360,20,3,0,0,0,600700,0,1480852,false,false,0.4869486912245324
after,nasdaq,cash,361,20,5,0,0,0,743156,0,727788,false,false,0.46243898437714437
after,nasdaq,cash,362,20,2,0,0,0,345511,0,1188143,false,false,0.501496520711827
after,nasdaq,cash,363,20,3,0,0,0,395903,0,1191407,false,false,0.5199903544977529
after,nasdaq,cash,364,20,3,0,0,0,372580,0,2485316,false,false,0.41157198169313347
after,nasdaq,cash,365,20,2,0,0,0,354394,0,1895670,false,false,0.4405634416515385
after,nasdaq,cash,366,20,2,0,0,0,368540,0,1417483,false,false,0.4952614717739937
after,nasdaq,cash,367,20,1,0,0,0,169645,0,1964253,false,false,0.4584518366271035
after,nasdaq,cash,368,20,0,0,0,0,0,0,2215115,false,false,0.4245387253642214
after,nasdaq,cash,369,20,2,0,0,0,266353,0,1501271,false,false,0.5059021336571747
after,nasdaq,cash,370,20,3,0,0,0,510477,1,1086014,false,false,0.42496952468900256
after,nasdaq,cash,371,20,2,0,0,0,298526,1,1675188,false,false,0.44973784266710215
after,nasdaq,cash,372,20,2,0,0,0,402784,0,666355,false,false,0.5675545680142318
after,nasdaq,cash,373,20,2,0,0,0,231523,0,1606383,false,false,0.49103697573687544
after,nasdaq,cash,374,20,4,0,0,0,441063,0,1388819,false,false,0.4558607921919761
after,nasdaq,cash,375,20,3,0,0,0,462308,0,1678092,false,false,0.46533792318689066
after,nasdaq,cash,376,20,1,0,0,0,172401,0,1798586,false,false,0.4648765860488779
after,nasdaq,cash,377,20,4,1,1,32615,610760,0,178399,false,false,0.45462062381970336
after,nasdaq,cash,378,20,2,0,0,0,467846,0,1407886,false,false,0.44527670368464733
after,nasdaq,cash,379,20,3,0,0,0,520341,0,3828641,true,false,0.43113637461768795
after,nasdaq,cash,380,20,4,0,0,0,657906,0,457229,false,false,0.43860380617001526
after,nasdaq,cash,381,20,2,0,0,0,278110,0,2038135,false,false,0.4349797076671987
after,nasdaq,cash,382,20,3,0,0,0,518660,1,2117316,false,false,0.4456686687599222
after,nasdaq,cash,383,20,2,0,0,0,321257,0,1568004,false,false,0.4411411393910479
after,nasdaq,cash,384,20,2,0,0,0,157755,0,839855,false,false,0.5279544782857355
after,nasdaq,cash,385,20,1,0,0,0,352503,0,837067,false,false,0.4671189379111828
after,nasdaq,cash,386,20,1,0,0,0,154288,0,3952426,true,false,0.4102956529803611
after,nasdaq,cash,387,20,2,0,0,0,304291,0,2656877,false,false,0.4138773097129966
after,nasdaq,cash,388,20,2,0,0,0,201028,0,1682885,false,false,0.47036676424526797
after,nasdaq,cash,389,20,2,0,0,0,351031,0,964864,false,false,0.5801710732709561
after,nasdaq,cash,390,20,2,0,0,0,328536,0,742772,false,false,0.5713366370007201
after,nasdaq,cash,391,20,3,0,0,0,844618,0,2694565,false,false,0.3864467618989372
after,nasdaq,cash,392,20,2,0,0,0,382309,0,1082418,false,false,0.4534297133291215
after,nasdaq,cash,393,20,4,0,0,0,531321,0,1608036,false,false,0.4428165743006269
after,nasdaq,cash,394,20,2,0,0,0,417513,0,3513586,true,false,0.4258748804666664
after,nasdaq,cash,395,20,1,0,0,0,229639,0,1009221,false,false,0.4938003520183159
after,nasdaq,cash,396,20,1,0,0,0,151978,0,1359809,false,false,0.4885899415560514
after,nasdaq,cash,397,20,3,0,0,0,557464,0,1650448,false,false,0.47549600596204994
after,nasdaq,cash,398,20,4,0,0,0,792024,0,1340162,false,false,0.3797431721375321
after,nasdaq,cash,399,20,3,0,0,0,423097,0,776179,false,false,0.512180290158105
after,nasdaq,cash,400,20,2,0,0,0,297153,0,3006048,true,false,0.39965740116692955
after,nasdaq,cash,401,20,3,0,0,0,459851,0,2299992,false,false,0.453198323924257
after,nasdaq,cash,402,20,3,0,0,0,376483,0,1035441,false,false,0.5077933542400357
after,nasdaq,cash,403,20,3,0,0,0,552284,0,3564631,true,false,0.42117306779059305
after,nasdaq,cash,404,20,2,0,0,0,404213,0,1533676,false,false,0.45138236172661594
after,nasdaq,cash,405,20,2,0,0,0,212631,0,796510,false,false,0.6000881639994307
after,nasdaq,cash,406,20,4,0,0,0,526765,1,2882809,false,false,0.43809648324480993
after,nasdaq,cash,407,20,4,0,0,0,528814,0,1673588,false,false,0.466883146414318
after,nasdaq,cash,408,20,2,0,0,0,228190,0,1158809,false,false,0.40213289056339774
after,nasdaq,cash,409,20,1,0,0,0,92777,0,1564092,false,false,0.5098463202871313
after,nasdaq,cash,410,20,3,0,0,0,397324,0,1350076,false,false,0.5155034298028872
after,nasdaq,cash,411,20,2,0,0,0,413784,0,1248859,false,false,0.4792556125862381
after,nasdaq,cash,412,20,1,0,0,0,128433,0,2033155,false,false,0.45067321075648514
after,nasdaq,cash,413,20,3,0,0,0,412747,0,860420,false,false,0.45084569544440534
after,nasdaq,cash,414,20,1,0,0,0,155644,0,4901557,true,false,0.42847340164273434
after,nasdaq,cash,415,20,3,0,0,0,451724,0,3049226,true,false,0.39796246196194235
after,nasdaq,cash,416,20,1,0,0,0,61293,0,1947671,false,false,0.47362089873162744
after,nasdaq,cash,417,20,4,0,0,0,450797,0,1282413,false,false,0.44284418865121655
after,nasdaq,cash,418,20,3,0,0,0,553545,0,2172181,false,false,0.45423864600743713
after,nasdaq,cash,419,20,2,0,0,0,382493,0,1060436,false,false,0.5703475107045464
after,nasdaq,cash,420,20,5,0,0,0,950246,0,1304748,false,false,0.42157482812028013
after,nasdaq,cash,421,20,4,0,0,0,539584,0,692060,false,false,0.5545318185950708
after,nasdaq,cash,422,20,4,0,0,0,333846,0,409089,false,false,0.4903563455160301
after,nasdaq,cash,423,20,4,0,0,0,575918,0,320841,false,false,0.4331353082660249
after,nasdaq,cash,424,20,4,0,0,0,737762,0,486445,false,false,0.4192048059172321
after,nasdaq,cash,425,20,2,0,0,0,286333,0,1218808,false,false,0.49837052104831914
after,nasdaq,cash,426,20,2,0,0,0,436754,0,3811857,true,false,0.4078688363903843
after,nasdaq,cash,427,20,1,0,0,0,86542,0,1072857,false,false,0.525630749564972
after,nasdaq,cash,428,20,1,0,0,0,64745,0,2514596,false,false,0.4512845360860259
after,nasdaq,cash,429,20,2,0,0,0,336783,0,1160956,false,false,0.48725663711928124
after,nasdaq,cash,430,20,3,0,0,0,380022,0,1250622,false,false,0.44559409104818776
after,nasdaq,cash,431,20,4,0,0,0,520325,0,1051545,false,false,0.4846535652088496
after,nasdaq,cash,432,20,2,0,0,0,395821,0,1241931,false,false,0.46862024189294715
after,nasdaq,cash,433,20,1,0,0,0,221179,0,2309651,false,false,0.47155136706251516
after,nasdaq,cash,434,20,3,0,0,0,417640,0,1117258,false,false,0.4593569649369346
after,nasdaq,cash,435,20,1,0,0,0,209191,0,1839814,false,false,0.5043218929517288
after,nasdaq,cash,436,20,3,0,0,0,548553,0,641441,false,false,0.47378987043087617
after,nasdaq,cash,437,20,1,0,0,0,197872,0,1062360,false,false,0.5625943773073089
after,nasdaq,cash,438,20,2,0,0,0,424943,0,1560476,false,false,0.4877526820066381
after,nasdaq,cash,439,20,4,0,0,0,763516,0,2493444,false,false,0.3823051267412984
after,nasdaq,cash,440,20,3,0,0,0,545272,0,1337048,false,false,0.5193067137325886
after,nasdaq,cash,441,20,3,0,0,0,434240,0,1952570,false,false,0.40729790587698
after,nasdaq,cash,442,20,2,0,0,0,338529,0,767462,false,false,0.46060931029069296
after,nasdaq,cash,443,20,3,0,0,0,446195,0,809378,false,false,0.5207325474412061
after,nasdaq,cash,444,20,4,0,0,0,589064,0,1185557,false,false,0.436269383435405
after,nasdaq,cash,445,20,1,0,0,0,115551,0,2196025,false,false,0.46441107733993753
after,nasdaq,cash,446,20,5,1,1,41877,705583,0,140536,false,false,0.47125686010978907
after,nasdaq,cash,447,20,1,0,0,0,122475,0,837169,false,false,0.5416508949339598
after,nasdaq,cash,448,20,3,0,0,0,436403,0,731613,false,false,0.5117728298768076
after,nasdaq,cash,449,20,4,0,0,0,519111,0,460813,false,false,0.5028589646262301
after,nasdaq,cash,450,20,2,0,0,0,298639,0,1037813,false,false,0.5153411458351338
after,nasdaq,cash,451,20,2,0,0,0,274652,0,2091891,false,false,0.47229403530188563
after,nasdaq,cash,452,20,2,0,0,0,215871,0,1819549,false,false,0.47249646532924167
after,nasdaq,cash,453,20,2,0,0,0,373122,0,1719093,false,false,0.48657733435431716
after,nasdaq,cash,454,20,1,0,0,0,61021,0,1922990,false,false,0.4484945294214511
after,nasdaq,cash,455,20,4,0,0,0,644289,0,2077051,false,false,0.41809310796695864
after,nasdaq,cash,456,20,2,0,0,0,432313,0,2241820,false,false,0.4417996294558792
after,nasdaq,cash,457,20,3,0,0,0,618734,0,1217299,false,false,0.41641553695538924
after,nasdaq,cash,458,20,4,0,0,0,437708,0,962101,false,false,0.4176068653394764
after,nasdaq,cash,459,20,1,0,0,0,97103,0,1253555,false,false,0.5009612912954736
after,nasdaq,cash,460,20,1,0,0,0,167258,1,2981208,false,false,0.42330668368470653
after,nasdaq,cash,461,20,5,0,0,0,793844,0,1383740,false,false,0.43640298819705664
after,nasdaq,cash,462,20,3,0,0,0,533645,0,2827373,false,false,0.4310866744578363
after,nasdaq,cash,463,20,2,0,0,0,292480,0,1099893,false,false,0.5177425288038944
after,nasdaq,cash,464,20,2,0,0,0,382783,0,835042,false,false,0.4724806269890814
after,nasdaq,cash,465,20,2,0,0,0,265744,0,1688288,false,false,0.443200743477009
after,nasdaq,cash,466,20,2,0,0,0,293596,0,1251743,false,false,0.49229484157994713
after,nasdaq,cash,467,20,1,0,0,0,180662,0,1221279,false,false,0.5275942861560395
after,nasdaq,cash,468,20,2,0,0,0,472597,0,1511996,false,false,0.44274096429605503
after,nasdaq,cash,469,20,3,0,0,0,295107,0,1065526,false,false,0.3880802808214393
after,nasdaq,cash,470,20,2,0,0,0,239918,0,2911917,false,false,0.4482071080366829
after,nasdaq,cash,471,20,3,0,0,0,553129,0,509586,false,false,0.5837906662037426
after,nasdaq,cash,472,20,3,0,0,0,335841,0,1169163,false,false,0.4762207801761
after,nasdaq,cash,473,20,1,0,0,0,181212,0,2022758,false,false,0.4435119779115654
after,nasdaq,cash,474,20,3,0,0,0,676164,0,1347518,false,false,0.4493377181538751
after,nasdaq,cash,475,20,2,0,0,0,433625,0,973828,false,false,0.5326203435395561
after,nasdaq,cash,476,20,3,0,0,0,410382,0,2106371,false,false,0.43396752197250466
after,nasdaq,cash,477,20,2,0,0,0,236710,0,2275665,false,false,0.46396037440695465
after,nasdaq,cash,478,20,3,0,0,0,530725,0,384867,false,false,0.5510243752882357
after,nasdaq,cash,479,20,2,0,0,0,243518,0,1413234,false,false,0.4283865691806126
after,nasdaq,cash,480,20,2,0,0,0,307772,0,2859942,false,false,0.4039449432563715
after,nasdaq,cash,481,20,2,0,0,0,636481,0,1931764,false,false,0.4725856709381596
after,nasdaq,cash,482,20,4,0,0,0,668108,1,1671322,false,false,0.4922589020235379
after,nasdaq,cash,483,20,2,0,0,0,232601,0,2130883,false,false,0.4518459090143729
after,nasdaq,cash,484,20,2,0,0,0,240830,0,2015930,false,false,0.4441809365367839
after,nasdaq,cash,485,20,2,0,0,0,237712,0,3099783,true,false,0.41760247235044917
after,nasdaq,cash,486,20,3,0,0,0,414469,0,977936,false,false,0.5214977443212574
after,nasdaq,cash,487,20,0,0,0,0,0,0,2213083,false,false,0.4447929999942982
after,nasdaq,cash,488,20,4,0,0,0,524145,0,1719140,false,false,0.4476926380856928
after,nasdaq,cash,489,20,3,0,0,0,462349,0,2793736,false,false,0.42089188461528887
after,nasdaq,cash,490,20,5,0,0,0,840126,0,1140798,false,false,0.44726469457206264
after,nasdaq,cash,491,20,4,0,0,0,386227,1,960912,false,false,0.4934107079368764
after,nasdaq,cash,492,20,5,0,0,0,656274,1,1085024,false,false,0.44085832407350856
after,nasdaq,cash,493,20,4,0,0,0,741636,0,803908,false,false,0.44119486586138273
after,nasdaq,cash,494,20,2,0,0,0,448941,0,1273746,false,false,0.46005392094239095
after,nasdaq,cash,495,20,2,0,0,0,257671,0,905540,false,false,0.5517392696567441
after,nasdaq,cash,496,20,3,0,0,0,626795,1,2643201,false,false,0.40611290978140124
after,nasdaq,cash,497,20,3,0,0,0,646101,0,1597654,false,false,0.43270246817680286
after,nasdaq,cash,498,20,4,0,0,0,653699,0,1761276,false,false,0.39074324429627694
after,nasdaq,cash,499,20,2,0,0,0,305527,0,1544867,false,false,0.47529645787512564
after,nasdaq,cash,500,20,2,0,0,0,275002,0,1258884,false,false,0.4955875464570297
after,nasdaq,cash,501,20,3,0,0,0,462262,0,2310008,false,false,0.4219431222781485
after,nasdaq,cash,502,20,5,0,0,0,843523,0,1779704,false,false,0.3954436269723059
after,nasdaq,cash,503,20,2,0,0,0,278208,0,3020596,true,false,0.42005218972515906
after,nasdaq,cash,504,20,4,0,0,0,543940,0,778136,false,false,0.4571646791769249
after,nasdaq,cash,505,20,2,0,0,0,389610,0,2306580,false,false,0.44999136196238465
after,nasdaq,cash,506,20,2,0,0,0,443845,0,1499647,false,false,0.4349539586799758
after,nasdaq,cash,507,20,3,0,0,0,460006,1,3700554,true,false,0.4272608570665666
after,nasdaq,cash,508,20,4,0,0,0,586922,0,1076136,false,false,0.43969931029294057
after,nasdaq,cash,509,20,1,0,0,0,191588,0,1261035,false,false,0.45790591333025554
after,nasdaq,cash,510,20,1,0,0,0,152648,0,1866379,false,false,0.41931437665670773
after,nasdaq,cash,511,20,2,0,0,0,331246,0,1152822,false,false,0.4799837267102678
after,nasdaq,cash,512,20,3,0,0,0,585470,0,2458252,false,false,0.4885834650668821
after,nasdaq,cash,513,20,4,0,0,0,696376,0,1025765,false,false,0.47287612947613306
after,nasdaq,cash,514,20,1,0,0,0,69665,0,1784198,false,false,0.5045721603360035
after,nasdaq,cash,515,20,3,0,0,0,575085,0,1154474,false,false,0.45253100689197934
after,nasdaq,cash,516,20,2,0,0,0,256249,0,1572855,false,false,0.44332409302574716
after,nasdaq,cash,517,20,2,0,0,0,188071,0,1072920,false,false,0.5074589991551036
after,nasdaq,cash,518,20,2,0,0,0,428695,0,678422,false,false,0.5519299308776711
after,nasdaq,cash,519,20,2,0,0,0,266508,0,2154021,false,false,0.443047141077331
after,nasdaq,cash,520,20,3,0,0,0,347757,0,824926,false,false,0.5040948387734768
after,nasdaq,cash,521,20,2,0,0,0,290017,0,1949230,false,false,0.4601740134311411
after,nasdaq,cash,522,20,4,0,0,0,549705,0,860544,false,false,0.4614150162861139
after,nasdaq,cash,523,20,2,0,0,0,184709,0,1499658,false,false,0.4389325205442797
after,nasdaq,cash,524,20,3,0,0,0,425585,0,1438353,false,false,0.43648813573910933
after,nasdaq,cash,525,20,0,0,0,0,0,0,861248,false,false,0.5077329185868462
after,nasdaq,cash,526,20,5,1,1,51448,855582,0,88889,false,false,0.4363613588133677
after,nasdaq,cash,527,20,3,0,0,0,635115,0,1921396,false,false,0.43291619019173855
after,nasdaq,cash,528,20,1,0,0,0,86496,0,615606,false,false,0.6739490418738608
after,nasdaq,cash,529,20,3,0,0,0,629283,0,1172372,false,false,0.45674558138648996
after,nasdaq,cash,530,20,5,0,0,0,676437,0,606057,false,false,0.5130552197294592
after,nasdaq,cash,531,20,2,0,0,0,415429,0,2230737,false,false,0.41199534378441677
after,nasdaq,cash,532,20,2,0,0,0,221850,0,877899,false,false,0.4776361114853042
after,nasdaq,cash,533,20,1,0,0,0,79353,0,2060087,false,false,0.5033735334914005
after,nasdaq,cash,534,20,4,0,0,0,875514,0,1464467,false,false,0.399688543347863
after,nasdaq,cash,535,20,3,0,0,0,452700,0,1636896,false,false,0.43534996279209404
after,nasdaq,cash,536,20,1,0,0,0,173411,0,2070324,false,false,0.45391228399849837
after,nasdaq,cash,537,20,2,0,0,0,271005,0,3104177,true,false,0.42065552064482137
after,nasdaq,cash,538,20,2,0,0,0,315453,0,2522485,false,false,0.48101441760723684
after,nasdaq,cash,539,20,1,0,0,0,118545,0,4544472,true,false,0.41904106625922755
after,nasdaq,cash,540,20,4,0,0,0,502122,0,1153395,false,false,0.5025491268623037
after,nasdaq,cash,541,20,3,0,0,0,466951,0,2588560,false,false,0.4169926851248464
after,nasdaq,cash,542,20,3,0,0,0,332161,0,956668,false,false,0.4836967901782153
after,nasdaq,cash,543,20,5,0,0,0,696212,0,797454,false,false,0.43393458496058795
after,nasdaq,cash,544,20,0,0,0,0,0,0,1805839,false,false,0.4509586535426311
after,nasdaq,cash,545,20,2,0,0,0,233187,0,1207961,false,false,0.45946002963549404
after,nasdaq,cash,546,20,0,0,0,0,0,0,991874,false,false,0.6408446365000731
after,nasdaq,cash,547,20,3,0,0,0,515610,0,1155019,false,false,0.4354226506588268
after,nasdaq,cash,548,20,3,0,0,0,460707,1,3120872,true,false,0.4137407244312817
after,nasdaq,cash,549,20,3,0,0,0,452701,0,862077,false,false,0.4871199663878893
after,nasdaq,cash,550,20,2,0,0,0,223270,0,1285253,false,false,0.4810246886133471
after,nasdaq,cash,551,20,1,0,0,0,74902,0,1375512,false,false,0.4608198135874047
after,nasdaq,cash,552,20,2,0,0,0,371466,0,2998899,false,false,0.41707924353976644
after,nasdaq,cash,553,20,4,0,0,0,786803,0,2279321,false,false,0.40695609643386366
after,nasdaq,cash,554,20,3,0,0,0,449060,0,1256487,false,false,0.44041619174097824
after,nasdaq,cash,555,20,3,0,0,0,524649,1,1123615,false,false,0.45142222905106416
after,nasdaq,cash,556,20,1,0,0,0,228615,0,2419904,false,false,0.46316963294242913
after,nasdaq,cash,557,20,2,0,0,0,210122,0,960509,false,false,0.4758770184479403
after,nasdaq,cash,558,20,3,0,0,0,512634,0,1334065,false,false,0.4953198642515958
after,nasdaq,cash,559,20,2,0,0,0,402171,0,2114920,false,false,0.44145919725970045
after,nasdaq,cash,560,20,4,0,0,0,698846,0,1233559,false,false,0.4334087655510461
after,nasdaq,cash,561,20,1,0,0,0,195278,0,2291104,false,false,0.449594850543542
after,nasdaq,cash,562,20,4,0,0,0,711507,0,1025052,false,false,0.3779999407313358
after,nasdaq,cash,563,20,0,0,0,0,0,0,1192732,false,false,0.5183559790922461
after,nasdaq,cash,564,20,1,0,0,0,74840,0,882962,false,false,0.6134185055432597
after,nasdaq,cash,565,20,4,0,0,0,957577,0,1076291,false,false,0.46372371056572853
after,nasdaq,cash,566,20,2,0,0,0,158235,0,4074914,true,false,0.4372110548116905
after,nasdaq,cash,567,20,2,0,0,0,257872,0,812148,false,false,0.5363357190252934
after,nasdaq,cash,568,20,2,0,0,0,281893,0,2533115,false,false,0.4361398377097112
after,nasdaq,cash,569,20,1,0,0,0,108529,0,2749690,false,false,0.41533821635888346
after,nasdaq,cash,570,20,1,0,0,0,315959,0,1203765,false,false,0.516044432431439
after,nasdaq,cash,571,20,4,0,0,0,533243,1,3704519,true,false,0.4197570018765086
after,nasdaq,cash,572,20,4,0,0,0,608489,0,1447409,false,false,0.4190716441897339
after,nasdaq,cash,573,20,2,0,0,0,324577,0,1665934,false,false,0.4798170511408106
after,nasdaq,cash,574,20,2,0,0,0,274359,0,1640194,false,false,0.44006585682847615
after,nasdaq,cash,575,20,3,0,0,0,467782,0,1726513,false,false,0.4576209923761735
after,nasdaq,cash,576,20,2,0,0,0,355657,0,651669,false,false,0.4923508194106807
after,nasdaq,cash,577,20,3,0,0,0,391891,1,1611851,false,false,0.43584824240565095
after,nasdaq,cash,578,20,2,0,0,0,249683,0,1125124,false,false,0.5474136401447599
after,nasdaq,cash,579,20,2,0,0,0,357232,0,1482129,false,false,0.43801168879307123
after,nasdaq,cash,580,20,1,0,0,0,240338,0,1715356,false,false,0.4514609050679085
after,nasdaq,cash,581,20,3,0,0,0,524131,0,653724,false,false,0.478631623988261
after,nasdaq,cash,582,20,2,0,0,0,338038,0,1113768,false,false,0.44951230899179173
after,nasdaq,cash,583,20,3,0,0,0,550544,0,1293521,false,false,0.508403886185349
after,nasdaq,cash,584,20,2,0,0,0,377545,0,534039,false,false,0.5404356569319124
after,nasdaq,cash,585,20,5,0,0,0,588270,0,1597081,false,false,0.4137255013552636
after,nasdaq,cash,586,20,3,0,0,0,319417,1,1864602,false,false,0.4448982116290609
after,nasdaq,cash,587,20,2,0,0,0,422561,0,888598,false,false,0.4766774126037167
after,nasdaq,cash,588,20,4,0,0,0,750470,0,1334208,false,false,0.4198238214216096
after,nasdaq,cash,589,20,4,0,0,0,624790,0,1022174,false,false,0.39790927726636516
after,nasdaq,cash,590,20,3,0,0,0,314083,0,2793237,false,false,0.40959970941908164
after,nasdaq,cash,591,20,2,0,0,0,433019,0,816761,false,false,0.5160342042608483
after,nasdaq,cash,592,20,4,0,0,0,592310,0,1131489,false,false,0.4741213919192077
after,nasdaq,cash,593,20,3,0,0,0,451348,1,1708426,false,false,0.4395921445458958
after,nasdaq,cash,594,20,3,0,0,0,533792,0,533476,false,false,0.5484651441529497
after,nasdaq,cash,595,20,2,0,0,0,208413,0,1568169,false,false,0.48100585216519465
after,nasdaq,cash,596,20,1,0,0,0,187300,0,5554302,true,false,0.397366793400418
after,nasdaq,cash,597,20,3,0,0,0,444128,0,1246903,false,false,0.4979211979809109
after,nasdaq,cash,598,20,2,0,0,0,337123,0,861904,false,false,0.5582672208661041
after,nasdaq,cash,599,20,2,0,0,0,346466,0,1676980,false,false,0.4256149113101789
after,nasdaq,standard,0,20,2,0,0,0,339277,0,3767482,true,false,0.11420053261774987
after,nasdaq,standard,1,20,2,0,0,0,406624,0,9810323,true,false,0.13154532011046932
after,nasdaq,standard,2,20,2,0,0,0,433703,0,8293066,true,false,0.10795319865749312
after,nasdaq,standard,3,20,2,0,0,0,423899,0,2127415,false,false,0.13092993953611726
after,nasdaq,standard,4,20,1,0,0,0,64988,0,2594359,false,false,0.17670757576179036
after,nasdaq,standard,5,20,2,0,0,0,205070,0,2556838,false,false,0.1351658462522344
after,nasdaq,standard,6,20,3,1,1,93311,404446,0,6097623,true,false,0.0726197874281431
after,nasdaq,standard,7,20,4,3,3,152287,484336,1,2940900,false,false,0.0766699948365597
after,nasdaq,standard,8,20,1,0,0,0,260906,0,1262917,false,false,0.1907781442915944
after,nasdaq,standard,9,20,2,0,0,0,426832,0,8202462,true,false,0.10700850620043778
after,nasdaq,standard,10,20,2,0,0,0,241190,0,1357630,false,false,0.19988493342404648
after,nasdaq,standard,11,20,3,1,1,150579,555097,0,761894,false,false,0.16408837912510443
after,nasdaq,standard,12,20,2,0,0,0,438194,0,951417,false,false,0.14473111817329495
after,nasdaq,standard,13,20,2,0,0,0,290130,0,4596254,true,false,0.15666243847692124
after,nasdaq,standard,14,20,2,1,1,32368,253816,0,1090545,false,false,0.16005818686279835
after,nasdaq,standard,15,20,1,0,0,0,249307,0,6073211,true,false,0.14058567248158954
after,nasdaq,standard,16,20,3,0,0,0,520952,0,4786333,true,false,0.09954449753583453
after,nasdaq,standard,17,20,2,0,0,0,364809,0,15198484,true,false,0.08296475760860156
after,nasdaq,standard,18,20,5,2,2,147732,854204,0,9529466,true,false,0.04414525878315524
after,nasdaq,standard,19,20,3,2,2,242798,757147,0,9704500,true,false,0.07949019028752521
after,nasdaq,standard,20,20,2,2,2,84230,235132,0,959168,false,false,0.12438852670080622
after,nasdaq,standard,21,20,4,1,1,54087,527178,0,5800780,true,false,0.07833578309169774
after,nasdaq,standard,22,20,4,2,2,244236,598237,0,1536429,false,false,0.11568175010111244
after,nasdaq,standard,23,20,2,0,0,0,427738,0,3101363,true,false,0.13215145488654273
after,nasdaq,standard,24,20,4,0,0,0,599434,0,6419396,true,false,0.06910532657779409
after,nasdaq,standard,25,20,1,0,0,0,130502,0,4249208,true,false,0.16069423501533905
after,nasdaq,standard,26,20,1,0,0,0,57158,0,4054716,true,false,0.14229242736376094
after,nasdaq,standard,27,20,1,0,0,0,75404,0,2906649,false,false,0.18101007787370224
after,nasdaq,standard,28,20,2,0,0,0,354305,0,1543362,false,false,0.16868383670138445
after,nasdaq,standard,29,20,2,0,0,0,351811,0,3809942,true,false,0.17254071115606998
after,nasdaq,standard,30,20,1,0,0,0,180863,0,3980345,true,false,0.13944889640973016
after,nasdaq,standard,31,20,2,0,0,0,314625,0,3535793,true,false,0.11591825315081776
after,nasdaq,standard,32,17,4,3,3,212226,472930,0,0,false,true,0.2305038845013367
after,nasdaq,standard,33,20,0,0,0,0,0,0,4405907,true,false,0.11828408940638568
after,nasdaq,standard,34,20,1,0,0,0,302965,0,4706756,true,false,0.12319254739666538
after,nasdaq,standard,35,20,2,2,2,62543,311038,0,3557577,true,false,0.0833627249026542
after,nasdaq,standard,36,20,1,0,0,0,102811,0,4146737,true,false,0.17919784661555455
after,nasdaq,standard,37,20,2,0,0,0,245419,0,1487857,false,false,0.1649818381999818
after,nasdaq,standard,38,20,4,0,0,0,812451,0,3992523,true,false,0.11870123094042362
after,nasdaq,standard,39,20,2,1,1,109729,421364,0,1468045,false,false,0.17556504537359272
after,nasdaq,standard,40,20,3,0,0,0,739094,0,15566000,true,false,0.10472391429506833
after,nasdaq,standard,41,20,2,0,0,0,218242,0,2866212,false,false,0.13063446431182224
after,nasdaq,standard,42,20,2,0,0,0,301527,0,2538716,false,false,0.1519415026888153
after,nasdaq,standard,43,20,3,1,1,170569,629600,0,7339328,true,false,0.08492940635737857
after,nasdaq,standard,44,20,3,0,0,0,746195,1,12849093,true,false,0.07161029226026716
after,nasdaq,standard,45,20,4,4,4,284107,513496,0,396239,false,false,0.12189721024738061
after,nasdaq,standard,46,20,3,0,0,0,530042,0,228900,false,false,0.21198171109232086
after,nasdaq,standard,47,20,3,1,1,61399,437945,0,1543623,false,false,0.11001025005688495
after,nasdaq,standard,48,20,2,2,2,78252,329866,0,1788919,false,false,0.14521927147550678
after,nasdaq,standard,49,20,3,3,3,164370,446202,0,278285,false,false,0.14771429561298263
after,nasdaq,standard,50,20,3,1,1,39047,621028,1,6566315,true,false,0.07425663054864903
after,nasdaq,standard,51,20,2,0,0,0,371070,1,5839173,true,false,0.14079821598676706
after,nasdaq,standard,52,20,3,2,2,241761,495171,0,2212070,false,false,0.12314637024969469
after,nasdaq,standard,53,20,3,0,0,0,700413,0,3389233,true,false,0.07274474628398561
after,nasdaq,standard,54,20,2,0,0,0,180546,0,16850086,true,false,0.08391445947949434
after,nasdaq,standard,55,20,3,3,3,338933,470888,0,441025,false,false,0.15313963677078374
after,nasdaq,standard,56,20,2,0,0,0,330184,0,6367518,true,false,0.12353747965041192
after,nasdaq,standard,57,20,0,0,0,0,0,0,2629262,false,false,0.17793627834660963
after,nasdaq,standard,58,20,3,1,1,136790,479542,0,1010985,false,false,0.11890993670310857
after,nasdaq,standard,59,20,2,0,0,0,277839,0,16270652,true,false,0.1587422752569335
after,nasdaq,standard,60,20,4,1,1,32331,594222,0,9522918,true,false,0.13691330853550268
after,nasdaq,standard,61,20,5,2,2,99894,710536,0,15853007,true,false,0.03486305833580637
after,nasdaq,standard,62,20,1,0,0,0,139311,0,5919874,true,false,0.08801807784173894
after,nasdaq,standard,63,20,1,0,0,0,189929,0,7998418,true,false,0.1306013077449128
after,nasdaq,standard,64,20,2,0,0,0,341560,0,26908551,true,false,0.09514087578964615
after,nasdaq,standard,65,20,4,1,1,102698,803589,1,6917690,true,false,0.1064559040530827
after,nasdaq,standard,66,20,1,0,0,0,144854,0,1514156,false,false,0.22572815378270294
after,nasdaq,standard,67,20,3,1,1,85435,354486,0,378278,false,false,0.1588344262840505
after,nasdaq,standard,68,20,2,0,0,0,484937,0,15136239,true,false,0.08093257379928748
after,nasdaq,standard,69,20,3,1,1,15519,685188,0,3879190,true,false,0.11852854455378325
after,nasdaq,standard,70,20,2,2,2,149663,286730,0,2256335,false,false,0.1176570871261466
after,nasdaq,standard,71,20,5,3,3,174186,594929,0,2181938,false,false,0.08429665498906792
after,nasdaq,standard,72,20,3,0,0,0,479004,0,10800843,true,false,0.16931943719427073
after,nasdaq,standard,73,20,2,0,0,0,170630,0,1374494,false,false,0.13709336908777553
after,nasdaq,standard,74,20,3,1,1,129097,555560,0,873041,false,false,0.1381745135983989
after,nasdaq,standard,75,20,2,1,1,19415,253923,0,3345158,true,false,0.11850057345779179
after,nasdaq,standard,76,20,3,0,0,0,559695,0,5350799,true,false,0.07145454102449512
after,nasdaq,standard,77,20,3,1,1,3348,465863,0,3620407,true,false,0.15022606945132075
after,nasdaq,standard,78,20,1,0,0,0,184055,0,13826945,true,false,0.12159810503567234
after,nasdaq,standard,79,20,2,1,1,48483,241377,0,386548,false,false,0.1820004085301556
after,nasdaq,standard,80,20,2,0,0,0,444497,0,4487150,true,false,0.18456607115362395
after,nasdaq,standard,81,20,4,0,0,0,805955,0,9421762,true,false,0.09256830389978718
after,nasdaq,standard,82,20,3,2,2,33954,622983,0,3688732,true,false,0.12129666116717344
after,nasdaq,standard,83,20,3,2,2,227649,686164,0,5894262,true,false,0.09352731327821506
after,nasdaq,standard,84,20,3,0,0,0,444809,0,25836153,true,false,0.06733358893022806
after,nasdaq,standard,85,20,3,2,2,125462,672057,0,2728131,false,false,0.12212989450513116
after,nasdaq,standard,86,20,2,0,0,0,366684,0,9009854,true,false,0.08511791232780008
after,nasdaq,standard,87,20,2,0,0,0,282372,0,1529947,false,false,0.20766778038977227
after,nasdaq,standard,88,20,2,0,0,0,307877,0,18622731,true,false,0.08566937841961683
after,nasdaq,standard,89,20,2,1,1,54732,334853,0,2400698,false,false,0.12241632830563316
after,nasdaq,standard,90,20,2,0,0,0,200983,0,3740862,true,false,0.15285581423717
after,nasdaq,standard,91,20,2,1,1,19892,270355,0,3102524,true,false,0.09590869716403073
after,nasdaq,standard,92,20,3,2,2,37616,385972,0,1072491,false,false,0.1623778869815906
after,nasdaq,standard,93,20,1,1,1,56422,150228,0,1098852,false,false,0.2865213134442468
after,nasdaq,standard,94,20,3,2,2,146352,596532,0,3149787,true,false,0.10670591249194512
after,nasdaq,standard,95,20,1,0,0,0,55596,0,18688140,true,false,0.10126241348144693
after,nasdaq,standard,96,20,1,0,0,0,113558,0,3392191,true,false,0.1323826541344232
after,nasdaq,standard,97,20,2,1,1,32544,461503,0,9192696,true,false,0.09228412980255615
after,nasdaq,standard,98,20,3,1,1,231944,655923,0,3918888,true,false,0.11181958416528522
after,nasdaq,standard,99,20,2,0,0,0,230173,0,1461116,false,false,0.32030098036983723
after,nasdaq,standard,100,20,4,0,0,0,857181,0,8993570,true,false,0.05624902842509318
after,nasdaq,standard,101,20,4,2,2,111556,924588,0,5115941,true,false,0.09949004635504913
after,nasdaq,standard,102,20,3,2,2,165263,609792,0,6239049,true,false,0.09361775535471373
after,nasdaq,standard,103,20,3,3,3,191499,403787,0,803458,false,false,0.07809492940215715
after,nasdaq,standard,104,20,3,0,0,0,630373,0,5187225,true,false,0.10600779116084788
after,nasdaq,standard,105,20,4,1,1,91137,661543,0,5018103,true,false,0.05362668268563266
after,nasdaq,standard,106,20,2,1,1,10905,320839,0,2306798,false,false,0.11468795666530829
after,nasdaq,standard,107,20,2,0,0,0,401980,0,2220519,false,false,0.11330851284996171
after,nasdaq,standard,108,20,1,0,0,0,115793,0,9743399,true,false,0.09316485181148224
after,nasdaq,standard,109,20,2,0,0,0,428302,0,5555410,true,false,0.1573635127589201
after,nasdaq,standard,110,20,1,0,0,0,104328,0,7446442,true,false,0.12617432989710828
after,nasdaq,standard,111,20,2,0,0,0,319306,0,3879132,true,false,0.18223255758065224
after,nasdaq,standard,112,20,2,0,0,0,489776,0,12665124,true,false,0.0880324312700037
after,nasdaq,standard,113,20,2,1,1,36117,302725,0,1182025,false,false,0.18524125982322576
after,nasdaq,standard,114,20,3,0,0,0,585292,0,14882803,true,false,0.10376457681144322
after,nasdaq,standard,115,20,1,0,0,0,160046,0,3487564,true,false,0.16364976469230474
after,nasdaq,standard,116,20,2,2,2,211059,470544,0,2188596,false,false,0.12228052844426125
after,nasdaq,standard,117,20,2,1,1,17429,262068,0,1200213,false,false,0.12012434477862696
after,nasdaq,standard,118,20,3,1,1,69119,407791,0,550019,false,false,0.12430745285502123
after,nasdaq,standard,119,20,2,0,0,0,298901,0,17537073,true,false,0.08550286839235766
after,nasdaq,standard,120,20,2,0,0,0,380739,0,7529607,true,false,0.1712324688799928
after,nasdaq,standard,121,20,2,1,1,48139,367467,1,10118475,true,false,0.08259202840992609
after,nasdaq,standard,122,20,3,0,0,0,583674,0,12787040,true,false,0.1134891074593695
after,nasdaq,standard,123,20,1,1,1,77398,198348,0,3033658,true,false,0.11505427975365427
after,nasdaq,standard,124,20,1,1,1,130871,268309,0,2400295,false,false,0.25593701857371143
after,nasdaq,standard,125,20,1,0,0,0,211963,0,10721091,true,false,0.1188031574179734
after,nasdaq,standard,126,20,1,0,0,0,112568,0,8703116,true,false,0.09326999857938331
after,nasdaq,standard,127,20,1,0,0,0,114423,0,7368924,true,false,0.10125835134386071
after,nasdaq,standard,128,20,3,0,0,0,273152,0,1356067,false,false,0.13310481465021234
after,nasdaq,standard,129,20,2,0,0,0,359291,0,915367,false,false,0.2951463474655504
after,nasdaq,standard,130,20,1,1,1,99188,160460,0,2196677,false,false,0.15301433040798237
after,nasdaq,standard,131,20,2,0,0,0,378840,0,2973670,false,false,0.1296697459256248
after,nasdaq,standard,132,20,2,1,1,138445,406071,0,1420288,false,false,0.1516389561539379
after,nasdaq,standard,133,20,1,0,0,0,118228,0,2952925,false,false,0.2405119283328081
after,nasdaq,standard,134,20,2,0,0,0,259352,1,1561985,false,false,0.19355486030613528
after,nasdaq,standard,135,20,2,0,0,0,647234,0,10527853,true,false,0.10443602054535742
after,nasdaq,standard,136,20,4,1,1,126389,869689,0,2532177,false,false,0.07472968699879665
after,nasdaq,standard,137,20,3,0,0,0,840224,0,11411588,true,false,0.09932429945322838
after,nasdaq,standard,138,20,1,0,0,0,225342,0,19333960,true,false,0.08806286521321069
after,nasdaq,standard,139,20,1,0,0,0,349819,0,20529204,true,false,0.10588778829355568
after,nasdaq,standard,140,20,3,0,0,0,414610,0,23430040,true,false,0.064976922836037
after,nasdaq,standard,141,20,6,4,4,538848,1006982,0,1565587,false,false,0.07688907425976187
after,nasdaq,standard,142,20,3,1,1,74809,344934,0,1147174,false,false,0.08979935375514422
after,nasdaq,standard,143,20,2,0,0,0,396611,0,4330244,true,false,0.15723078699334114
after,nasdaq,standard,144,20,5,4,4,281455,664860,0,428528,false,false,0.08947119350168876
after,nasdaq,standard,145,20,2,1,1,66135,382720,1,47923656,true,false,0.05345583929043861
after,nasdaq,standard,146,20,3,2,2,150154,562288,0,3820916,true,false,0.11338912139827304
after,nasdaq,standard,147,20,3,0,0,0,430243,0,8062962,true,false,0.07694431464568376
after,nasdaq,standard,148,20,5,0,0,0,793767,0,2316768,false,false,0.13249372989691385
after,nasdaq,standard,149,20,4,1,1,24233,706087,0,6486366,true,false,0.10079393257637319
after,nasdaq,standard,150,20,2,0,0,0,270166,0,2560863,false,false,0.20645475717775721
after,nasdaq,standard,151,20,4,1,1,8451,577497,0,2080101,false,false,0.11846816836699259
after,nasdaq,standard,152,20,1,1,1,85817,187312,0,1696273,false,false,0.15126023214124829
after,nasdaq,standard,153,20,2,0,0,0,403339,0,5734358,true,false,0.08763152917286708
after,nasdaq,standard,154,20,3,0,0,0,583721,0,42600514,true,false,0.11149251546300991
after,nasdaq,standard,155,20,2,0,0,0,633022,0,9312468,true,false,0.1042638095798539
after,nasdaq,standard,156,20,3,1,1,48404,656769,0,4291191,true,false,0.08948496592862097
after,nasdaq,standard,157,20,3,2,2,104826,386494,0,1961980,false,false,0.11061996291764498
after,nasdaq,standard,158,20,4,1,1,143634,711923,0,915429,false,false,0.16508014409478416
after,nasdaq,standard,159,20,2,2,2,113986,303166,0,1712569,false,false,0.19362233369102871
after,nasdaq,standard,160,20,3,1,1,22673,387353,1,1106865,false,false,0.14002602764494926
after,nasdaq,standard,161,20,1,0,0,0,255973,0,5093945,true,false,0.1402629144665738
after,nasdaq,standard,162,20,1,1,1,36090,111294,0,18273089,true,false,0.09271904999659569
after,nasdaq,standard,163,20,0,0,0,0,0,0,27232862,true,false,0.13426869551706333
after,nasdaq,standard,164,20,3,1,1,16801,443973,0,6391349,true,false,0.11177238114409364
after,nasdaq,standard,165,20,2,1,1,70692,270852,0,2382379,false,false,0.12134134230659166
after,nasdaq,standard,166,20,4,3,3,410740,746359,0,936347,false,false,0.12432422232480467
after,nasdaq,standard,167,20,2,0,0,0,306277,0,1347298,false,false,0.13862720123303146
after,nasdaq,standard,168,20,2,0,0,0,501961,0,13032560,true,false,0.14013788850810133
after,nasdaq,standard,169,20,2,1,1,63378,541483,0,9129058,true,false,0.12582588432642566
after,nasdaq,standard,170,20,3,1,1,157271,419158,0,3464111,true,false,0.08818936455004059
after,nasdaq,standard,171,20,1,0,0,0,273587,0,5704607,true,false,0.1004702277262977
after,nasdaq,standard,172,20,1,0,0,0,262134,0,17658103,true,false,0.12616572353306588
after,nasdaq,standard,173,20,2,0,0,0,222488,0,2650927,false,false,0.13805403952793052
after,nasdaq,standard,174,20,4,2,2,265347,714437,0,3333113,true,false,0.0685160725386565
after,nasdaq,standard,175,20,3,2,2,235227,550473,0,340665,false,false,0.11794627221740064
after,nasdaq,standard,176,20,4,2,2,269922,788815,0,4406826,true,false,0.07750368002446222
after,nasdaq,standard,177,20,3,0,0,0,490291,0,5681285,true,false,0.10822700488961545
after,nasdaq,standard,178,20,4,3,3,487034,845515,0,1117593,false,false,0.19318514664020886
after,nasdaq,standard,179,20,4,2,2,313014,749225,0,1123324,false,false,0.1514325356506156
after,nasdaq,standard,180,20,2,0,0,0,584895,0,5740453,true,false,0.1520806615718801
after,nasdaq,standard,181,20,3,0,0,0,720297,0,11551208,true,false,0.18782195176909633
after,nasdaq,standard,182,20,2,0,0,0,458735,0,12072889,true,false,0.10119453930437891
after,nasdaq,standard,183,20,3,1,1,20458,415108,0,2814006,false,false,0.12488850066214137
after,nasdaq,standard,184,19,4,2,2,152774,459400,0,0,false,true,0.2618421691706894
after,nasdaq,standard,185,20,3,0,0,0,569241,0,9069703,true,false,0.08157841132388001
after,nasdaq,standard,186,20,3,1,1,36280,658332,0,1578944,false,false,0.14111447314592163
after,nasdaq,standard,187,20,2,0,0,0,375481,0,3940191,true,false,0.14028538896280068
after,nasdaq,standard,188,20,2,1,1,133666,352760,0,1032607,false,false,0.15912094272907745
after,nasdaq,standard,189,20,3,2,2,257704,645648,1,4434071,true,false,0.16409982706308082
after,nasdaq,standard,190,20,3,3,3,317983,610458,0,2538788,false,false,0.1194159642219496
after,nasdaq,standard,191,20,3,0,0,0,638429,0,2018126,false,false,0.23334815932042483
after,nasdaq,standard,192,20,1,1,1,178950,275922,0,842567,false,false,0.14336376958782332
after,nasdaq,standard,193,20,3,0,0,0,484649,0,2683074,false,false,0.10488740565087237
after,nasdaq,standard,194,20,2,2,2,160940,460851,0,3248665,true,false,0.1684991280792709
after,nasdaq,standard,195,20,3,2,2,96318,475047,0,2759635,false,false,0.09586229850598305
after,nasdaq,standard,196,20,5,5,5,527039,766129,0,1052997,false,false,0.1062216361900267
after,nasdaq,standard,197,20,3,0,0,0,410531,0,36683904,true,false,0.05021806120973353
after,nasdaq,standard,198,20,2,0,0,0,284591,0,566842,false,false,0.24171039785976284
after,nasdaq,standard,199,20,4,1,1,16962,400769,0,1167690,false,false,0.10465294145644317
after,nasdaq,standard,200,20,3,0,0,0,411598,0,7058592,true,false,0.1311850413929147
after,nasdaq,standard,201,20,2,0,0,0,347770,1,3454665,true,false,0.13995339890782052
after,nasdaq,standard,202,20,3,0,0,0,489412,0,14355324,true,false,0.04802938719592577
after,nasdaq,standard,203,20,3,1,1,30065,744640,0,2601804,false,false,0.11369553222194059
after,nasdaq,standard,204,20,1,0,0,0,66174,0,1972294,false,false,0.18692517339407413
after,nasdaq,standard,205,20,2,0,0,0,356820,0,14115762,true,false,0.06864430733764829
after,nasdaq,standard,206,20,2,1,1,38155,309346,0,5390065,true,false,0.12120356074137725
after,nasdaq,standard,207,20,4,0,0,0,824878,0,10841583,true,false,0.09420696037311631
after,nasdaq,standard,208,20,2,0,0,0,216404,0,34792784,true,false,0.07938881191434141
after,nasdaq,standard,209,20,1,1,1,43917,206446,0,4579937,true,false,0.13717449637347032
after,nasdaq,standard,210,20,2,1,1,131157,478666,0,1931296,false,false,0.18261708158947243
after,nasdaq,standard,211,20,3,1,1,48985,418358,0,496719,false,false,0.19662738714603065
after,nasdaq,standard,212,20,3,0,0,0,670215,0,12426046,true,false,0.09150756321904482
after,nasdaq,standard,213,20,3,3,3,277420,507353,0,3679520,true,false,0.07000368044077841
after,nasdaq,standard,214,20,5,3,3,264978,723110,0,2048291,false,false,0.10517442772012738
after,nasdaq,standard,215,20,2,0,0,0,341717,0,8784481,true,false,0.13916181681265213
after,nasdaq,standard,216,20,3,2,2,83103,337004,1,590935,false,false,0.16844573248900793
after,nasdaq,standard,217,20,3,0,0,0,484474,0,3100832,true,false,0.14755031657433207
after,nasdaq,standard,218,20,2,0,0,0,247817,0,3918335,true,false,0.10683763402222857
after,nasdaq,standard,219,20,2,0,0,0,251791,1,2832149,false,false,0.1311637270508635
after,nasdaq,standard,220,20,3,1,1,85641,855381,0,7340471,true,false,0.14100338422947145
after,nasdaq,standard,221,20,3,0,0,0,494129,1,3570427,true,false,0.14559357324538633
after,nasdaq,standard,222,20,3,0,0,0,549019,0,2905797,false,false,0.17536652065101616
after,nasdaq,standard,223,20,2,0,0,0,355567,0,4680014,true,false,0.12989796853822938
after,nasdaq,standard,224,20,3,1,1,115250,560144,0,1617204,false,false,0.11808216994477065
after,nasdaq,standard,225,20,3,0,0,0,556552,0,35563145,true,false,0.10126201155172629
after,nasdaq,standard,226,20,2,0,0,0,216799,0,8272250,true,false,0.14427416957877837
after,nasdaq,standard,227,20,3,1,1,21903,510425,0,3865838,true,false,0.08424260994526604
after,nasdaq,standard,228,20,1,0,0,0,287747,0,2121075,false,false,0.17156787201218965
after,nasdaq,standard,229,20,3,1,1,14546,380063,0,1367506,false,false,0.07069200225763765
after,nasdaq,standard,230,20,2,1,1,43123,478404,0,1434283,false,false,0.12814596259842753
after,nasdaq,standard,231,20,3,2,2,211674,601729,0,5571668,true,false,0.10540414625568499
after,nasdaq,standard,232,20,4,2,2,191261,894387,0,1905138,false,false,0.1295973808032406
after,nasdaq,standard,233,20,1,0,0,0,129954,0,1505724,false,false,0.20847956615459382
after,nasdaq,standard,234,20,2,0,0,0,240985,0,2111982,false,false,0.15759177304346053
after,nasdaq,standard,235,20,3,0,0,0,481037,0,1736773,false,false,0.09704708826139508
after,nasdaq,standard,236,20,0,0,0,0,0,0,2682437,false,false,0.1351653707378495
after,nasdaq,standard,237,20,2,0,0,0,385635,0,11377198,true,false,0.09408778014327931
after,nasdaq,standard,238,20,3,3,3,414132,713299,0,430137,false,false,0.16074380821064763
after,nasdaq,standard,239,20,1,1,1,28681,151799,0,5144468,true,false,0.12257411749557216
after,nasdaq,standard,240,20,1,0,0,0,318427,0,5938838,true,false,0.1522335442168013
after,nasdaq,standard,241,20,1,0,0,0,149360,0,2473372,false,false,0.1599596821946979
after,nasdaq,standard,242,20,3,0,0,0,383092,0,297761,false,false,0.31986806356893605
after,nasdaq,standard,243,20,4,3,3,431770,843517,0,3173536,true,false,0.06814350178309019
after,nasdaq,standard,244,20,2,0,0,0,267995,0,2376120,false,false,0.17898958148065786
after,nasdaq,standard,245,20,3,0,0,0,620257,0,14875092,true,false,0.1228123889070492
after,nasdaq,standard,246,20,2,1,1,80905,347161,0,1005274,false,false,0.1503903834230117
after,nasdaq,standard,247,20,3,1,1,12477,535011,0,2145776,false,false,0.16415644205395447
after,nasdaq,standard,248,20,1,1,1,1621,257648,0,3873311,true,false,0.1603010042784962
after,nasdaq,standard,249,20,4,2,2,230764,798846,1,3446886,true,false,0.09388390128869545
after,nasdaq,standard,250,20,2,1,1,38200,351096,0,4287570,true,false,0.16662320978541206
after,nasdaq,standard,251,20,6,6,6,627744,861249,0,88027,false,false,0.09622563496600692
after,nasdaq,standard,252,20,3,1,1,38338,328127,0,1723746,false,false,0.12254147629894123
after,nasdaq,standard,253,20,0,0,0,0,0,0,7059560,true,false,0.12122456556054073
after,nasdaq,standard,254,20,2,0,0,0,187532,0,10671224,true,false,0.1214447757977974
after,nasdaq,standard,255,20,1,0,0,0,198763,0,4051095,true,false,0.10726722981551176
after,nasdaq,standard,256,20,3,1,1,20688,602321,0,4448788,true,false,0.14843404748044345
after,nasdaq,standard,257,20,2,0,0,0,235922,0,2120721,false,false,0.12557363454394074
after,nasdaq,standard,258,20,4,1,1,102447,661582,0,7077169,true,false,0.0706424192312241
after,nasdaq,standard,259,20,2,0,0,0,464438,0,14455208,true,false,0.14149878790619666
after,nasdaq,standard,260,20,3,2,2,382609,711024,0,1828581,false,false,0.1647925508066587
after,nasdaq,standard,261,20,4,0,0,0,517804,0,994623,false,false,0.20219133758781865
after,nasdaq,standard,262,20,2,0,0,0,402470,0,6044595,true,false,0.13049756709345933
after,nasdaq,standard,263,20,4,4,4,438849,649992,0,1038893,false,false,0.07486180166814474
after,nasdaq,standard,264,20,2,0,0,0,335503,0,947605,false,false,0.1621024731159409
after,nasdaq,standard,265,20,5,4,4,483081,851039,0,1394716,false,false,0.10021474364495431
after,nasdaq,standard,266,20,2,0,0,0,257888,0,1538417,false,false,0.18839460842056618
after,nasdaq,standard,267,20,3,0,0,0,535723,0,3710237,true,false,0.17017763620116788
after,nasdaq,standard,268,20,3,0,0,0,291889,0,50904766,true,false,0.0731407779509708
after,nasdaq,standard,269,20,4,0,0,0,881620,0,12634524,true,false,0.07737009199840923
after,nasdaq,standard,270,20,3,1,1,12360,227952,0,5707427,true,false,0.108122266872178
after,nasdaq,standard,271,20,2,0,0,0,183315,0,3111595,true,false,0.127513402291087
after,nasdaq,standard,272,20,1,1,1,85542,184852,0,7932004,true,false,0.07963793693219426
after,nasdaq,standard,273,20,3,0,0,0,436415,0,7586290,true,false,0.10688633296803655
after,nasdaq,standard,274,20,1,1,1,32556,131940,0,2746476,false,false,0.1306813770977188
after,nasdaq,standard,275,20,1,1,1,3854,132116,0,2354818,false,false,0.2316421090668072
after,nasdaq,standard,276,20,3,1,1,74308,710471,0,6701428,true,false,0.0899429989891338
after,nasdaq,standard,277,20,3,1,1,35419,351392,0,1697954,false,false,0.09842407565397365
after,nasdaq,standard,278,20,2,0,0,0,311705,0,1971924,false,false,0.1484869287259219
after,nasdaq,standard,279,20,3,0,0,0,674078,0,6935810,true,false,0.09801265323541287
after,nasdaq,standard,280,20,3,2,2,131133,364611,0,279601,false,false,0.15884997490404956
after,nasdaq,standard,281,20,2,0,0,0,391406,0,5310220,true,false,0.13249796908392808
after,nasdaq,standard,282,20,2,0,0,0,164034,0,37616702,true,false,0.07546719949389953
after,nasdaq,standard,283,20,5,3,3,197085,893665,0,900774,false,false,0.12973434513519821
after,nasdaq,standard,284,20,3,1,1,9012,255648,0,2146251,false,false,0.11571393894130999
after,nasdaq,standard,285,20,4,2,2,108963,626525,0,9935875,true,false,0.09199872449678656
after,nasdaq,standard,286,20,2,1,1,23033,279484,0,3608073,true,false,0.09565610030555509
after,nasdaq,standard,287,20,2,1,1,60831,187175,0,1244492,false,false,0.17768789558886536
after,nasdaq,standard,288,20,1,0,0,0,165911,0,10680316,true,false,0.14059354354941922
after,nasdaq,standard,289,20,3,2,2,189138,449774,0,26431325,true,false,0.08695817466239526
after,nasdaq,standard,290,20,3,0,0,0,471556,0,3386502,true,false,0.14048764654630327
after,nasdaq,standard,291,20,4,2,2,121007,586159,0,844060,false,false,0.1301559793376524
after,nasdaq,standard,292,20,3,1,1,67248,377229,0,541988,false,false,0.2610501574883897
after,nasdaq,standard,293,20,2,0,0,0,228858,0,38012542,true,false,0.06501350318758642
after,nasdaq,standard,294,20,3,0,0,0,478504,0,2433900,false,false,0.10620217498137263
after,nasdaq,standard,295,20,2,0,0,0,148464,0,1623271,false,false,0.15871724435308193
after,nasdaq,standard,296,20,4,1,1,43438,689426,1,8376714,true,false,0.13797286537545872
after,nasdaq,standard,297,20,2,2,2,81307,264122,0,2331769,false,false,0.10496182491648857
after,nasdaq,standard,298,20,2,0,0,0,273260,0,19484117,true,false,0.07771865372202869
after,nasdaq,standard,299,20,5,3,3,347931,889699,0,2533337,false,false,0.09044854004907256
after,nasdaq,standard,300,20,2,1,1,44867,345462,0,2074810,false,false,0.2114247565764349
after,nasdaq,standard,301,20,3,0,0,0,539563,0,5190269,true,false,0.10710112868322427
after,nasdaq,standard,302,20,3,1,1,28751,483143,0,1355925,false,false,0.211050500517915
after,nasdaq,standard,303,20,3,1,1,57751,372216,0,1116821,false,false,0.14223602306520272
after,nasdaq,standard,304,20,2,0,0,0,440243,1,19402696,true,false,0.13021156495154984
after,nasdaq,standard,305,20,2,0,0,0,304643,0,31856401,true,false,0.10501864660403797
after,nasdaq,standard,306,20,1,0,0,0,60940,0,7778154,true,false,0.11143065360818308
after,nasdaq,standard,307,20,2,0,0,0,183792,0,2471740,false,false,0.188965032913969
after,nasdaq,standard,308,20,5,2,2,197655,800403,0,9497612,true,false,0.06924943180802387
after,nasdaq,standard,309,20,4,0,0,0,1003457,0,51406573,true,false,0.08516220374639445
after,nasdaq,standard,310,20,4,3,3,468717,994785,0,1144770,false,false,0.09386435718153249
after,nasdaq,standard,311,20,2,1,1,125441,333594,0,837627,false,false,0.18248386056847604
after,nasdaq,standard,312,20,2,2,2,204861,572569,0,1419681,false,false,0.12913457728017144
after,nasdaq,standard,313,20,3,0,0,0,442093,0,5348369,true,false,0.1279549705683571
after,nasdaq,standard,314,20,3,2,2,211645,423282,0,2053089,false,false,0.13948093830473135
after,nasdaq,standard,315,20,0,0,0,0,0,0,2765215,false,false,0.19179211151396783
after,nasdaq,standard,316,20,2,1,1,73476,601988,0,5037920,true,false,0.10509164195654697
after,nasdaq,standard,317,20,2,1,1,22192,360366,0,2392336,false,false,0.1837030829849526
after,nasdaq,standard,318,20,2,1,1,52006,275890,0,958407,false,false,0.12846573724389884
after,nasdaq,standard,319,20,2,0,0,0,304294,0,4315124,true,false,0.1014358413302144
after,nasdaq,standard,320,20,4,1,1,166263,602761,0,1139836,false,false,0.12834274169410564
after,nasdaq,standard,321,20,4,1,1,6202,350566,0,20714734,true,false,0.05627464653638362
after,nasdaq,standard,322,20,4,0,0,0,842840,0,16756414,true,false,0.06849210866745822
after,nasdaq,standard,323,20,2,0,0,0,256165,0,4517299,true,false,0.11025193031044382
after,nasdaq,standard,324,20,3,0,0,0,534051,0,6115369,true,false,0.10775268085585328
after,nasdaq,standard,325,20,1,0,0,0,102335,0,5662100,true,false,0.09445771594440049
after,nasdaq,standard,326,20,2,1,1,108476,215137,0,1310418,false,false,0.16562503155302674
after,nasdaq,standard,327,20,1,0,0,0,186155,0,1263834,false,false,0.1856774513742852
after,nasdaq,standard,328,20,3,1,1,16164,582888,0,1950811,false,false,0.1547454264462504
after,nasdaq,standard,329,20,2,1,1,8022,354552,0,2742405,false,false,0.08531388876876975
after,nasdaq,standard,330,20,2,0,0,0,430192,0,2228337,false,false,0.1567179618810162
after,nasdaq,standard,331,20,2,1,1,7413,348003,0,553246,false,false,0.13331540299939693
after,nasdaq,standard,332,20,3,2,2,216032,509905,0,770309,false,false,0.18660774190425738
after,nasdaq,standard,333,20,1,1,1,53591,103591,0,1940562,false,false,0.13823306312786957
after,nasdaq,standard,334,20,3,1,1,76877,823096,0,8068175,true,false,0.13806036347514317
after,nasdaq,standard,335,20,4,0,0,0,970951,0,20113160,true,false,0.08784791181394938
after,nasdaq,standard,336,20,1,0,0,0,136837,0,2478471,false,false,0.19414917264745138
after,nasdaq,standard,337,20,3,2,2,108680,452624,0,2030600,false,false,0.09380860621179907
after,nasdaq,standard,338,20,4,2,2,79059,639677,1,2493991,false,false,0.06384690594296241
after,nasdaq,standard,339,20,1,0,0,0,173165,0,9343707,true,false,0.0962401803860505
after,nasdaq,standard,340,20,1,0,0,0,186770,0,2844972,false,false,0.11971542021356862
after,nasdaq,standard,341,20,2,1,1,17953,346170,0,2687229,false,false,0.19573517333618
after,nasdaq,standard,342,20,1,0,0,0,162308,0,1745731,false,false,0.16159691227313236
after,nasdaq,standard,343,20,3,0,0,0,315899,0,15591381,true,false,0.10028295600899137
after,nasdaq,standard,344,20,4,0,0,0,548356,0,13309126,true,false,0.06363153474395804
after,nasdaq,standard,345,20,3,0,0,0,328649,1,18746471,true,false,0.04958119709036654
after,nasdaq,standard,346,20,3,1,1,18526,678627,0,2618562,false,false,0.1263858771297302
after,nasdaq,standard,347,20,4,2,2,214366,528107,0,4842330,true,false,0.0487766006505139
after,nasdaq,standard,348,20,4,3,3,197735,722546,0,1312816,false,false,0.08506211913770195
after,nasdaq,standard,349,20,3,1,1,41961,286666,0,1573646,false,false,0.14412707006442588
after,nasdaq,standard,350,20,3,1,1,178655,571444,0,1558756,false,false,0.17516094698417176
after,nasdaq,standard,351,20,2,1,1,57487,330734,0,2746057,false,false,0.17296182819797368
after,nasdaq,standard,352,20,4,3,3,211443,452089,0,508147,false,false,0.10454187207516659
after,nasdaq,standard,353,20,2,0,0,0,496502,0,26496136,true,false,0.06772774077254624
after,nasdaq,standard,354,20,3,2,2,134937,343615,0,6205712,true,false,0.11486295470405941
after,nasdaq,standard,355,20,1,0,0,0,152164,0,4721053,true,false,0.1609641424192974
after,nasdaq,standard,356,20,2,1,1,80573,205310,0,2910627,false,false,0.09786929314567609
after,nasdaq,standard,357,20,1,0,0,0,191214,0,7543417,true,false,0.10654746305920901
after,nasdaq,standard,358,20,3,0,0,0,577009,0,2304886,false,false,0.1090910548350793
after,nasdaq,standard,359,20,3,2,2,121994,396826,0,953906,false,false,0.1343021006493294
after,nasdaq,standard,360,20,3,1,1,35641,672497,0,9392533,true,false,0.1077719816294673
after,nasdaq,standard,361,20,5,4,4,429728,828153,0,3139137,true,false,0.07908870785375091
after,nasdaq,standard,362,20,2,0,0,0,365059,0,1895153,false,false,0.13455446846554436
after,nasdaq,standard,363,20,3,0,0,0,409105,0,3043731,true,false,0.2519579140742215
after,nasdaq,standard,364,20,3,0,0,0,401406,0,16125088,true,false,0.14749595724689088
after,nasdaq,standard,365,20,2,0,0,0,357254,0,2266266,false,false,0.16111178275805624
after,nasdaq,standard,366,20,2,0,0,0,403546,0,5990751,true,false,0.09630627964271399
after,nasdaq,standard,367,20,1,0,0,0,173390,0,3379795,true,false,0.14929977227072105
after,nasdaq,standard,368,20,0,0,0,0,0,0,4661178,true,false,0.12273177299102049
after,nasdaq,standard,369,20,2,0,0,0,282095,0,4888265,true,false,0.1739271148376047
after,nasdaq,standard,370,20,3,1,1,18421,569401,1,5464524,true,false,0.07854825105250106
after,nasdaq,standard,371,20,2,0,0,0,341089,1,3426655,true,false,0.16249510072155907
after,nasdaq,standard,372,20,2,2,2,131858,424353,0,1720249,false,false,0.1483553842269673
after,nasdaq,standard,373,20,2,0,0,0,240002,0,2621487,false,false,0.1597553612506804
after,nasdaq,standard,374,20,4,0,0,0,481232,0,7595918,true,false,0.13816019432317223
after,nasdaq,standard,375,20,3,0,0,0,493217,0,2480950,false,false,0.12980405024203717
after,nasdaq,standard,376,20,1,1,1,109348,175492,0,5042676,true,false,0.14105512978608137
after,nasdaq,standard,377,20,4,3,3,323899,627878,0,258648,false,false,0.20216685492406206
after,nasdaq,standard,378,20,2,0,0,0,501813,0,2954104,false,false,0.17303423669945323
after,nasdaq,standard,379,20,3,0,0,0,539865,0,18344175,true,false,0.1155792936136573
after,nasdaq,standard,380,20,4,1,1,138216,695248,0,1227517,false,false,0.32405264364849246
after,nasdaq,standard,381,20,2,0,0,0,288370,0,2910427,false,false,0.09535694951708343
after,nasdaq,standard,382,20,3,0,0,0,671016,1,11695833,true,false,0.08739224411418481
after,nasdaq,standard,383,20,2,0,0,0,341866,0,3022337,true,false,0.1565860550524641
after,nasdaq,standard,384,20,2,0,0,0,158079,0,1736175,false,false,0.1334063585395813
after,nasdaq,standard,385,20,1,1,1,50263,389182,0,1343417,false,false,0.15798948128057272
after,nasdaq,standard,386,20,1,0,0,0,161113,0,27098789,true,false,0.13913354914174975
after,nasdaq,standard,387,20,2,0,0,0,322695,0,10680254,true,false,0.1255006421781336
after,nasdaq,standard,388,20,2,0,0,0,202474,0,3995186,true,false,0.1143925539220207
after,nasdaq,standard,389,20,2,0,0,0,368051,0,1560377,false,false,0.15719629240904381
after,nasdaq,standard,390,20,2,1,1,7069,362116,0,1630917,false,false,0.15874085774455848
after,nasdaq,standard,391,20,3,2,2,172115,889521,0,9484015,true,false,0.1019250790689898
after,nasdaq,standard,392,20,2,2,2,159637,394290,0,2284092,false,false,0.1392618108057973
after,nasdaq,standard,393,20,4,0,0,0,589467,0,9370662,true,false,0.08707381425446922
after,nasdaq,standard,394,20,2,0,0,0,437687,0,29812390,true,false,0.09266488688141726
after,nasdaq,standard,395,20,1,0,0,0,213384,0,578870,false,false,0.1995950760383436
after,nasdaq,standard,396,20,1,0,0,0,154462,0,2837309,false,false,0.1371463914629231
after,nasdaq,standard,397,20,3,1,1,166446,599316,0,4676094,true,false,0.07545710435802537
after,nasdaq,standard,398,20,4,3,3,230486,846126,0,4999933,true,false,0.06682852480618204
after,nasdaq,standard,399,20,3,0,0,0,438467,0,961011,false,false,0.1215986705560437
after,nasdaq,standard,400,20,2,0,0,0,315777,0,27509558,true,false,0.1084059094173199
after,nasdaq,standard,401,20,3,0,0,0,490238,0,11014221,true,false,0.13974081465563715
after,nasdaq,standard,402,20,3,1,1,76958,429511,0,3597364,true,false,0.07270139755475714
after,nasdaq,standard,403,20,3,0,0,0,578111,0,41871728,true,false,0.06092863719991839
after,nasdaq,standard,404,20,2,0,0,0,432119,0,3425087,true,false,0.16235607543719993
after,nasdaq,standard,405,20,2,2,2,146435,201704,0,897575,false,false,0.15242545726842432
after,nasdaq,standard,406,20,4,2,2,51845,670647,1,19838890,true,false,0.07176912537354986
after,nasdaq,standard,407,20,4,3,3,256715,559170,0,10425752,true,false,0.06717481195407303
after,nasdaq,standard,408,20,2,2,2,93090,239629,0,4415027,true,false,0.09373838682264543
after,nasdaq,standard,409,20,1,0,0,0,94641,0,2948195,false,false,0.1396553571281
after,nasdaq,standard,410,20,3,0,0,0,427393,0,3311442,true,false,0.1148429019789172
after,nasdaq,standard,411,20,2,0,0,0,449378,0,2464477,false,false,0.17307642033551646
after,nasdaq,standard,412,20,1,0,0,0,140128,0,7441450,true,false,0.09024845361006979
after,nasdaq,standard,413,20,3,0,0,0,433263,0,2193903,false,false,0.07655037508544008
after,nasdaq,standard,414,20,1,0,0,0,165189,0,42357822,true,false,0.10867653823173189
after,nasdaq,standard,415,20,3,0,0,0,481629,0,11820480,true,false,0.1423150539016323
after,nasdaq,standard,416,20,1,0,0,0,61284,0,5429354,true,false,0.1481579219664056
after,nasdaq,standard,417,20,4,0,0,0,470921,0,2343432,false,false,0.15612986188087516
after,nasdaq,standard,418,20,3,0,0,0,598402,0,10343865,true,false,0.06942564141622296
after,nasdaq,standard,419,20,2,1,1,15265,385417,0,637081,false,false,0.12161315124740857
after,nasdaq,standard,420,20,5,2,2,275406,1042803,0,4539072,true,false,0.15981517260734196
after,nasdaq,standard,421,20,4,2,2,199823,503467,0,383872,false,false,0.14300148884830394
after,nasdaq,standard,422,20,4,2,2,59731,339539,0,233091,false,false,0.17318563811550924
after,nasdaq,standard,423,12,3,3,3,167755,184047,0,0,false,true,0.12424551697845115
after,nasdaq,standard,424,20,4,2,2,335524,782712,0,782496,false,false,0.10308928757489282
after,nasdaq,standard,425,20,2,1,1,18109,297375,0,2115937,false,false,0.15800033299371
after,nasdaq,standard,426,20,2,0,0,0,456197,0,56641304,true,false,0.08598905704577088
after,nasdaq,standard,427,20,1,0,0,0,79589,0,930988,false,false,0.24758253263123287
after,nasdaq,standard,428,20,1,0,0,0,67229,0,8558879,true,false,0.11884719994960442
after,nasdaq,standard,429,20,2,1,1,35701,372507,0,2821029,false,false,0.15367435972949722
after,nasdaq,standard,430,20,3,0,0,0,411295,0,4499274,true,false,0.11116269204894316
after,nasdaq,standard,431,20,4,0,0,0,536706,0,1658638,false,false,0.11846845321147634
after,nasdaq,standard,432,20,2,1,1,12237,411987,0,1884942,false,false,0.236099558667865
after,nasdaq,standard,433,20,1,0,0,0,232511,0,9204511,true,false,0.10455751828294094
after,nasdaq,standard,434,20,3,1,1,118964,444275,0,3789146,true,false,0.12063756841010875
after,nasdaq,standard,435,20,1,1,1,42392,235318,0,8093022,true,false,0.10371120008885659
after,nasdaq,standard,436,20,3,1,1,13106,567589,0,849360,false,false,0.15757330416052087
after,nasdaq,standard,437,20,1,0,0,0,194782,0,1396297,false,false,0.21181034087254602
after,nasdaq,standard,438,20,2,0,0,0,458700,0,5552345,true,false,0.13824326206195622
after,nasdaq,standard,439,20,4,2,2,335989,822762,0,13333267,true,false,0.057038606224161
after,nasdaq,standard,440,20,3,0,0,0,594297,0,5580564,true,false,0.10640702146014384
after,nasdaq,standard,441,20,3,1,1,60566,453247,0,6385302,true,false,0.14924088004137703
after,nasdaq,standard,442,20,2,1,1,10975,352870,0,609991,false,false,0.14864388351624844
after,nasdaq,standard,443,20,3,0,0,0,443776,0,1100267,false,false,0.21009673381927393
after,nasdaq,standard,444,20,4,3,3,152113,595341,0,2486721,false,false,0.09305105964777774
after,nasdaq,standard,445,20,1,0,0,0,115692,0,7763560,true,false,0.1664611322898658
after,nasdaq,standard,446,20,5,4,4,308553,697325,0,115026,false,false,0.1280808926556126
after,nasdaq,standard,447,20,1,0,0,0,108789,0,549242,false,false,0.20082873869710224
after,nasdaq,standard,448,20,3,1,1,206851,449170,0,979923,false,false,0.11381878714554258
after,nasdaq,standard,449,20,4,3,3,120592,568789,0,1172241,false,false,0.09300256803530568
after,nasdaq,standard,450,20,2,1,1,60177,317496,0,1794494,false,false,0.19483380126596858
after,nasdaq,standard,451,20,2,0,0,0,293906,0,6629842,true,false,0.13763809287218476
after,nasdaq,standard,452,20,2,0,0,0,228252,0,3323329,true,false,0.07054569897290289
after,nasdaq,standard,453,20,2,0,0,0,401144,0,9217720,true,false,0.12941901573561715
after,nasdaq,standard,454,20,1,0,0,0,60488,0,3635928,true,false,0.18410268041481567
after,nasdaq,standard,455,20,4,0,0,0,686155,0,9281069,true,false,0.1339181493135898
after,nasdaq,standard,456,20,2,0,0,0,470871,0,7166642,true,false,0.11722513638244866
after,nasdaq,standard,457,20,3,3,3,346048,675670,0,2965153,false,false,0.06791847137671035
after,nasdaq,standard,458,20,4,2,2,201343,426396,0,1461006,false,false,0.10569913323234896
after,nasdaq,standard,459,20,1,1,1,49747,99747,0,2123365,false,false,0.15862950943393248
after,nasdaq,standard,460,20,1,1,1,70345,270000,1,15871022,true,false,0.09645641984431971
after,nasdaq,standard,461,20,5,2,2,333582,807601,0,2748745,false,false,0.12284865731052463
after,nasdaq,standard,462,20,3,0,0,0,562429,0,13584445,true,false,0.1514723201791394
after,nasdaq,standard,463,20,2,1,1,60301,303347,0,1663782,false,false,0.15944167321515998
after,nasdaq,standard,464,20,2,1,1,43276,398626,0,1208668,false,false,0.1565452366327992
after,nasdaq,standard,465,20,2,0,0,0,273970,0,2405149,false,false,0.14461120357642465
after,nasdaq,standard,466,20,2,1,1,96830,275914,0,1061839,false,false,0.15336847913717216
after,nasdaq,standard,467,20,1,0,0,0,179252,0,922220,false,false,0.2218178146385481
after,nasdaq,standard,468,20,2,1,1,74582,480824,0,1770058,false,false,0.1352730324835301
after,nasdaq,standard,469,20,3,1,1,49843,297920,0,1858971,false,false,0.09133810577960193
after,nasdaq,standard,470,20,2,0,0,0,245896,0,9697456,true,false,0.10158200652962235
after,nasdaq,standard,471,20,3,2,2,217885,559861,0,783925,false,false,0.11014293314561525
after,nasdaq,standard,472,20,3,0,0,0,358754,0,3106494,true,false,0.14839423962717468
after,nasdaq,standard,473,20,1,0,0,0,187227,0,6171539,true,false,0.13839269487956987
after,nasdaq,standard,474,20,3,0,0,0,745922,0,4304879,true,false,0.1231293885636325
after,nasdaq,standard,475,20,2,0,0,0,477983,0,2415979,false,false,0.14940555495228197
after,nasdaq,standard,476,20,3,0,0,0,447831,0,13332142,true,false,0.07079170383584461
after,nasdaq,standard,477,20,2,0,0,0,251123,0,9502772,true,false,0.11928562798177549
after,nasdaq,standard,478,20,3,2,2,325552,575390,0,1189626,false,false,0.12382824439735507
after,nasdaq,standard,479,20,2,0,0,0,250472,0,2887915,false,false,0.13247821848715102
after,nasdaq,standard,480,20,2,0,0,0,324195,0,14853741,true,false,0.08150855816156692
after,nasdaq,standard,481,20,2,0,0,0,696167,0,9321052,true,false,0.11895760195315033
after,nasdaq,standard,482,20,4,0,0,0,864239,1,6090932,true,false,0.09364175500969461
after,nasdaq,standard,483,20,2,0,0,0,250303,0,18322724,true,false,0.06740385297996318
after,nasdaq,standard,484,20,2,0,0,0,256025,0,7040401,true,false,0.1311677107243777
after,nasdaq,standard,485,20,2,0,0,0,248318,0,16734504,true,false,0.07584164149750601
after,nasdaq,standard,486,20,3,2,2,204487,442228,0,3153255,true,false,0.1960803648044612
after,nasdaq,standard,487,20,0,0,0,0,0,0,7912004,true,false,0.10204505918890783
after,nasdaq,standard,488,20,4,2,2,148513,551140,0,9008567,true,false,0.10872429613113228
after,nasdaq,standard,489,20,3,1,1,20529,512105,0,28734230,true,false,0.07419071786495285
after,nasdaq,standard,490,20,5,2,2,220725,865193,0,1392909,false,false,0.08148346717985214
after,nasdaq,standard,491,20,4,0,0,0,471825,1,917085,false,false,0.16479071097022055
after,nasdaq,standard,492,20,5,3,3,264102,871895,1,4261927,true,false,0.07393396549196081
after,nasdaq,standard,493,20,4,0,0,0,762780,0,1195751,false,false,0.17624023695316987
after,nasdaq,standard,494,20,2,0,0,0,491457,0,4166133,true,false,0.14152534935697297
after,nasdaq,standard,495,20,2,0,0,0,256334,0,997672,false,false,0.21225403412830776
after,nasdaq,standard,496,20,3,0,0,0,659960,1,15804968,true,false,0.10899800656699594
after,nasdaq,standard,497,20,3,0,0,0,704649,0,9585305,true,false,0.13856412652773847
after,nasdaq,standard,498,20,4,3,3,326404,706605,0,3133558,true,false,0.0801560039073199
after,nasdaq,standard,499,20,2,1,1,42224,328403,0,2235818,false,false,0.08762143630125599
after,nasdaq,standard,500,20,2,1,1,89159,283686,0,1889166,false,false,0.11906190438995841
after,nasdaq,standard,501,20,3,0,0,0,482737,0,5908879,true,false,0.08699120176285562
after,nasdaq,standard,502,20,5,2,2,74889,906167,0,5303197,true,false,0.08415892274674458
after,nasdaq,standard,503,20,2,0,0,0,294639,0,8471990,true,false,0.15851761377843593
after,nasdaq,standard,504,20,4,2,2,159865,551033,0,1052360,false,false,0.10827953906594083
after,nasdaq,standard,505,20,2,0,0,0,414888,0,3621977,true,false,0.15186186740434135
after,nasdaq,standard,506,20,2,2,2,168536,463183,0,3610476,true,false,0.12484369932523762
after,nasdaq,standard,507,20,3,1,1,2566,543550,1,21097439,true,false,0.07262451930512039
after,nasdaq,standard,508,20,4,4,4,233153,651599,0,4108253,true,false,0.0513834508960793
after,nasdaq,standard,509,20,1,0,0,0,213701,0,3476218,true,false,0.156274668546986
after,nasdaq,standard,510,20,1,0,0,0,158567,0,5618884,true,false,0.1508084430563662
after,nasdaq,standard,511,20,2,1,1,38815,343304,0,1705869,false,false,0.1613103018164447
after,nasdaq,standard,512,20,3,1,1,253909,598828,0,7168112,true,false,0.1291321556598639
after,nasdaq,standard,513,20,4,4,4,325834,627400,0,307026,false,false,0.10363843302180231
after,nasdaq,standard,514,20,1,0,0,0,69664,0,6863884,true,false,0.15020705421031494
after,nasdaq,standard,515,20,3,1,1,221232,609681,0,3302866,true,false,0.1232782754095256
after,nasdaq,standard,516,20,2,1,1,84605,238276,0,2149735,false,false,0.15365885471664248
after,nasdaq,standard,517,20,2,0,0,0,193614,0,1783390,false,false,0.1919112897707213
after,nasdaq,standard,518,20,2,1,1,185309,413706,0,411766,false,false,0.18138140107718478
after,nasdaq,standard,519,20,2,0,0,0,294402,0,6599448,true,false,0.1302445653217419
after,nasdaq,standard,520,20,3,1,1,80099,340381,0,541782,false,false,0.15464932125258715
after,nasdaq,standard,521,20,2,0,0,0,310289,0,7356978,true,false,0.1188377397593822
after,nasdaq,standard,522,20,4,2,2,308339,584471,0,1933741,false,false,0.09777017637535554
after,nasdaq,standard,523,20,2,0,0,0,186928,0,2471127,false,false,0.1594887428812632
after,nasdaq,standard,524,20,3,1,1,112246,438607,0,3019973,true,false,0.10688603269314165
after,nasdaq,standard,525,20,0,0,0,0,0,0,1118208,false,false,0.17911759901206697
after,nasdaq,standard,526,20,5,5,5,646163,981556,0,705663,false,false,0.056340987669384536
after,nasdaq,standard,527,20,3,1,1,84605,686372,0,8445102,true,false,0.10552276037975454
after,nasdaq,standard,528,20,1,0,0,0,84956,0,314876,false,false,0.24722655305820251
after,nasdaq,standard,529,20,3,1,1,132318,634972,0,1756217,false,false,0.12386410963311041
after,nasdaq,standard,530,20,5,0,0,0,698998,0,916720,false,false,0.1607419578714014
after,nasdaq,standard,531,20,2,0,0,0,451081,0,9508284,true,false,0.11308109510588707
after,nasdaq,standard,532,20,2,0,0,0,214961,0,741849,false,false,0.1885826521044887
after,nasdaq,standard,533,20,1,0,0,0,81295,0,4888148,true,false,0.1742860500928283
after,nasdaq,standard,534,20,4,2,2,201337,994714,0,9277588,true,false,0.07477371661298396
after,nasdaq,standard,535,20,3,0,0,0,438865,0,952204,false,false,0.12095135710692029
after,nasdaq,standard,536,20,1,0,0,0,179775,0,4998296,true,false,0.15301677493311228
after,nasdaq,standard,537,20,2,0,0,0,285925,0,14489054,true,false,0.15473491783848276
after,nasdaq,standard,538,20,2,0,0,0,348354,0,12200454,true,false,0.13314876352556246
after,nasdaq,standard,539,20,1,0,0,0,127169,0,30789386,true,false,0.12648340730614574
after,nasdaq,standard,540,20,4,1,1,76313,521305,0,3268488,true,false,0.13813071611556135
after,nasdaq,standard,541,20,3,0,0,0,500234,0,26863092,true,false,0.08172482653799819
after,nasdaq,standard,542,20,3,1,1,55532,356668,0,2146240,false,false,0.07549619901524653
after,nasdaq,standard,543,20,5,1,1,43262,767970,0,3064796,true,false,0.0944517477510283
after,nasdaq,standard,544,20,0,0,0,0,0,0,4852776,true,false,0.12873232910015575
after,nasdaq,standard,545,20,2,1,1,83542,231017,0,1266437,false,false,0.1266453925091451
after,nasdaq,standard,546,20,0,0,0,0,0,0,1631307,false,false,0.2310885121927586
after,nasdaq,standard,547,20,3,2,2,77437,586281,0,7414544,true,false,0.11180147692962412
after,nasdaq,standard,548,20,3,0,0,0,540926,1,9273346,true,false,0.11326444501595176
after,nasdaq,standard,549,20,3,1,1,121276,470010,0,1472480,false,false,0.19706268646834818
after,nasdaq,standard,550,20,2,1,1,56736,226842,0,1983966,false,false,0.1373172730829228
after,nasdaq,standard,551,20,1,0,0,0,75154,0,2191547,false,false,0.26961606540364
after,nasdaq,standard,552,20,2,1,1,56581,379434,0,10589515,true,false,0.09880780883558768
after,nasdaq,standard,553,20,4,0,0,0,829913,0,14237664,true,false,0.08917850221805915
after,nasdaq,standard,554,20,3,0,0,0,496096,0,7476050,true,false,0.05603414385473794
after,nasdaq,standard,555,20,3,2,2,180768,572007,1,1769677,false,false,0.09083187679979465
after,nasdaq,standard,556,20,1,0,0,0,242575,0,7464070,true,false,0.14892968744744037
after,nasdaq,standard,557,20,2,0,0,0,223044,0,2388070,false,false,0.15863595144116288
after,nasdaq,standard,558,20,3,1,1,30672,567103,0,5449427,true,false,0.05035089555710235
after,nasdaq,standard,559,20,2,0,0,0,432388,0,3497216,true,false,0.10010441216802882
after,nasdaq,standard,560,20,4,1,1,82705,762511,0,1788464,false,false,0.08541017933227903
after,nasdaq,standard,561,20,1,0,0,0,207130,0,8270609,true,false,0.11258485913412739
after,nasdaq,standard,562,20,4,2,2,191239,786365,0,3250144,true,false,0.11865859723776735
after,nasdaq,standard,563,20,0,0,0,0,0,0,1468343,false,false,0.15485754816977537
after,nasdaq,standard,564,20,1,0,0,0,73579,0,1367228,false,false,0.23045569483518755
after,nasdaq,standard,565,20,4,3,3,375566,1075897,0,6384404,true,false,0.0987945822566397
after,nasdaq,standard,566,20,2,0,0,0,165682,0,15361331,true,false,0.12431713428865505
after,nasdaq,standard,567,20,2,2,2,147544,270809,0,2340694,false,false,0.167123302728819
after,nasdaq,standard,568,20,2,0,0,0,296706,0,8346113,true,false,0.123814972224213
after,nasdaq,standard,569,20,1,0,0,0,108842,0,10495057,true,false,0.1478163434288598
after,nasdaq,standard,570,20,1,0,0,0,323291,0,1412274,false,false,0.21189827534573644
after,nasdaq,standard,571,20,4,0,0,0,654710,1,31546549,true,false,0.09121109515802511
after,nasdaq,standard,572,20,4,4,4,426666,666179,0,7127784,true,false,0.04587703480127435
after,nasdaq,standard,573,20,2,0,0,0,366793,0,9528787,true,false,0.10607708007937153
after,nasdaq,standard,574,20,2,0,0,0,289357,0,3645649,true,false,0.13966048185877383
after,nasdaq,standard,575,20,3,0,0,0,520584,0,9376651,true,false,0.13047843706999251
after,nasdaq,standard,576,20,2,1,1,99378,362004,0,887880,false,false,0.18424077131840122
after,nasdaq,standard,577,20,3,1,1,158639,600762,1,6839332,true,false,0.11728040005304811
after,nasdaq,standard,578,20,2,1,1,82670,248396,0,1420595,false,false,0.1718603998828523
after,nasdaq,standard,579,20,2,1,1,51614,364860,0,2088593,false,false,0.11817255115632555
after,nasdaq,standard,580,20,1,0,0,0,267369,0,5051406,true,false,0.09038513419480901
after,nasdaq,standard,581,20,3,3,3,307473,532076,0,1414438,false,false,0.11660050742689605
after,nasdaq,standard,582,20,2,1,1,12548,354587,0,2074070,false,false,0.28479059002190144
after,nasdaq,standard,583,20,3,1,1,146780,588009,0,2453757,false,false,0.09190980308390997
after,nasdaq,standard,584,20,2,1,1,60594,419694,0,2115746,false,false,0.16464899947301043
after,nasdaq,standard,585,20,5,1,1,28099,646476,0,6256388,true,false,0.11396878373044864
after,nasdaq,standard,586,20,3,0,0,0,455639,1,3661413,true,false,0.08655149854371415
after,nasdaq,standard,587,20,2,1,1,150292,430701,0,699246,false,false,0.16179188619507415
after,nasdaq,standard,588,20,4,2,2,202948,812579,0,5683763,true,false,0.13131263515026248
after,nasdaq,standard,589,20,4,2,2,188975,684514,0,2585911,false,false,0.09048604719784169
after,nasdaq,standard,590,20,3,0,0,0,336538,0,14204318,true,false,0.08537843504133005
after,nasdaq,standard,591,20,2,1,1,76553,450587,0,1371193,false,false,0.16640976655979342
after,nasdaq,standard,592,20,4,1,1,61874,640361,0,4154648,true,false,0.16100477013458905
after,nasdaq,standard,593,20,3,1,1,113317,576740,1,3697313,true,false,0.05494507980697536
after,nasdaq,standard,594,20,3,3,3,241465,523786,0,610530,false,false,0.14373033706547927
after,nasdaq,standard,595,20,2,0,0,0,212733,0,3795616,true,false,0.15923609247726972
after,nasdaq,standard,596,20,1,0,0,0,189011,0,35666623,true,false,0.09760532287153648
after,nasdaq,standard,597,20,3,1,1,77962,448188,0,1754251,false,false,0.10395511377975335
after,nasdaq,standard,598,20,2,0,0,0,374182,0,2435227,false,false,0.11482319471417293
after,nasdaq,standard,599,20,2,0,0,0,373133,0,6712483,true,false,0.11996810429756959
after,nasdaq,invest,0,20,2,2,2,318975,344214,0,2415756,false,false,0.03010456482423373
after,nasdaq,invest,1,20,2,2,2,329330,406624,0,7788037,true,false,0.026342006652298865
after,nasdaq,invest,2,20,2,2,2,416574,433703,0,5083798,true,false,0.025039283689331303
after,nasdaq,invest,3,20,2,2,2,383786,407216,0,1875729,false,false,0.020361699942106612
after,nasdaq,invest,4,20,1,1,1,52694,65194,0,2588060,false,false,0.02583229395738456
after,nasdaq,invest,5,20,2,2,2,190710,200865,0,2059714,false,false,0.02848623397300164
after,nasdaq,invest,6,20,3,3,3,314827,367327,0,991597,false,false,0.018239371416443387
after,nasdaq,invest,7,6,2,2,2,115352,165352,0,0,false,true,0.03333333333333333
after,nasdaq,invest,8,20,1,1,1,240182,254294,0,950264,false,false,0.03876649062610554
after,nasdaq,invest,9,20,2,2,2,397697,417654,0,2948283,false,false,0.018992836874091156
after,nasdaq,invest,10,20,2,2,2,236777,244937,0,1248398,false,false,0.04031436955339204
after,nasdaq,invest,11,20,3,3,3,482152,518234,0,346216,false,false,0.0679062123704349
after,nasdaq,invest,12,20,2,2,2,375633,400118,0,437942,false,false,0.026080512943956385
after,nasdaq,invest,13,20,2,2,2,275197,291337,0,4160780,true,false,0.026179848976569876
after,nasdaq,invest,14,20,2,2,2,197332,250586,0,1063429,false,false,0.04281137116392687
after,nasdaq,invest,15,20,1,1,1,200294,220201,0,1722133,false,false,0.025026336409085782
after,nasdaq,invest,16,20,3,3,3,429144,456353,0,895141,false,false,0.027544528636404404
after,nasdaq,invest,17,20,2,2,2,340441,347718,0,4957502,true,false,0.020911111987540344
after,nasdaq,invest,18,20,5,5,5,727520,817985,0,2635044,false,false,0.01728955448854318
after,nasdaq,invest,19,20,3,3,3,710153,742497,0,3847775,true,false,0.015997547443255305
after,nasdaq,invest,20,20,2,2,2,210440,221010,0,529094,false,false,0.054184631292499716
after,nasdaq,invest,21,20,4,3,3,411804,524321,0,4309579,true,false,0.02543371294476987
after,nasdaq,invest,22,20,4,4,4,539501,565850,0,877519,false,false,0.017367435388917232
after,nasdaq,invest,23,20,2,2,2,379692,403848,0,1606546,false,false,0.023942221552267405
after,nasdaq,invest,24,20,4,3,3,425084,581089,0,3194882,true,false,0.024743920439011333
after,nasdaq,invest,25,20,1,1,1,121750,125031,0,1443242,false,false,0.027581805397490472
after,nasdaq,invest,26,20,1,1,1,50156,53281,0,938719,false,false,0.07220334067983965
after,nasdaq,invest,27,20,1,1,1,71274,72680,0,981977,false,false,0.024988729740800637
after,nasdaq,invest,28,20,2,2,2,309916,328528,0,555077,false,false,0.022622896866975988
after,nasdaq,invest,29,20,2,2,2,320931,334811,0,2607168,false,false,0.02426047091282455
after,nasdaq,invest,30,20,1,1,1,119207,180909,0,3479320,true,false,0.023074587986362086
after,nasdaq,invest,31,20,2,2,2,295595,304331,0,2196819,false,false,0.02286066375511519
after,nasdaq,invest,32,20,4,4,4,610443,658355,0,159854,false,false,0.08754940654662786
after,nasdaq,invest,33,20,0,0,0,0,0,0,1434100,false,false,0.024717702224374805
after,nasdaq,invest,34,20,1,1,1,265072,276229,0,1308760,false,false,0.019771699790622824
after,nasdaq,invest,35,20,2,2,2,283017,298741,0,1952644,false,false,0.023625427249627594
after,nasdaq,invest,36,20,1,1,1,97237,100362,0,1900617,false,false,0.024210746435757272
after,nasdaq,invest,37,20,2,2,2,225140,235670,0,793486,false,false,0.02273395814913482
after,nasdaq,invest,38,20,4,4,4,698542,791980,0,2331164,false,false,0.02632063015831267
after,nasdaq,invest,39,20,2,2,2,370952,391968,0,728706,false,false,0.0594427024319828
after,nasdaq,invest,40,20,3,3,3,671155,739094,0,6154317,true,false,0.021547664350277728
after,nasdaq,invest,41,20,2,1,1,131363,215543,0,1683389,false,false,0.03235506674659068
after,nasdaq,invest,42,20,2,2,2,255748,297323,0,1173816,false,false,0.026692521404431912
after,nasdaq,invest,43,20,3,3,3,529024,562915,0,1700925,false,false,0.023826838054106538
after,nasdaq,invest,44,20,3,3,3,708184,743668,1,4065974,true,false,0.01605984895467053
after,nasdaq,invest,45,14,4,4,4,403221,415916,0,0,false,true,0.05026429310145248
after,nasdaq,invest,46,20,3,3,3,450168,471187,0,48156,false,false,0.08960655009025101
after,nasdaq,invest,47,20,3,3,3,356482,421152,0,968068,false,false,0.03087338423381622
after,nasdaq,invest,48,20,2,2,2,296374,306264,0,899795,false,false,0.030788773692421202
after,nasdaq,invest,49,20,3,3,3,429988,444749,0,157309,false,false,0.08040982708513197
after,nasdaq,invest,50,20,3,3,3,551701,591977,1,3316660,true,false,0.020212145433284902
after,nasdaq,invest,51,20,2,2,2,326387,371965,1,5533880,true,false,0.018767019173948962
after,nasdaq,invest,52,20,3,3,3,391695,468147,0,1097205,false,false,0.03409555734466978
after,nasdaq,invest,53,20,3,2,2,541272,694329,0,2130399,false,false,0.020239304344644916
after,nasdaq,invest,54,20,2,2,2,163272,175772,0,4444056,true,false,0.021018251782324582
after,nasdaq,invest,55,20,3,3,3,416198,432834,0,394007,false,false,0.07275937530365519
after,nasdaq,invest,56,20,2,2,2,271789,330184,0,4043290,true,false,0.018280935587769033
after,nasdaq,invest,57,20,0,0,0,0,0,0,1185069,false,false,0.04312849082690137
after,nasdaq,invest,58,20,3,3,3,441212,465668,0,1472276,false,false,0.027075163829497893
after,nasdaq,invest,59,20,2,2,2,210039,266752,0,5911090,true,false,0.0251004802128193
after,nasdaq,invest,60,20,4,4,4,400200,594058,0,7383160,true,false,0.025688591535265613
after,nasdaq,invest,61,20,5,4,4,471562,710140,0,5395783,true,false,0.02097329181164817
after,nasdaq,invest,62,20,1,1,1,136032,139157,0,2959696,false,false,0.030413436354645534
after,nasdaq,invest,63,20,1,1,1,157960,164838,0,1802146,false,false,0.04376795702738646
after,nasdaq,invest,64,20,2,2,2,298829,338671,0,13450909,true,false,0.025931563085410208
after,nasdaq,invest,65,20,4,4,4,587103,623109,1,2130255,false,false,0.03443515769779826
after,nasdaq,invest,66,20,1,1,1,141624,144957,0,1412894,false,false,0.026063031429631834
after,nasdaq,invest,67,13,3,3,3,179646,238965,0,0,false,true,0.19641485460380625
after,nasdaq,invest,68,20,2,2,2,401970,483454,0,5136669,true,false,0.02173904838673585
after,nasdaq,invest,69,20,3,3,3,580749,642120,0,1808003,false,false,0.027185054205363622
after,nasdaq,invest,70,20,2,2,2,297553,307254,0,1264121,false,false,0.03442248597927233
after,nasdaq,invest,71,20,5,5,5,536062,558908,0,914669,false,false,0.037867805340113456
after,nasdaq,invest,72,20,3,3,3,422441,470539,0,7113247,true,false,0.019219486319180877
after,nasdaq,invest,73,20,2,2,2,151029,163858,0,1177049,false,false,0.027272681931916527
after,nasdaq,invest,74,20,3,3,3,415939,489830,0,174927,false,false,0.03920210209188038
after,nasdaq,invest,75,20,2,2,2,201505,227311,0,1236734,false,false,0.03570786922172033
after,nasdaq,invest,76,20,3,3,3,477186,559367,0,2247134,false,false,0.02597150576126599
after,nasdaq,invest,77,20,3,3,3,407283,467080,0,2576821,false,false,0.02708364575994134
after,nasdaq,invest,78,20,1,1,1,158858,184055,0,6427029,true,false,0.018931364047332436
after,nasdaq,invest,79,20,2,2,2,223989,235641,0,249338,false,false,0.05741046993922129
after,nasdaq,invest,80,20,2,2,2,315598,356115,0,531678,false,false,0.05378442903210966
after,nasdaq,invest,81,20,4,4,4,641396,799472,0,5333716,true,false,0.018427012309009092
after,nasdaq,invest,82,20,3,2,2,402493,488684,0,278879,false,false,0.07176781079418125
after,nasdaq,invest,83,20,3,3,3,646730,692674,0,4546604,true,false,0.019500306032045507
after,nasdaq,invest,84,20,3,3,3,389872,434392,0,5969896,true,false,0.019860127321409578
after,nasdaq,invest,85,20,3,3,3,554319,581762,0,616964,false,false,0.041158722599711206
after,nasdaq,invest,86,20,2,2,2,309053,329948,0,2508209,false,false,0.023539665783605414
after,nasdaq,invest,87,20,2,2,2,250487,273170,0,1398088,false,false,0.029372064481230066
after,nasdaq,invest,88,20,2,2,2,233632,309627,0,8058315,true,false,0.01411541730225629
after,nasdaq,invest,89,20,2,2,2,309774,324680,0,1468617,false,false,0.03777566115921319
after,nasdaq,invest,90,20,2,2,2,192863,199328,0,4510224,true,false,0.03694963602837893
after,nasdaq,invest,91,20,2,2,2,210866,267116,0,1304027,false,false,0.040042545735310256
after,nasdaq,invest,92,20,3,3,3,326256,363246,0,563822,false,false,0.03510902894442539
after,nasdaq,invest,93,20,1,1,1,130534,133972,0,277765,false,false,0.05785782555039235
after,nasdaq,invest,94,20,3,3,3,523855,541278,0,1238946,false,false,0.02847547882929826
after,nasdaq,invest,95,20,1,1,1,6113,56113,0,6102891,true,false,0.016476193666229794
after,nasdaq,invest,96,20,1,1,1,63574,113574,0,1468302,false,false,0.03429753273644906
after,nasdaq,invest,97,20,2,2,2,399764,436165,0,3265328,true,false,0.02245538193233227
after,nasdaq,invest,98,20,3,3,3,504041,534457,0,447886,false,false,0.07007612692906597
after,nasdaq,invest,99,20,2,2,2,164755,224377,0,756922,false,false,0.03625326017870553
after,nasdaq,invest,100,20,4,4,4,738135,833775,0,2541791,false,false,0.027514432776776298
after,nasdaq,invest,101,20,4,4,4,823322,863168,0,1868419,false,false,0.019671211186216238
after,nasdaq,invest,102,20,3,3,3,473530,489465,0,561874,false,false,0.06817169240579747
after,nasdaq,invest,103,20,3,3,3,375599,405455,0,912875,false,false,0.02915786301036117
after,nasdaq,invest,104,20,3,3,3,560788,609182,0,2125700,false,false,0.02334710330768725
after,nasdaq,invest,105,20,4,3,3,510391,653009,0,2946264,false,false,0.02383076897695763
after,nasdaq,invest,106,20,2,2,2,301093,309557,0,1486864,false,false,0.03500765733865268
after,nasdaq,invest,107,20,2,2,2,365191,381451,0,983759,false,false,0.024461214562665163
after,nasdaq,invest,108,20,1,1,1,66639,116639,0,3112925,true,false,0.02047475141391447
after,nasdaq,invest,109,20,2,2,2,398965,423620,0,3488883,true,false,0.03708917416461536
after,nasdaq,invest,110,20,1,1,1,74405,101098,0,3980175,true,false,0.022170894286356945
after,nasdaq,invest,111,20,2,2,2,284335,302745,0,2123048,false,false,0.019887329900800742
after,nasdaq,invest,112,20,2,2,2,461144,486447,0,5157185,true,false,0.01419639054124216
after,nasdaq,invest,113,20,2,2,2,243984,262072,0,371759,false,false,0.06905186018659598
after,nasdaq,invest,114,20,3,3,3,538899,572060,0,4752597,true,false,0.01372942820057527
after,nasdaq,invest,115,20,1,1,1,113241,116561,0,302489,false,false,0.06787655549788033
after,nasdaq,invest,116,20,2,2,2,430041,449146,0,1330887,false,false,0.03357321608155573
after,nasdaq,invest,117,20,2,2,2,196329,249454,0,597563,false,false,0.03577709591459714
after,nasdaq,invest,118,12,3,3,3,306105,309109,0,0,false,true,0.02417438558147171
after,nasdaq,invest,119,20,2,2,2,202845,298901,0,12914334,true,false,0.02396621364917874
after,nasdaq,invest,120,20,2,2,2,321782,345656,0,2305499,false,false,0.03624813380805273
after,nasdaq,invest,121,20,2,2,2,329680,341201,1,3023446,true,false,0.019025821429050675
after,nasdaq,invest,122,20,3,3,3,509786,583674,0,7612024,true,false,0.01862043935559962
after,nasdaq,invest,123,20,1,1,1,173337,180316,0,596458,false,false,0.06485340908375227
after,nasdaq,invest,124,20,1,1,1,243481,254111,0,1231876,false,false,0.04535461543347058
after,nasdaq,invest,125,20,1,1,1,181881,211963,0,3460218,true,false,0.024686422991520764
after,nasdaq,invest,126,20,1,1,1,97749,100252,0,2274777,false,false,0.024247462281098413
after,nasdaq,invest,127,20,1,1,1,109423,110282,0,2599896,false,false,0.02634002679920703
after,nasdaq,invest,128,20,3,3,3,196581,250714,0,599538,false,false,0.03775227475883496
after,nasdaq,invest,129,20,2,2,2,274169,305128,0,145072,false,false,0.06719304091907105
after,nasdaq,invest,130,20,1,1,1,150397,166325,0,1873513,false,false,0.024401514664202515
after,nasdaq,invest,131,20,2,2,2,321130,335752,0,615231,false,false,0.025449788501517724
after,nasdaq,invest,132,20,2,2,2,359249,372862,0,450123,false,false,0.04097603300270898
after,nasdaq,invest,133,20,1,1,1,106711,114738,0,1703282,false,false,0.03892222467736444
after,nasdaq,invest,134,20,2,2,2,215863,225826,1,1209583,false,false,0.029838278274959662
after,nasdaq,invest,135,20,2,2,2,564973,647234,0,5225868,true,false,0.01646906661629419
after,nasdaq,invest,136,20,4,4,4,792352,840496,0,1002593,false,false,0.022415018741371483
after,nasdaq,invest,137,20,3,3,3,745946,840224,0,6539106,true,false,0.01849051151599595
after,nasdaq,invest,138,20,1,1,1,102854,225342,0,9146366,true,false,0.018293535633624017
after,nasdaq,invest,139,20,1,1,1,341486,349819,0,5511427,true,false,0.017008370350428344
after,nasdaq,invest,140,20,3,3,3,272582,407852,0,11643824,true,false,0.016280388115096946
after,nasdaq,invest,141,4,2,1,1,40712,174672,0,0,false,true,0.08670815192537147
after,nasdaq,invest,142,20,3,3,3,328575,331700,0,834080,false,false,0.01794623832589721
after,nasdaq,invest,143,20,2,2,2,314272,328488,0,789044,false,false,0.03104235960849261
after,nasdaq,invest,144,20,5,5,5,534391,604369,0,112749,false,false,0.061119762210395515
after,nasdaq,invest,145,20,2,2,2,338377,351209,1,11963050,true,false,0.01635612732711227
after,nasdaq,invest,146,20,3,3,3,523910,544768,0,2544035,false,false,0.029715457694391413
after,nasdaq,invest,147,20,3,3,3,385983,426842,0,2000525,false,false,0.01857236823690512
after,nasdaq,invest,148,20,5,5,5,644726,717799,0,726118,false,false,0.02052083064741266
after,nasdaq,invest,149,20,4,3,3,575803,670943,0,2440043,false,false,0.029446819040685475
after,nasdaq,invest,150,20,2,2,2,250978,259974,0,1229739,false,false,0.019075849992817116
after,nasdaq,invest,151,20,4,4,4,497218,533027,0,792984,false,false,0.039593971658332776
after,nasdaq,invest,152,20,1,1,1,152631,162238,0,480267,false,false,0.053634619359916424
after,nasdaq,invest,153,20,2,2,2,393832,401116,0,1941697,false,false,0.021274746993376958
after,nasdaq,invest,154,20,3,3,3,454652,583673,0,23664419,true,false,0.01781208886302052
after,nasdaq,invest,155,20,2,2,2,574078,610032,0,4408771,true,false,0.03696298043251105
after,nasdaq,invest,156,20,3,3,3,590424,670893,0,4156268,true,false,0.023961211368804462
after,nasdaq,invest,157,20,3,3,3,331928,353339,0,817320,false,false,0.054106324351238765
after,nasdaq,invest,158,20,4,4,4,667411,696723,0,721265,false,false,0.028580836454669672
after,nasdaq,invest,159,20,2,2,2,275047,281658,0,881216,false,false,0.04656314173002873
after,nasdaq,invest,160,20,3,3,3,352815,367586,1,515338,false,false,0.04284482680282837
after,nasdaq,invest,161,20,1,1,1,227686,234321,0,2057695,false,false,0.04066993747317797
after,nasdaq,invest,162,20,1,1,1,100495,105704,0,4503911,true,false,0.02937923432199451
after,nasdaq,invest,163,20,0,0,0,0,0,0,14830279,true,false,0.020049758374456293
after,nasdaq,invest,164,20,3,3,3,391273,405407,0,1821857,false,false,0.030925703605525396
after,nasdaq,invest,165,20,2,2,2,215618,255145,0,1094626,false,false,0.042410110611696195
after,nasdaq,invest,166,10,2,2,2,114206,120590,0,0,false,true,0.07561655321960144
after,nasdaq,invest,167,20,2,2,2,277609,286592,0,626489,false,false,0.030556769638115055
after,nasdaq,invest,168,20,2,2,2,463655,501961,0,9733998,true,false,0.020675742625467605
after,nasdaq,invest,169,20,2,2,2,485508,515098,0,2958654,false,false,0.03965065100911068
after,nasdaq,invest,170,20,3,2,2,308401,417610,0,3101047,true,false,0.02630692231185149
after,nasdaq,invest,171,20,1,1,1,240904,273587,0,5104999,true,false,0.026160722070690458
after,nasdaq,invest,172,20,1,1,1,235455,259891,0,5673906,true,false,0.025395957554000294
after,nasdaq,invest,173,20,2,2,2,191960,201318,0,807367,false,false,0.02864229865353638
after,nasdaq,invest,174,20,4,4,4,570858,616777,0,727383,false,false,0.02503681721055611
after,nasdaq,invest,175,20,3,3,3,473292,528572,0,278732,false,false,0.043910785297450745
after,nasdaq,invest,176,20,4,4,4,719675,745481,0,1404194,false,false,0.020818277319410976
after,nasdaq,invest,177,20,3,3,3,416012,451993,0,1495964,false,false,0.022376652518062236
after,nasdaq,invest,178,20,4,4,4,682001,694402,0,107844,false,false,0.04944656192319876
after,nasdaq,invest,179,17,4,4,4,550785,583670,0,0,false,true,0.05377693695281057
after,nasdaq,invest,180,20,2,2,2,526980,573441,0,3014828,true,false,0.020763236893330088
after,nasdaq,invest,181,20,3,3,3,601751,720071,0,9091508,true,false,0.015066844136970806
after,nasdaq,invest,182,20,2,2,2,432495,455834,0,6105684,true,false,0.015541697674179794
after,nasdaq,invest,183,20,3,3,3,374307,402976,0,1283116,false,false,0.032788476937953434
after,nasdaq,invest,184,19,4,4,4,363392,394730,0,0,false,true,0.1423532718128635
after,nasdaq,invest,185,20,3,3,3,524777,551675,0,4717760,true,false,0.017854283860300385
after,nasdaq,invest,186,20,3,3,3,580148,611003,0,621064,false,false,0.02902125232082689
after,nasdaq,invest,187,20,2,2,2,330197,350658,0,1951520,false,false,0.030033699973742965
after,nasdaq,invest,188,20,2,2,2,259639,318199,0,401492,false,false,0.04685651977839467
after,nasdaq,invest,189,20,3,3,3,424863,449511,1,1407471,false,false,0.04885218187829746
after,nasdaq,invest,190,20,3,3,3,556615,579506,0,1120715,false,false,0.030912113114960237
after,nasdaq,invest,191,20,3,3,3,572532,598195,0,934788,false,false,0.0255738145277305
after,nasdaq,invest,192,20,1,1,1,253207,259052,0,434100,false,false,0.026706793271538375
after,nasdaq,invest,193,20,3,3,3,387256,456243,0,1133695,false,false,0.021927953326855258
after,nasdaq,invest,194,20,2,2,2,423757,442938,0,1586104,false,false,0.04583034495874986
after,nasdaq,invest,195,20,3,3,3,417935,435394,0,932317,false,false,0.029164108662114708
after,nasdaq,invest,196,20,5,5,5,695572,749377,0,633210,false,false,0.04666622713095679
after,nasdaq,invest,197,20,3,3,3,312284,409574,0,9894851,true,false,0.014557185687402965
after,nasdaq,invest,198,7,1,1,1,115633,115721,0,0,false,true,0.043770311693858935
after,nasdaq,invest,199,20,4,4,4,272912,354568,0,385692,false,false,0.04624494320926473
after,nasdaq,invest,200,20,3,3,3,357927,371621,0,1927337,false,false,0.020832684412245374
after,nasdaq,invest,201,20,2,2,2,220004,252114,1,2210776,false,false,0.025226951515052005
after,nasdaq,invest,202,20,3,3,3,404780,489315,0,8808245,true,false,0.015543452633495635
after,nasdaq,invest,203,20,3,3,3,620612,656063,0,563409,false,false,0.05274439256178063
after,nasdaq,invest,204,20,1,1,1,70361,70556,0,1566512,false,false,0.022799753628142707
after,nasdaq,invest,205,20,2,2,2,276480,330699,0,3615038,true,false,0.022645568932947786
after,nasdaq,invest,206,20,2,2,2,291558,295795,0,2649415,false,false,0.018906804436732465
after,nasdaq,invest,207,20,4,4,4,733903,806611,0,3911902,true,false,0.02143661607201349
after,nasdaq,invest,208,20,2,2,2,125766,208289,0,13343929,true,false,0.02152144361681227
after,nasdaq,invest,209,20,1,1,1,187324,198175,0,3272232,true,false,0.02964788619499707
after,nasdaq,invest,210,20,2,2,2,399603,406281,0,262836,false,false,0.09649573481038118
after,nasdaq,invest,211,18,3,3,3,311769,330980,0,0,false,true,0.08683369251819198
after,nasdaq,invest,212,20,3,3,3,610192,643568,0,3483214,true,false,0.0334097591495985
after,nasdaq,invest,213,20,3,3,3,425906,443694,0,471561,false,false,0.051351009006832614
after,nasdaq,invest,214,20,5,5,5,669245,696783,0,1208619,false,false,0.030911705080064345
after,nasdaq,invest,215,20,2,2,2,301545,335131,0,4167273,true,false,0.030155829038161004
after,nasdaq,invest,216,20,3,3,3,298227,328895,1,410126,false,false,0.06859250790969099
after,nasdaq,invest,217,20,3,3,3,445123,484872,0,2946899,false,false,0.01912560088607878
after,nasdaq,invest,218,20,2,2,2,232401,248182,0,2781188,false,false,0.020826707176002976
after,nasdaq,invest,219,20,2,2,2,71863,128909,1,1009073,false,false,0.02938685361456465
after,nasdaq,invest,220,20,3,3,3,751673,843356,0,5073969,true,false,0.03129200595882038
after,nasdaq,invest,221,20,3,3,3,335475,361386,1,1729200,false,false,0.023488723330291734
after,nasdaq,invest,222,20,3,3,3,447115,526318,0,1557087,false,false,0.02457258828541412
after,nasdaq,invest,223,20,2,2,2,274354,337950,0,2750224,false,false,0.021538176864179335
after,nasdaq,invest,224,20,3,3,3,476080,514295,0,583904,false,false,0.028081081724866695
after,nasdaq,invest,225,20,3,3,3,468524,551668,0,9116605,true,false,0.03160432702608047
after,nasdaq,invest,226,20,2,2,2,200452,207976,0,5367521,true,false,0.021873592272920822
after,nasdaq,invest,227,20,3,3,3,454756,472490,0,1535321,false,false,0.026182318690079476
after,nasdaq,invest,228,20,1,1,1,258220,273552,0,1363758,false,false,0.03219101974728628
after,nasdaq,invest,229,20,3,3,3,317898,332586,0,362461,false,false,0.04883489505367273
after,nasdaq,invest,230,20,2,2,2,442829,452777,0,736019,false,false,0.025394535414141533
after,nasdaq,invest,231,20,3,3,3,548392,582658,0,2606331,false,false,0.03109851896130188
after,nasdaq,invest,232,20,4,4,4,770650,833326,0,877925,false,false,0.03144279300124828
after,nasdaq,invest,233,20,1,1,1,114901,120148,0,889465,false,false,0.0348663848739713
after,nasdaq,invest,234,20,2,2,2,226855,240761,0,1922862,false,false,0.019552764226193738
after,nasdaq,invest,235,20,3,3,3,369599,438173,0,796270,false,false,0.028488168014862297
after,nasdaq,invest,236,20,0,0,0,0,0,0,1218758,false,false,0.06393881664777583
after,nasdaq,invest,237,20,2,2,2,327876,348796,0,3183650,true,false,0.02035424657337991
after,nasdaq,invest,238,20,3,3,3,651948,664954,0,223397,false,false,0.03371062180805211
after,nasdaq,invest,239,20,1,1,1,114460,118770,0,360123,false,false,0.1139027398237467
after,nasdaq,invest,240,20,1,1,1,295829,318427,0,3605179,true,false,0.023848247109621475
after,nasdaq,invest,241,20,1,1,1,136869,151336,0,2430670,false,false,0.02347686252753608
after,nasdaq,invest,242,20,3,3,3,340838,380142,0,285075,false,false,0.07761359182704304
after,nasdaq,invest,243,20,4,4,4,722542,780053,0,961557,false,false,0.044893158017134255
after,nasdaq,invest,244,20,2,2,2,195364,248697,0,950937,false,false,0.024244538392035463
after,nasdaq,invest,245,20,3,3,3,571210,612903,0,3854070,true,false,0.030117828228636827
after,nasdaq,invest,246,20,2,2,2,319460,329828,0,857249,false,false,0.02973064598281508
after,nasdaq,invest,247,20,3,3,3,459079,484619,0,684600,false,false,0.058295388486122576
after,nasdaq,invest,248,20,1,1,1,233513,254115,0,2440943,false,false,0.02787983455263829
after,nasdaq,invest,249,20,4,4,4,555097,632926,1,1342941,false,false,0.03565607941916788
after,nasdaq,invest,250,20,2,2,2,322025,350156,0,2565323,false,false,0.030821399029197855
after,nasdaq,invest,251,20,6,6,6,742655,758196,0,0,false,true,0.10648692760862233
after,nasdaq,invest,252,20,3,3,3,303933,313308,0,487299,false,false,0.0379679051091879
after,nasdaq,invest,253,20,0,0,0,0,0,0,2260295,false,false,0.023378279936503592
after,nasdaq,invest,254,20,2,2,2,158086,180406,0,3982103,true,false,0.02186502092531164
after,nasdaq,invest,255,20,1,1,1,170252,186087,0,2664717,false,false,0.026080453484330895
after,nasdaq,invest,256,20,3,3,3,523548,561661,0,1822695,false,false,0.029314380570984545
after,nasdaq,invest,257,20,2,2,2,176832,236805,0,2192950,false,false,0.014433271562976089
after,nasdaq,invest,258,20,4,4,4,578176,627874,0,2340365,false,false,0.02948261782564699
after,nasdaq,invest,259,20,2,2,2,403303,464438,0,10521203,true,false,0.02437391422540364
after,nasdaq,invest,260,20,3,3,3,652236,688563,0,1138288,false,false,0.020891164038540678
after,nasdaq,invest,261,20,4,4,4,508092,534569,0,1006725,false,false,0.022562020356080636
after,nasdaq,invest,262,20,2,2,2,344370,375895,0,2259146,false,false,0.021289321025299485
after,nasdaq,invest,263,20,4,4,4,560991,579598,0,347962,false,false,0.037318047128794454
after,nasdaq,invest,264,20,2,2,2,294039,324773,0,610154,false,false,0.03384267859096525
after,nasdaq,invest,265,20,5,5,5,818627,855162,0,1133935,false,false,0.03036470786181361
after,nasdaq,invest,266,20,2,2,2,195678,218751,0,282149,false,false,0.045000396911593736
after,nasdaq,invest,267,20,3,3,3,449004,487038,0,1715143,false,false,0.025843717760266467
after,nasdaq,invest,268,20,3,3,3,270340,292005,0,27098653,true,false,0.01647197052296318
after,nasdaq,invest,269,20,4,4,4,810342,874743,0,4113129,true,false,0.018350189990027032
after,nasdaq,invest,270,20,3,2,2,139924,228895,0,5534260,true,false,0.02765972363916399
after,nasdaq,invest,271,20,2,2,2,162167,174667,0,2659777,false,false,0.02414132098088865
after,nasdaq,invest,272,20,1,1,1,154592,175733,0,3964872,true,false,0.02379694305139292
after,nasdaq,invest,273,20,3,3,3,333188,419833,0,2538514,false,false,0.022406871169024036
after,nasdaq,invest,274,20,1,1,1,115194,123062,0,965814,false,false,0.03468593750578117
after,nasdaq,invest,275,20,1,1,1,98212,111660,0,579320,false,false,0.08025650382710844
after,nasdaq,invest,276,20,3,3,3,628429,659125,0,1849390,false,false,0.01846599244577955
after,nasdaq,invest,277,20,3,3,3,281537,334503,0,746925,false,false,0.020695048099234965
after,nasdaq,invest,278,20,2,2,2,262996,295247,0,981974,false,false,0.024484721127243855
after,nasdaq,invest,279,20,3,3,3,641249,660369,0,3415193,true,false,0.02307659780675999
after,nasdaq,invest,280,20,3,3,3,355294,370794,0,389596,false,false,0.04402013811515881
after,nasdaq,invest,281,20,2,2,2,341113,392741,0,3576907,true,false,0.021764666779397625
after,nasdaq,invest,282,20,2,2,2,147137,159637,0,11473149,true,false,0.014493684310578903
after,nasdaq,invest,283,20,5,5,5,787553,817147,0,220478,false,false,0.04257423466749141
after,nasdaq,invest,284,20,3,3,3,187615,243240,0,282863,false,false,0.06938696836810075
after,nasdaq,invest,285,20,4,4,4,531893,578823,0,3058588,true,false,0.018077296823590685
after,nasdaq,invest,286,20,2,2,2,250476,276564,0,2538121,false,false,0.03950347221602783
after,nasdaq,invest,287,20,2,2,2,184048,199582,0,1161407,false,false,0.03124985201311421
after,nasdaq,invest,288,20,1,1,1,153007,159674,0,2784616,false,false,0.04182553631570325
after,nasdaq,invest,289,20,3,3,3,384734,419643,0,5196756,true,false,0.023306763178420845
after,nasdaq,invest,290,20,3,3,3,428490,462853,0,2354348,false,false,0.018819342909223876
after,nasdaq,invest,291,20,4,4,4,452851,518851,0,130420,false,false,0.0363767437029915
after,nasdaq,invest,292,20,3,3,3,335174,354994,0,86831,false,false,0.04331273221364339
after,nasdaq,invest,293,20,2,2,2,193899,227082,0,10775968,true,false,0.016892930451125297
after,nasdaq,invest,294,20,3,3,3,390705,464889,0,1959888,false,false,0.03260782480650389
after,nasdaq,invest,295,20,2,1,1,43563,148799,0,742760,false,false,0.04359412367328081
after,nasdaq,invest,296,20,4,4,4,565360,624445,1,2197990,false,false,0.01976218239331372
after,nasdaq,invest,297,20,2,2,2,240008,247244,0,920486,false,false,0.0529344803922895
after,nasdaq,invest,298,20,2,2,2,257259,273146,0,12669575,true,false,0.015955485979030116
after,nasdaq,invest,299,20,5,5,5,813484,831159,0,720544,false,false,0.028798401814450814
after,nasdaq,invest,300,20,2,2,2,254100,317676,0,811353,false,false,0.0362671936031049
after,nasdaq,invest,301,20,3,3,3,505351,530238,0,2715176,false,false,0.021525771782543234
after,nasdaq,invest,302,20,3,3,3,434426,468124,0,616206,false,false,0.027496861365442705
after,nasdaq,invest,303,20,3,3,3,348956,352299,0,597491,false,false,0.02793674700128
after,nasdaq,invest,304,20,2,2,2,393184,433322,1,10557383,true,false,0.018959515005352725
after,nasdaq,invest,305,20,2,2,2,294162,300617,0,10053944,true,false,0.017383568587906198
after,nasdaq,invest,306,20,1,1,1,48373,58552,0,3400245,true,false,0.022033450267923162
after,nasdaq,invest,307,20,2,2,2,172907,180852,0,1788445,false,false,0.01837132947849567
after,nasdaq,invest,308,20,5,5,5,636084,709411,0,1212215,false,false,0.03203951180162725
after,nasdaq,invest,309,20,4,4,4,781723,1003457,0,18885355,true,false,0.017835669194236507
after,nasdaq,invest,310,20,4,4,4,855216,880112,0,182516,false,false,0.024598124104475524
after,nasdaq,invest,311,20,2,2,2,304918,325609,0,675032,false,false,0.035113692049265136
after,nasdaq,invest,312,20,2,2,2,515592,540278,0,704639,false,false,0.025399533659434637
after,nasdaq,invest,313,20,3,3,3,357815,428514,0,2543639,false,false,0.02351914381926045
after,nasdaq,invest,314,20,3,3,3,369722,430946,0,1631419,false,false,0.02840252131181927
after,nasdaq,invest,315,20,0,0,0,0,0,0,1638624,false,false,0.025078096974221874
after,nasdaq,invest,316,20,2,2,2,594782,609780,0,3062097,true,false,0.022358158285055184
after,nasdaq,invest,317,20,2,2,2,302775,318884,0,626609,false,false,0.04814850093777951
after,nasdaq,invest,318,20,2,2,2,249913,256449,0,455709,false,false,0.07008469291393642
after,nasdaq,invest,319,20,2,2,2,274294,283854,0,1596192,false,false,0.023331633791092245
after,nasdaq,invest,320,20,4,4,4,557401,572957,0,558121,false,false,0.03680208988450307
after,nasdaq,invest,321,20,4,4,4,272497,356316,0,13134996,true,false,0.015912006617158553
after,nasdaq,invest,322,20,4,3,3,643851,842731,0,7524203,true,false,0.017474940442676532
after,nasdaq,invest,323,20,2,2,2,232875,243979,0,2240743,false,false,0.029063591111253728
after,nasdaq,invest,324,20,3,3,3,459716,518169,0,2544266,false,false,0.022886576563977724
after,nasdaq,invest,325,20,1,1,1,103765,103833,0,5474076,true,false,0.017347385609427297
after,nasdaq,invest,326,20,2,2,2,200766,211536,0,810283,false,false,0.060281934910740874
after,nasdaq,invest,327,20,1,1,1,177992,181312,0,912673,false,false,0.04088539068053297
after,nasdaq,invest,328,20,3,3,3,521579,542286,0,732286,false,false,0.03477688718499826
after,nasdaq,invest,329,20,2,2,2,321876,335111,0,1867371,false,false,0.03527613446272769
after,nasdaq,invest,330,20,2,2,2,397285,416737,0,1537165,false,false,0.03292653485336864
after,nasdaq,invest,331,20,2,2,2,304470,314954,0,196630,false,false,0.04360689833614293
after,nasdaq,invest,332,20,3,3,3,489627,513624,0,789377,false,false,0.04399007004248601
after,nasdaq,invest,333,20,1,1,1,97673,100798,0,1041373,false,false,0.03799240007562617
after,nasdaq,invest,334,20,3,3,3,688684,710337,0,1588709,false,false,0.03971038230348599
after,nasdaq,invest,335,20,4,4,4,724874,970951,0,6153555,true,false,0.019045486058837977
after,nasdaq,invest,336,20,1,1,1,121309,135119,0,4234195,true,false,0.02430990560884883
after,nasdaq,invest,337,20,3,3,3,393554,433059,0,927973,false,false,0.023175671339484914
after,nasdaq,invest,338,20,4,4,4,529860,576785,1,1419273,false,false,0.02569563024492786
after,nasdaq,invest,339,20,1,1,1,145854,173165,0,5302555,true,false,0.020792944615966293
after,nasdaq,invest,340,20,1,1,1,159026,168818,0,1068161,false,false,0.03486434352109268
after,nasdaq,invest,341,20,2,2,2,307568,325148,0,1582383,false,false,0.03494560108426419
after,nasdaq,invest,342,20,1,1,1,154313,161151,0,1459232,false,false,0.029878038578956247
after,nasdaq,invest,343,20,3,3,3,213227,310374,0,9477226,true,false,0.02582919560534964
after,nasdaq,invest,344,20,4,4,4,429353,548590,0,4922495,true,false,0.01944047195306581
after,nasdaq,invest,345,20,3,3,3,288516,312392,1,4200591,true,false,0.01714202253480408
after,nasdaq,invest,346,20,3,3,3,554670,577610,0,367527,false,false,0.025387470269451956
after,nasdaq,invest,347,20,4,3,3,364191,491071,0,1475777,false,false,0.02749117230876309
after,nasdaq,invest,348,20,4,4,4,568153,648843,0,78036,false,false,0.1434799851138986
after,nasdaq,invest,349,20,3,3,3,189277,254403,0,305034,false,false,0.030601749860692785
after,nasdaq,invest,350,20,3,3,3,534133,554000,0,1361783,false,false,0.029415700605418493
after,nasdaq,invest,351,20,2,2,2,284818,307031,0,1908516,false,false,0.04837872374986053
after,nasdaq,invest,352,20,4,4,4,437595,447625,0,563141,false,false,0.03157418231030029
after,nasdaq,invest,353,20,2,2,2,407577,496502,0,7878932,true,false,0.05821431666020623
after,nasdaq,invest,354,20,3,3,3,328568,339085,0,3349355,true,false,0.020724763181274856
after,nasdaq,invest,355,20,1,1,1,133098,136383,0,2372563,false,false,0.02380615063771815
after,nasdaq,invest,356,20,2,2,2,200205,205830,0,3120263,true,false,0.018010209926294367
after,nasdaq,invest,357,20,1,1,1,163819,191214,0,5183327,true,false,0.028243838136206935
after,nasdaq,invest,358,20,3,3,3,528348,556668,0,1535424,false,false,0.040474250177893314
after,nasdaq,invest,359,20,3,3,3,331707,344673,0,359549,false,false,0.05044741731889676
after,nasdaq,invest,360,20,3,3,3,599472,629790,0,2538830,false,false,0.025382785046869583
after,nasdaq,invest,361,20,5,5,5,725820,751621,0,854632,false,false,0.028754626780269577
after,nasdaq,invest,362,20,2,2,2,298309,345858,0,1074590,false,false,0.039340700666535534
after,nasdaq,invest,363,20,3,3,3,361520,386230,0,1633076,false,false,0.030927304062001837
after,nasdaq,invest,364,20,3,3,3,350250,388876,0,5400067,true,false,0.020049385469532895
after,nasdaq,invest,365,20,2,2,2,318465,357686,0,2180339,false,false,0.023932336954440078
after,nasdaq,invest,366,20,2,2,2,340415,368267,0,1262170,false,false,0.03799781113187774
after,nasdaq,invest,367,20,1,1,1,158640,168487,0,1978999,false,false,0.025721872188414884
after,nasdaq,invest,368,20,0,0,0,0,0,0,2261197,false,false,0.043801519198743775
after,nasdaq,invest,369,20,2,2,2,247138,257392,0,1460306,false,false,0.03384555125475506
after,nasdaq,invest,370,20,3,3,3,406297,492154,1,578376,false,false,0.03290444419898628
after,nasdaq,invest,371,20,2,2,2,267874,295085,1,1827435,false,false,0.025919742318205468
after,nasdaq,invest,372,20,2,2,2,353310,373395,0,416887,false,false,0.056824371369146545
after,nasdaq,invest,373,20,2,2,2,152476,231089,0,1622674,false,false,0.03213033074019767
after,nasdaq,invest,374,20,4,4,4,435605,459376,0,2099011,false,false,0.02033540501479008
after,nasdaq,invest,375,20,3,3,3,376685,480619,0,2103838,false,false,0.02572380846365352
after,nasdaq,invest,376,20,1,1,1,152467,169097,0,1789890,false,false,0.041081711637493454
after,nasdaq,invest,377,20,4,4,4,531817,554084,0,36727,false,false,0.15949124593545122
after,nasdaq,invest,378,20,2,2,2,437997,485447,0,1951370,false,false,0.022281454985195823
after,nasdaq,invest,379,20,3,2,2,430146,529304,0,10346953,true,false,0.029009489611393834
after,nasdaq,invest,380,14,3,3,3,326810,384433,0,0,false,true,0.03227876571679235
after,nasdaq,invest,381,20,2,2,2,260840,292264,0,3090592,true,false,0.027230949621409185
after,nasdaq,invest,382,20,3,3,3,600756,658478,1,7201675,true,false,0.031223353707358587
after,nasdaq,invest,383,20,2,2,2,309256,330067,0,1610093,false,false,0.026479105870101632
after,nasdaq,invest,384,20,2,2,2,95070,156321,0,608834,false,false,0.044601851891493426
after,nasdaq,invest,385,20,1,1,1,353480,367961,0,1148778,false,false,0.04209791481469602
after,nasdaq,invest,386,20,1,1,1,133632,161113,0,11709018,true,false,0.016666961096979883
after,nasdaq,invest,387,20,2,2,2,297413,315421,0,5252553,true,false,0.02923496811680565
after,nasdaq,invest,388,20,2,2,2,123985,176485,0,686127,false,false,0.04925903678196568
after,nasdaq,invest,389,20,2,2,2,317547,357243,0,1078322,false,false,0.03995402063749194
after,nasdaq,invest,390,20,2,2,2,301020,310785,0,330027,false,false,0.02523596879175676
after,nasdaq,invest,391,20,3,3,3,821480,881710,0,5259604,true,false,0.021892226502514944
after,nasdaq,invest,392,20,2,2,2,319761,323982,0,145619,false,false,0.09342890267686696
after,nasdaq,invest,393,20,4,4,4,387259,426247,0,282964,false,false,0.07411057982967287
after,nasdaq,invest,394,20,2,2,2,366661,437186,0,9317025,true,false,0.031110130658186998
after,nasdaq,invest,395,20,1,1,1,200179,208617,0,496571,false,false,0.04634391707751427
after,nasdaq,invest,396,20,1,1,1,114788,120664,0,271183,false,false,0.20331978479141016
after,nasdaq,invest,397,20,3,3,3,525063,546071,0,1366971,false,false,0.03044426364931057
after,nasdaq,invest,398,20,4,4,4,757266,793511,0,1663924,false,false,0.02832970620627832
after,nasdaq,invest,399,20,3,3,3,401787,423860,0,649742,false,false,0.029602832929439427
after,nasdaq,invest,400,20,2,2,2,167552,313817,0,9550153,true,false,0.03421135377630033
after,nasdaq,invest,401,20,3,2,2,401341,480317,0,4361002,true,false,0.029038746193698523
after,nasdaq,invest,402,20,3,3,3,299330,313735,0,157113,false,false,0.06054616631471642
after,nasdaq,invest,403,20,3,3,3,527318,564105,0,7198639,true,false,0.015789850951127973
after,nasdaq,invest,404,20,2,2,2,337881,385027,0,964914,false,false,0.04816894404390139
after,nasdaq,invest,405,20,2,2,2,189238,193066,0,613695,false,false,0.049717872773345065
after,nasdaq,invest,406,20,4,4,4,503556,549307,1,5569673,true,false,0.01749011660252261
after,nasdaq,invest,407,20,4,4,4,422338,482205,0,1349443,false,false,0.02061764231224033
after,nasdaq,invest,408,20,2,2,2,223033,229215,0,1206410,false,false,0.022297616067952934
after,nasdaq,invest,409,20,1,1,1,82106,94606,0,2416035,false,false,0.032377606305792554
after,nasdaq,invest,410,20,3,3,3,334640,398019,0,1178458,false,false,0.020075139592656336
after,nasdaq,invest,411,20,2,2,2,409977,427453,0,1633212,false,false,0.02359401228793242
after,nasdaq,invest,412,20,1,1,1,123334,130386,0,3136852,true,false,0.01856554048745806
after,nasdaq,invest,413,20,3,3,3,391575,415930,0,863795,false,false,0.023100796254916015
after,nasdaq,invest,414,20,1,1,1,146874,157246,0,10706990,true,false,0.022236837584575102
after,nasdaq,invest,415,20,3,3,3,398040,479218,0,7922480,true,false,0.021771039668125935
after,nasdaq,invest,416,20,1,1,1,40469,52969,0,2162580,false,false,0.032882114914455925
after,nasdaq,invest,417,20,4,4,4,388565,438106,0,989178,false,false,0.0353492678401555
after,nasdaq,invest,418,20,3,3,3,542284,569552,0,2939576,false,false,0.01830157516058146
after,nasdaq,invest,419,20,2,2,2,333708,349364,0,347514,false,false,0.07939734430401459
after,nasdaq,invest,420,20,5,5,5,868591,924376,0,952529,false,false,0.02080255099523296
after,nasdaq,invest,421,20,4,4,4,460586,483398,0,235273,false,false,0.05533721928247516
after,nasdaq,invest,422,20,4,4,4,263812,319642,0,288041,false,false,0.08158420202345669
after,nasdaq,invest,423,12,3,3,3,314680,317058,0,0,false,true,0.028805191966214574
after,nasdaq,invest,424,20,4,4,4,669950,691750,0,185449,false,false,0.03456152496132565
after,nasdaq,invest,425,20,2,1,1,126303,276730,0,945451,false,false,0.043990733857217384
after,nasdaq,invest,426,20,2,2,2,401979,453875,0,10797177,true,false,0.02257965874800417
after,nasdaq,invest,427,20,1,1,1,34677,84677,0,848319,false,false,0.03801015142973689
after,nasdaq,invest,428,20,1,1,1,18273,68273,0,4490827,true,false,0.015075373207832038
after,nasdaq,invest,429,20,2,2,2,306625,326511,0,811741,false,false,0.03987216057161651
after,nasdaq,invest,430,20,3,3,3,320824,376241,0,1300441,false,false,0.02683723378626609
after,nasdaq,invest,431,20,4,4,4,467637,515627,0,998693,false,false,0.03405796862454893
after,nasdaq,invest,432,20,2,2,2,362316,395215,0,1122905,false,false,0.02960493094578267
after,nasdaq,invest,433,20,1,1,1,204143,232511,0,4811351,true,false,0.025900839218149552
after,nasdaq,invest,434,20,3,3,3,349402,411297,0,1313874,false,false,0.026815331753933358
after,nasdaq,invest,435,20,1,1,1,205568,212234,0,3276935,true,false,0.04408166982524129
after,nasdaq,invest,436,20,3,3,3,499085,523488,0,237047,false,false,0.03263108801840156
after,nasdaq,invest,437,20,1,1,1,178461,185485,0,786538,false,false,0.04973411818596451
after,nasdaq,invest,438,20,2,2,2,400079,436083,0,1506305,false,false,0.02342596536023403
after,nasdaq,invest,439,20,4,4,4,789752,816694,0,7359870,true,false,0.01809066542078494
after,nasdaq,invest,440,20,3,3,3,522192,550078,0,1367822,false,false,0.0381181868559132
after,nasdaq,invest,441,20,3,3,3,406482,433913,0,2849853,false,false,0.032837325150814514
after,nasdaq,invest,442,20,2,2,2,256754,341878,0,448582,false,false,0.04556951443380573
after,nasdaq,invest,443,20,3,3,3,371395,412221,0,235786,false,false,0.07143529402964849
after,nasdaq,invest,444,20,4,4,4,470999,534235,0,603371,false,false,0.053491596080532555
after,nasdaq,invest,445,20,1,1,1,107748,111041,0,2323397,false,false,0.028920640905179505
after,nasdaq,invest,446,16,4,4,4,410011,435179,0,0,false,true,0.0474600750830555
after,nasdaq,invest,447,20,1,1,1,114070,117120,0,467798,false,false,0.04203493432301986
after,nasdaq,invest,448,20,3,3,3,362394,435793,0,702830,false,false,0.022685909591798288
after,nasdaq,invest,449,20,4,4,4,467759,486059,0,273665,false,false,0.07349493608807257
after,nasdaq,invest,450,20,2,2,2,280334,300792,0,1011704,false,false,0.043705811459875205
after,nasdaq,invest,451,20,2,2,2,186525,271715,0,2391384,false,false,0.021476305423538254
after,nasdaq,invest,452,20,2,2,2,160331,222185,0,2044083,false,false,0.02112751892551907
after,nasdaq,invest,453,20,2,2,2,365515,384448,0,2675543,false,false,0.023964013164733074
after,nasdaq,invest,454,20,1,1,1,56504,59941,0,1892254,false,false,0.031893297672578355
after,nasdaq,invest,455,20,4,4,4,603945,680176,0,3862928,true,false,0.01202595485691806
after,nasdaq,invest,456,20,2,2,2,412367,464778,0,5117007,true,false,0.026832727725966066
after,nasdaq,invest,457,20,3,3,3,613830,636786,0,1610788,false,false,0.019623199052089264
after,nasdaq,invest,458,20,4,4,4,369367,435108,0,1214596,false,false,0.017224760927390604
after,nasdaq,invest,459,20,1,1,1,94008,97133,0,1108150,false,false,0.04191777759535494
after,nasdaq,invest,460,20,1,1,1,169426,173606,1,3899698,true,false,0.0187532399771819
after,nasdaq,invest,461,20,5,5,5,689189,761055,0,1018126,false,false,0.022777604514213796
after,nasdaq,invest,462,20,3,3,3,500330,556670,0,4807474,true,false,0.019430269634634588
after,nasdaq,invest,463,20,2,2,2,252511,278249,0,764672,false,false,0.06142059747844305
after,nasdaq,invest,464,20,2,2,2,351916,378457,0,786947,false,false,0.04422092371137351
after,nasdaq,invest,465,20,2,1,1,154194,272366,0,2124224,false,false,0.02646321628568657
after,nasdaq,invest,466,20,2,2,2,256019,267246,0,779739,false,false,0.035907274203555176
after,nasdaq,invest,467,20,1,1,1,171865,177697,0,1084729,false,false,0.02838284918785902
after,nasdaq,invest,468,20,2,2,2,451307,478272,0,1515860,false,false,0.027898569874633884
after,nasdaq,invest,469,20,3,3,3,238315,290620,0,1031186,false,false,0.02165353105695145
after,nasdaq,invest,470,20,2,2,2,232421,238046,0,2650241,false,false,0.019138401054336653
after,nasdaq,invest,471,20,3,3,3,474429,505674,0,161640,false,false,0.053368434929701
after,nasdaq,invest,472,20,3,3,3,253993,316771,0,864468,false,false,0.03426061368651096
after,nasdaq,invest,473,20,1,1,1,169979,179631,0,2524002,false,false,0.02481902174665396
after,nasdaq,invest,474,20,3,3,3,594437,709283,0,2308957,false,false,0.03308978565121717
after,nasdaq,invest,475,20,2,2,2,385067,411392,0,461457,false,false,0.048129977109077494
after,nasdaq,invest,476,20,3,3,3,372569,433847,0,4189710,true,false,0.029488835139413257
after,nasdaq,invest,477,20,2,2,2,213613,239394,0,3528475,true,false,0.04083351272015815
after,nasdaq,invest,478,15,2,2,2,24363,84786,0,0,false,true,0.020893217732261847
after,nasdaq,invest,479,20,2,2,2,210877,240711,0,1429316,false,false,0.027727769369201995
after,nasdaq,invest,480,20,2,2,2,301521,323754,0,7183148,true,false,0.016445705556380114
after,nasdaq,invest,481,20,2,2,2,595818,612044,0,1614473,false,false,0.017946430434622247
after,nasdaq,invest,482,20,4,4,4,677735,745828,1,2365171,false,false,0.020854762613638573
after,nasdaq,invest,483,20,2,2,2,178562,232527,0,2014728,false,false,0.02665681045306515
after,nasdaq,invest,484,20,2,2,2,218798,252175,0,3322411,true,false,0.022930287526251914
after,nasdaq,invest,485,20,2,1,1,169563,243878,0,8009542,true,false,0.028577743515628647
after,nasdaq,invest,486,20,3,3,3,368451,388757,0,654240,false,false,0.07879038850048162
after,nasdaq,invest,487,20,0,0,0,0,0,0,2380529,false,false,0.022622517460539456
after,nasdaq,invest,488,20,4,4,4,488388,523929,0,1898517,false,false,0.03459423469796865
after,nasdaq,invest,489,20,3,3,3,459894,486951,0,6895966,true,false,0.019073511895009006
after,nasdaq,invest,490,20,5,5,5,748362,858887,0,920024,false,false,0.025175790213138337
after,nasdaq,invest,491,20,4,4,4,311128,380652,1,728069,false,false,0.025089589265905654
after,nasdaq,invest,492,20,5,5,5,580833,672222,1,1356803,false,false,0.023803618576853643
after,nasdaq,invest,493,20,4,4,4,640817,678416,0,336287,false,false,0.04438868432326869
after,nasdaq,invest,494,20,2,1,1,337878,468235,0,2082978,false,false,0.029876422328746776
after,nasdaq,invest,495,20,2,2,2,225552,230239,0,384725,false,false,0.08040303080285527
after,nasdaq,invest,496,20,3,3,3,602102,655603,1,5130892,true,false,0.01653871715148072
after,nasdaq,invest,497,20,3,3,3,605739,666906,0,2269141,false,false,0.02895907143056728
after,nasdaq,invest,498,20,4,4,4,623247,668778,0,2993848,false,false,0.022359837480541947
after,nasdaq,invest,499,20,2,2,2,307638,326778,0,1219428,false,false,0.03142730653894173
after,nasdaq,invest,500,20,2,2,2,216785,230207,0,386432,false,false,0.09798325109346259
after,nasdaq,invest,501,20,3,3,3,397726,480700,0,4020514,true,false,0.015984282516273606
after,nasdaq,invest,502,20,5,5,5,814072,861423,0,2380489,false,false,0.01597336734609879
after,nasdaq,invest,503,20,2,2,2,199436,289910,0,9056849,true,false,0.031907038803669414
after,nasdaq,invest,504,20,4,4,4,506935,547390,0,701309,false,false,0.03250091194391097
after,nasdaq,invest,505,20,2,2,2,394224,416406,0,6162959,true,false,0.015259492951730878
after,nasdaq,invest,506,20,2,2,2,413798,440121,0,1775155,false,false,0.03200188527703755
after,nasdaq,invest,507,20,3,3,3,533111,542642,1,9036816,true,false,0.01680179097804845
after,nasdaq,invest,508,20,4,4,4,622431,636278,0,1981123,false,false,0.01762691465260053
after,nasdaq,invest,509,20,1,1,1,174839,185448,0,1116216,false,false,0.026172188769772897
after,nasdaq,invest,510,20,1,1,1,147714,158615,0,3270479,true,false,0.024668921317867985
after,nasdaq,invest,511,20,2,2,2,309867,334329,0,1359290,false,false,0.033921204282260115
after,nasdaq,invest,512,20,3,3,3,512648,590811,0,3963767,true,false,0.01985652430602098
after,nasdaq,invest,513,20,4,4,4,686058,723976,0,1132391,false,false,0.022852135965540196
after,nasdaq,invest,514,20,1,1,1,19509,69509,0,1244669,false,false,0.03132066024325369
after,nasdaq,invest,515,20,3,3,3,544742,563865,0,1144419,false,false,0.022812069286885017
after,nasdaq,invest,516,20,2,2,2,239331,255581,0,1762221,false,false,0.029928821687382572
after,nasdaq,invest,517,20,2,2,2,180026,187106,0,1085850,false,false,0.03585828708186727
after,nasdaq,invest,518,20,2,2,2,384193,396765,0,316203,false,false,0.0582827590640065
after,nasdaq,invest,519,20,2,2,2,252295,268251,0,2657873,false,false,0.024961281531156756
after,nasdaq,invest,520,20,3,2,2,262899,320052,0,211890,false,false,0.08754406206024502
after,nasdaq,invest,521,20,2,2,2,258405,309087,0,3854250,true,false,0.027655106510005373
after,nasdaq,invest,522,20,4,4,4,505177,530702,0,614727,false,false,0.034617595958401054
after,nasdaq,invest,523,20,2,2,2,172830,189588,0,1879244,false,false,0.020123939307573436
after,nasdaq,invest,524,20,3,3,3,403990,422271,0,1229337,false,false,0.03400409724973584
after,nasdaq,invest,525,20,0,0,0,0,0,0,432124,false,false,0.07400022725275654
after,nasdaq,invest,526,17,4,4,4,461000,477966,0,0,false,true,0.08877818313259242
after,nasdaq,invest,527,20,3,3,3,626188,684793,0,4335455,true,false,0.016302675596276607
after,nasdaq,invest,528,20,1,1,1,74341,75650,0,205749,false,false,0.07221503664537413
after,nasdaq,invest,529,20,3,3,3,625673,651684,0,1626152,false,false,0.030332109414042314
after,nasdaq,invest,530,20,5,5,5,614668,672007,0,543848,false,false,0.044003972277101455
after,nasdaq,invest,531,20,2,2,2,425271,441208,0,4622572,true,false,0.0158189545707483
after,nasdaq,invest,532,20,2,2,2,212139,216723,0,441641,false,false,0.01933283738611462
after,nasdaq,invest,533,20,1,1,1,76990,80271,0,2492383,false,false,0.027799609954033223
after,nasdaq,invest,534,20,4,4,4,827707,920591,0,2897934,false,false,0.02190131902210451
after,nasdaq,invest,535,20,3,3,3,419778,459001,0,1610017,false,false,0.01947522077237701
after,nasdaq,invest,536,20,1,1,1,124832,176044,0,2413861,false,false,0.028364475562755447
after,nasdaq,invest,537,20,2,2,2,263045,284657,0,5733631,true,false,0.03371970069959131
after,nasdaq,invest,538,20,2,2,2,310114,324932,0,3708936,true,false,0.02549533960042466
after,nasdaq,invest,539,20,1,1,1,110250,121695,0,14006678,true,false,0.019591076171344108
after,nasdaq,invest,540,20,4,4,4,447509,505430,0,1291201,false,false,0.04090048742466857
after,nasdaq,invest,541,20,3,3,3,432791,494302,0,7271959,true,false,0.015413744957936074
after,nasdaq,invest,542,20,3,3,3,270730,330527,0,568447,false,false,0.022838753983823505
after,nasdaq,invest,543,20,5,5,5,633322,715676,0,1011549,false,false,0.02197999126765695
after,nasdaq,invest,544,20,0,0,0,0,0,0,1610795,false,false,0.02319796610176695
after,nasdaq,invest,545,20,2,2,2,209392,219998,0,704619,false,false,0.0469836033563263
after,nasdaq,invest,546,20,0,0,0,0,0,0,594830,false,false,0.041884121897688184
after,nasdaq,invest,547,20,3,3,3,517178,535373,0,1636427,false,false,0.024173341133977545
after,nasdaq,invest,548,20,3,3,3,503199,537609,1,4081399,true,false,0.015452845442686842
after,nasdaq,invest,549,20,3,3,3,413112,438620,0,626684,false,false,0.027762835811821977
after,nasdaq,invest,550,20,2,2,2,163426,224688,0,1632492,false,false,0.026520176958745496
after,nasdaq,invest,551,20,1,1,1,63603,76103,0,1152430,false,false,0.041591282733607154
after,nasdaq,invest,552,20,2,2,2,363849,370462,0,5675967,true,false,0.01988140095258125
after,nasdaq,invest,553,20,4,3,3,716570,810750,0,3264000,true,false,0.029459098125978373
after,nasdaq,invest,554,20,3,3,3,428003,454609,0,1682419,false,false,0.022200904717222386
after,nasdaq,invest,555,20,3,3,3,542645,572052,1,1683778,false,false,0.026858362937292435
after,nasdaq,invest,556,20,1,1,1,218445,242575,0,5515224,true,false,0.0172646284462984
after,nasdaq,invest,557,20,2,2,2,179614,189714,0,523043,false,false,0.05405849428430631
after,nasdaq,invest,558,20,3,3,3,483230,510295,0,356578,false,false,0.04083336645048885
after,nasdaq,invest,559,20,2,2,2,405530,422863,0,2731025,false,false,0.020063277291597133
after,nasdaq,invest,560,20,4,4,4,727716,750828,0,2125450,false,false,0.020422471319368203
after,nasdaq,invest,561,20,1,1,1,180033,200039,0,2767757,false,false,0.035206025171432155
after,nasdaq,invest,562,20,4,4,4,706860,745227,0,1696617,false,false,0.025386831175750125
after,nasdaq,invest,563,20,0,0,0,0,0,0,1060476,false,false,0.0299019435202293
after,nasdaq,invest,564,20,1,1,1,24448,74448,0,444528,false,false,0.08080805403085509
after,nasdaq,invest,565,20,4,4,4,949628,996630,0,1764041,false,false,0.03376081849223902
after,nasdaq,invest,566,20,2,2,2,142481,153262,0,4424492,true,false,0.018734633026408657
after,nasdaq,invest,567,20,2,2,2,226960,232584,0,518816,false,false,0.07106380028375747
after,nasdaq,invest,568,20,2,2,2,269346,281878,0,3365243,true,false,0.024243119275265446
after,nasdaq,invest,569,20,1,1,1,105046,108171,0,6023731,true,false,0.024301871543845586
after,nasdaq,invest,570,20,1,1,1,288735,311704,0,883547,false,false,0.03143469453939583
after,nasdaq,invest,571,20,4,4,4,619491,652499,1,13370261,true,false,0.019805869044535084
after,nasdaq,invest,572,8,2,2,2,206866,219366,0,0,false,true,0.05607230075405661
after,nasdaq,invest,573,20,2,2,2,309915,331872,0,2585954,false,false,0.029170148038706066
after,nasdaq,invest,574,20,2,2,2,213591,274075,0,1668770,false,false,0.019706308019581977
after,nasdaq,invest,575,20,3,3,3,447266,477629,0,2549695,false,false,0.021778249092698612
after,nasdaq,invest,576,20,2,2,2,315166,336350,0,396976,false,false,0.03915621571720182
after,nasdaq,invest,577,20,3,3,3,408731,426035,1,1622898,false,false,0.041945716026756355
after,nasdaq,invest,578,20,2,2,2,179997,235803,0,580969,false,false,0.041302026282394586
after,nasdaq,invest,579,20,2,2,2,339902,353552,0,1421989,false,false,0.019718014714698133
after,nasdaq,invest,580,20,1,1,1,223601,233104,0,1465551,false,false,0.03323120474779556
after,nasdaq,invest,581,20,3,3,3,449512,461790,0,199724,false,false,0.06153315425747199
after,nasdaq,invest,582,20,2,2,2,306983,348469,0,1671809,false,false,0.04241069677314321
after,nasdaq,invest,583,20,3,3,3,532563,562026,0,1681575,false,false,0.025822208292987692
after,nasdaq,invest,584,20,2,2,2,313918,323788,0,158767,false,false,0.07445967140496522
after,nasdaq,invest,585,20,5,5,5,534416,625060,0,3017411,true,false,0.019674413850716797
after,nasdaq,invest,586,20,3,2,2,319288,416737,1,3147820,true,false,0.02266490701735351
after,nasdaq,invest,587,20,2,2,2,346708,407662,0,525213,false,false,0.026615460254903484
after,nasdaq,invest,588,20,4,4,4,645183,673412,0,618950,false,false,0.05107509747845279
after,nasdaq,invest,589,20,4,4,4,583951,628107,0,1144908,false,false,0.04352488837646447
after,nasdaq,invest,590,20,3,3,3,261541,324666,0,4445736,true,false,0.016187600074646594
after,nasdaq,invest,591,20,2,2,2,390157,405633,0,480098,false,false,0.03315965884277103
after,nasdaq,invest,592,20,4,4,4,566208,588932,0,1606789,false,false,0.030501495425182972
after,nasdaq,invest,593,20,3,3,3,436708,474341,1,1564188,false,false,0.021397169128589848
after,nasdaq,invest,594,20,3,3,3,463388,490388,0,256109,false,false,0.06850225608960138
after,nasdaq,invest,595,20,2,2,2,180061,196623,0,1458868,false,false,0.053251968206248536
after,nasdaq,invest,596,20,1,1,1,161374,189011,0,15735058,true,false,0.025999533585588992
after,nasdaq,invest,597,20,3,3,3,422888,440583,0,962766,false,false,0.02458624175934208
after,nasdaq,invest,598,20,2,2,2,298780,311187,0,475328,false,false,0.030935929406065356
after,nasdaq,invest,599,20,2,2,2,333870,358382,0,2865802,false,false,0.02199955903328228
